2025-05-07 12:14:54,006 - __main__ - INFO - Django configured successfully with settings module: birds_nest.settings
2025-05-07 12:15:25,581 - __main__ - INFO - Django configured successfully with settings module: birds_nest.settings
2025-05-07 12:23:05,545 - __main__ - INFO - Django configured successfully with settings module: birds_nest.settings
2025-05-07 12:23:52,320 - __main__ - INFO - Django configured successfully with settings module: birds_nest.settings
2025-05-07 12:26:47,959 - __main__ - INFO - Django configured successfully with settings module: birds_nest.settings
2025-05-07 12:28:19,724 - __main__ - INFO - Django configured successfully with settings module: birds_nest.settings
2025-05-07 12:29:01,446 - __main__ - INFO - Django configured successfully with settings module: birds_nest.settings
2025-05-07 12:29:39,780 - __main__ - INFO - Django configured successfully with settings module: birds_nest.settings
2025-05-07 12:30:09,508 - __main__ - INFO - Django configured successfully with settings module: birds_nest.settings
2025-05-07 12:34:09,890 - __main__ - INFO - Django configured successfully with settings module: birds_nest.settings
2025-05-07 12:34:19,182 - __main__ - INFO - Django configured successfully with settings module: birds_nest.settings
2025-05-07 12:35:55,583 - __main__ - INFO - Django configured successfully with settings module: birds_nest.settings
2025-05-07 12:37:47,832 - __main__ - INFO - Django configured successfully with settings module: birds_nest.settings
2025-05-07 12:37:58,623 - __main__ - INFO - rolc_id: INSTRMNT
2025-05-07 12:37:58,623 - __main__ - INFO - cube_structure_item: CUBE_STRUCTURE_ITEM object (7103)
2025-05-07 12:37:58,629 - __main__ - INFO - cube_structure_item: CUBE_STRUCTURE_ITEM object (7104)
2025-05-07 12:37:58,634 - __main__ - INFO - cube_structure_item: CUBE_STRUCTURE_ITEM object (7105)
2025-05-07 12:37:58,639 - __main__ - INFO - cube_structure_item: CUBE_STRUCTURE_ITEM object (7106)
2025-05-07 12:37:58,644 - __main__ - INFO - cube_structure_item: CUBE_STRUCTURE_ITEM object (7107)
2025-05-07 12:37:58,653 - __main__ - INFO - cube_structure_item: CUBE_STRUCTURE_ITEM object (7108)
2025-05-07 12:37:58,665 - __main__ - INFO - cube_structure_item: CUBE_STRUCTURE_ITEM object (7109)
2025-05-07 12:37:58,677 - __main__ - INFO - cube_structure_item: CUBE_STRUCTURE_ITEM object (7110)
2025-05-07 12:37:58,685 - __main__ - INFO - cube_structure_item: CUBE_STRUCTURE_ITEM object (7111)
2025-05-07 12:37:58,691 - __main__ - INFO - cube_structure_item: CUBE_STRUCTURE_ITEM object (7112)
2025-05-07 12:37:58,696 - __main__ - INFO - cube_structure_item: CUBE_STRUCTURE_ITEM object (7113)
2025-05-07 12:37:58,702 - __main__ - INFO - cube_structure_item: CUBE_STRUCTURE_ITEM object (7114)
2025-05-07 12:37:58,708 - __main__ - INFO - cube_structure_item: CUBE_STRUCTURE_ITEM object (7115)
2025-05-07 12:37:58,713 - __main__ - INFO - cube_structure_item: CUBE_STRUCTURE_ITEM object (7116)
2025-05-07 12:37:58,722 - __main__ - INFO - cube_structure_item: CUBE_STRUCTURE_ITEM object (7117)
2025-05-07 12:37:58,729 - __main__ - INFO - cube_structure_item: CUBE_STRUCTURE_ITEM object (7118)
2025-05-07 12:37:58,734 - __main__ - INFO - cube_structure_item: CUBE_STRUCTURE_ITEM object (7119)
2025-05-07 12:37:58,741 - __main__ - INFO - cube_structure_item: CUBE_STRUCTURE_ITEM object (7120)
2025-05-07 12:37:58,746 - __main__ - INFO - cube_structure_item: CUBE_STRUCTURE_ITEM object (7121)
2025-05-07 12:37:58,751 - __main__ - INFO - cube_structure_item: CUBE_STRUCTURE_ITEM object (7122)
2025-05-07 12:37:58,765 - __main__ - INFO - cube_structure_item: CUBE_STRUCTURE_ITEM object (7123)
2025-05-07 12:37:58,770 - __main__ - INFO - cube_structure_item: CUBE_STRUCTURE_ITEM object (7124)
2025-05-07 12:37:58,776 - __main__ - INFO - cube_structure_item: CUBE_STRUCTURE_ITEM object (7125)
2025-05-07 12:37:58,781 - __main__ - INFO - cube_structure_item: CUBE_STRUCTURE_ITEM object (7126)
2025-05-07 12:37:58,793 - __main__ - INFO - cube_structure_item: CUBE_STRUCTURE_ITEM object (7127)
2025-05-07 12:37:58,804 - __main__ - INFO - cube_structure_item: CUBE_STRUCTURE_ITEM object (7128)
2025-05-07 12:37:58,809 - __main__ - INFO - cube_structure_item: CUBE_STRUCTURE_ITEM object (7129)
2025-05-07 12:37:58,815 - __main__ - INFO - cube_structure_item: CUBE_STRUCTURE_ITEM object (7130)
2025-05-07 12:37:58,828 - __main__ - INFO - cube_structure_item: CUBE_STRUCTURE_ITEM object (7131)
2025-05-07 12:37:58,839 - __main__ - INFO - cube_structure_item: CUBE_STRUCTURE_ITEM object (7132)
2025-05-07 12:37:58,848 - __main__ - INFO - cube_structure_item: CUBE_STRUCTURE_ITEM object (7133)
2025-05-07 12:37:58,859 - __main__ - INFO - cube_structure_item: CUBE_STRUCTURE_ITEM object (7134)
2025-05-07 12:37:58,864 - __main__ - INFO - cube_structure_item: CUBE_STRUCTURE_ITEM object (7135)
2025-05-07 12:37:58,870 - __main__ - INFO - cube_structure_item: CUBE_STRUCTURE_ITEM object (7136)
2025-05-07 12:37:58,875 - __main__ - INFO - cube_structure_item: CUBE_STRUCTURE_ITEM object (7137)
2025-05-07 12:37:58,881 - __main__ - INFO - cube_structure_item: CUBE_STRUCTURE_ITEM object (7138)
2025-05-07 12:37:58,888 - __main__ - INFO - rolc_id: INSTRMNT_RL
2025-05-07 12:37:58,889 - __main__ - INFO - cube_structure_item: CUBE_STRUCTURE_ITEM object (7207)
2025-05-07 12:37:58,895 - __main__ - INFO - cube_structure_item: CUBE_STRUCTURE_ITEM object (7208)
2025-05-07 12:37:58,901 - __main__ - INFO - cube_structure_item: CUBE_STRUCTURE_ITEM object (7209)
2025-05-07 12:37:58,908 - __main__ - INFO - cube_structure_item: CUBE_STRUCTURE_ITEM object (7210)
2025-05-07 12:37:58,915 - __main__ - INFO - cube_structure_item: CUBE_STRUCTURE_ITEM object (7211)
2025-05-07 12:37:58,921 - __main__ - INFO - cube_structure_item: CUBE_STRUCTURE_ITEM object (7212)
2025-05-07 12:37:58,926 - __main__ - INFO - cube_structure_item: CUBE_STRUCTURE_ITEM object (7213)
2025-05-07 12:37:58,932 - __main__ - INFO - cube_structure_item: CUBE_STRUCTURE_ITEM object (7214)
2025-05-07 12:37:58,937 - __main__ - INFO - cube_structure_item: CUBE_STRUCTURE_ITEM object (7215)
2025-05-07 12:37:58,942 - __main__ - INFO - cube_structure_item: CUBE_STRUCTURE_ITEM object (7216)
2025-05-07 12:37:58,951 - __main__ - INFO - cube_structure_item: CUBE_STRUCTURE_ITEM object (7217)
2025-05-07 12:37:58,959 - __main__ - INFO - cube_structure_item: CUBE_STRUCTURE_ITEM object (7218)
2025-05-07 12:37:58,976 - __main__ - INFO - cube_structure_item: CUBE_STRUCTURE_ITEM object (7219)
2025-05-07 12:37:58,989 - __main__ - INFO - cube_structure_item: CUBE_STRUCTURE_ITEM object (7220)
2025-05-07 12:37:58,995 - __main__ - INFO - cube_structure_item: CUBE_STRUCTURE_ITEM object (7221)
2025-05-07 12:37:58,999 - __main__ - INFO - cube_structure_item: CUBE_STRUCTURE_ITEM object (7222)
2025-05-07 12:37:59,004 - __main__ - INFO - cube_structure_item: CUBE_STRUCTURE_ITEM object (7223)
2025-05-07 12:37:59,009 - __main__ - INFO - cube_structure_item: CUBE_STRUCTURE_ITEM object (7224)
2025-05-07 12:37:59,014 - __main__ - INFO - cube_structure_item: CUBE_STRUCTURE_ITEM object (7225)
2025-05-07 12:37:59,019 - __main__ - INFO - cube_structure_item: CUBE_STRUCTURE_ITEM object (7226)
2025-05-07 12:37:59,024 - __main__ - INFO - cube_structure_item: CUBE_STRUCTURE_ITEM object (7227)
2025-05-07 12:37:59,029 - __main__ - INFO - cube_structure_item: CUBE_STRUCTURE_ITEM object (7228)
2025-05-07 12:37:59,035 - __main__ - INFO - cube_structure_item: CUBE_STRUCTURE_ITEM object (7229)
2025-05-07 12:37:59,041 - __main__ - INFO - cube_structure_item: CUBE_STRUCTURE_ITEM object (7230)
2025-05-07 12:37:59,046 - __main__ - INFO - cube_structure_item: CUBE_STRUCTURE_ITEM object (7231)
2025-05-07 12:37:59,050 - __main__ - INFO - cube_structure_item: CUBE_STRUCTURE_ITEM object (7232)
2025-05-07 12:37:59,055 - __main__ - INFO - cube_structure_item: CUBE_STRUCTURE_ITEM object (7233)
2025-05-07 12:37:59,061 - __main__ - INFO - cube_structure_item: CUBE_STRUCTURE_ITEM object (7234)
2025-05-07 12:37:59,067 - __main__ - INFO - cube_structure_item: CUBE_STRUCTURE_ITEM object (7235)
2025-05-07 12:37:59,071 - __main__ - INFO - cube_structure_item: CUBE_STRUCTURE_ITEM object (7236)
2025-05-07 12:37:59,076 - __main__ - INFO - cube_structure_item: CUBE_STRUCTURE_ITEM object (7237)
2025-05-07 12:37:59,082 - __main__ - INFO - cube_structure_item: CUBE_STRUCTURE_ITEM object (7238)
2025-05-07 12:37:59,087 - __main__ - INFO - cube_structure_item: CUBE_STRUCTURE_ITEM object (7239)
2025-05-07 12:37:59,092 - __main__ - INFO - cube_structure_item: CUBE_STRUCTURE_ITEM object (7240)
2025-05-07 12:37:59,098 - __main__ - INFO - cube_structure_item: CUBE_STRUCTURE_ITEM object (7241)
2025-05-07 12:37:59,109 - __main__ - INFO - cube_structure_item: CUBE_STRUCTURE_ITEM object (7242)
2025-05-07 12:37:59,118 - __main__ - INFO - cube_structure_item: CUBE_STRUCTURE_ITEM object (7243)
2025-05-07 12:37:59,122 - __main__ - INFO - cube_structure_item: CUBE_STRUCTURE_ITEM object (7244)
2025-05-07 12:37:59,127 - __main__ - INFO - cube_structure_item: CUBE_STRUCTURE_ITEM object (7245)
2025-05-07 12:37:59,131 - __main__ - INFO - cube_structure_item: CUBE_STRUCTURE_ITEM object (7246)
2025-05-07 12:37:59,136 - __main__ - INFO - cube_structure_item: CUBE_STRUCTURE_ITEM object (7247)
2025-05-07 12:37:59,141 - __main__ - INFO - cube_structure_item: CUBE_STRUCTURE_ITEM object (7248)
2025-05-07 12:37:59,146 - __main__ - INFO - cube_structure_item: CUBE_STRUCTURE_ITEM object (7249)
2025-05-07 12:37:59,152 - __main__ - INFO - cube_structure_item: CUBE_STRUCTURE_ITEM object (7250)
2025-05-07 12:37:59,157 - __main__ - INFO - cube_structure_item: CUBE_STRUCTURE_ITEM object (7251)
2025-05-07 12:37:59,162 - __main__ - INFO - cube_structure_item: CUBE_STRUCTURE_ITEM object (7252)
2025-05-07 12:37:59,167 - __main__ - INFO - cube_structure_item: CUBE_STRUCTURE_ITEM object (7253)
2025-05-07 12:37:59,171 - __main__ - INFO - cube_structure_item: CUBE_STRUCTURE_ITEM object (7254)
2025-05-07 12:37:59,176 - __main__ - INFO - cube_structure_item: CUBE_STRUCTURE_ITEM object (7255)
2025-05-07 12:37:59,180 - __main__ - INFO - cube_structure_item: CUBE_STRUCTURE_ITEM object (7256)
2025-05-07 12:37:59,185 - __main__ - INFO - cube_structure_item: CUBE_STRUCTURE_ITEM object (7257)
2025-05-07 12:37:59,189 - __main__ - INFO - cube_structure_item: CUBE_STRUCTURE_ITEM object (7258)
2025-05-07 12:37:59,193 - __main__ - INFO - cube_structure_item: CUBE_STRUCTURE_ITEM object (7259)
2025-05-07 12:37:59,198 - __main__ - INFO - cube_structure_item: CUBE_STRUCTURE_ITEM object (7260)
2025-05-07 12:37:59,205 - __main__ - INFO - cube_structure_item: CUBE_STRUCTURE_ITEM object (7261)
2025-05-07 12:37:59,211 - __main__ - INFO - cube_structure_item: CUBE_STRUCTURE_ITEM object (7262)
2025-05-07 12:37:59,216 - __main__ - INFO - cube_structure_item: CUBE_STRUCTURE_ITEM object (7263)
2025-05-07 12:37:59,220 - __main__ - INFO - cube_structure_item: CUBE_STRUCTURE_ITEM object (7264)
2025-05-07 12:37:59,227 - __main__ - INFO - cube_structure_item: CUBE_STRUCTURE_ITEM object (7265)
2025-05-07 12:37:59,233 - __main__ - INFO - cube_structure_item: CUBE_STRUCTURE_ITEM object (7266)
2025-05-07 12:37:59,239 - __main__ - INFO - cube_structure_item: CUBE_STRUCTURE_ITEM object (7267)
2025-05-07 12:37:59,245 - __main__ - INFO - cube_structure_item: CUBE_STRUCTURE_ITEM object (7268)
2025-05-07 12:37:59,251 - __main__ - INFO - cube_structure_item: CUBE_STRUCTURE_ITEM object (7269)
2025-05-07 12:37:59,255 - __main__ - INFO - cube_structure_item: CUBE_STRUCTURE_ITEM object (7270)
2025-05-07 12:37:59,260 - __main__ - INFO - cube_structure_item: CUBE_STRUCTURE_ITEM object (7271)
2025-05-07 12:37:59,266 - __main__ - INFO - cube_structure_item: CUBE_STRUCTURE_ITEM object (7272)
2025-05-07 12:37:59,270 - __main__ - INFO - cube_structure_item: CUBE_STRUCTURE_ITEM object (7273)
2025-05-07 12:37:59,274 - __main__ - INFO - cube_structure_item: CUBE_STRUCTURE_ITEM object (7274)
2025-05-07 12:37:59,279 - __main__ - INFO - cube_structure_item: CUBE_STRUCTURE_ITEM object (7275)
2025-05-07 12:37:59,283 - __main__ - INFO - cube_structure_item: CUBE_STRUCTURE_ITEM object (7276)
2025-05-07 12:37:59,287 - __main__ - INFO - cube_structure_item: CUBE_STRUCTURE_ITEM object (7277)
2025-05-07 12:37:59,291 - __main__ - INFO - cube_structure_item: CUBE_STRUCTURE_ITEM object (7278)
2025-05-07 12:37:59,295 - __main__ - INFO - cube_structure_item: CUBE_STRUCTURE_ITEM object (7279)
2025-05-07 12:37:59,299 - __main__ - INFO - cube_structure_item: CUBE_STRUCTURE_ITEM object (7280)
2025-05-07 12:37:59,302 - __main__ - INFO - cube_structure_item: CUBE_STRUCTURE_ITEM object (7281)
2025-05-07 12:37:59,306 - __main__ - INFO - cube_structure_item: CUBE_STRUCTURE_ITEM object (7282)
2025-05-07 12:37:59,310 - __main__ - INFO - cube_structure_item: CUBE_STRUCTURE_ITEM object (7283)
2025-05-07 12:37:59,314 - __main__ - INFO - cube_structure_item: CUBE_STRUCTURE_ITEM object (7284)
2025-05-07 12:37:59,319 - __main__ - INFO - cube_structure_item: CUBE_STRUCTURE_ITEM object (7285)
2025-05-07 12:37:59,324 - __main__ - INFO - cube_structure_item: CUBE_STRUCTURE_ITEM object (7286)
2025-05-07 12:37:59,329 - __main__ - INFO - cube_structure_item: CUBE_STRUCTURE_ITEM object (7287)
2025-05-07 12:37:59,334 - __main__ - INFO - cube_structure_item: CUBE_STRUCTURE_ITEM object (7288)
2025-05-07 12:37:59,343 - __main__ - INFO - cube_structure_item: CUBE_STRUCTURE_ITEM object (7289)
2025-05-07 12:37:59,347 - __main__ - INFO - cube_structure_item: CUBE_STRUCTURE_ITEM object (7290)
2025-05-07 12:37:59,359 - __main__ - INFO - cube_structure_item: CUBE_STRUCTURE_ITEM object (7291)
2025-05-07 12:37:59,367 - __main__ - INFO - cube_structure_item: CUBE_STRUCTURE_ITEM object (7292)
2025-05-07 12:37:59,374 - __main__ - INFO - cube_structure_item: CUBE_STRUCTURE_ITEM object (7293)
2025-05-07 12:37:59,385 - __main__ - INFO - cube_structure_item: CUBE_STRUCTURE_ITEM object (7294)
2025-05-07 12:37:59,391 - __main__ - INFO - cube_structure_item: CUBE_STRUCTURE_ITEM object (7295)
2025-05-07 12:37:59,398 - __main__ - INFO - cube_structure_item: CUBE_STRUCTURE_ITEM object (7296)
2025-05-07 12:37:59,403 - __main__ - INFO - cube_structure_item: CUBE_STRUCTURE_ITEM object (7297)
2025-05-07 12:37:59,412 - __main__ - INFO - cube_structure_item: CUBE_STRUCTURE_ITEM object (7298)
2025-05-07 12:37:59,424 - __main__ - INFO - cube_structure_item: CUBE_STRUCTURE_ITEM object (7299)
2025-05-07 12:37:59,431 - __main__ - INFO - cube_structure_item: CUBE_STRUCTURE_ITEM object (7300)
2025-05-07 12:37:59,436 - __main__ - INFO - cube_structure_item: CUBE_STRUCTURE_ITEM object (7301)
2025-05-07 12:37:59,442 - __main__ - INFO - cube_structure_item: CUBE_STRUCTURE_ITEM object (7302)
2025-05-07 12:37:59,448 - __main__ - INFO - cube_structure_item: CUBE_STRUCTURE_ITEM object (7303)
2025-05-07 12:37:59,455 - __main__ - INFO - cube_structure_item: CUBE_STRUCTURE_ITEM object (7103)
2025-05-07 12:37:59,456 - __main__ - INFO - cube_structure_item: CUBE_STRUCTURE_ITEM object (7104)
2025-05-07 12:37:59,457 - __main__ - INFO - cube_structure_item: CUBE_STRUCTURE_ITEM object (7105)
2025-05-07 12:37:59,458 - __main__ - INFO - cube_structure_item: CUBE_STRUCTURE_ITEM object (7106)
2025-05-07 12:37:59,458 - __main__ - INFO - cube_structure_item: CUBE_STRUCTURE_ITEM object (7107)
2025-05-07 12:37:59,459 - __main__ - INFO - cube_structure_item: CUBE_STRUCTURE_ITEM object (7108)
2025-05-07 12:37:59,460 - __main__ - INFO - cube_structure_item: CUBE_STRUCTURE_ITEM object (7109)
2025-05-07 12:37:59,461 - __main__ - INFO - cube_structure_item: CUBE_STRUCTURE_ITEM object (7110)
2025-05-07 12:37:59,461 - __main__ - INFO - cube_structure_item: CUBE_STRUCTURE_ITEM object (7111)
2025-05-07 12:37:59,462 - __main__ - INFO - cube_structure_item: CUBE_STRUCTURE_ITEM object (7112)
2025-05-07 12:37:59,462 - __main__ - INFO - cube_structure_item: CUBE_STRUCTURE_ITEM object (7113)
2025-05-07 12:37:59,462 - __main__ - INFO - cube_structure_item: CUBE_STRUCTURE_ITEM object (7114)
2025-05-07 12:37:59,463 - __main__ - INFO - cube_structure_item: CUBE_STRUCTURE_ITEM object (7115)
2025-05-07 12:37:59,463 - __main__ - INFO - cube_structure_item: CUBE_STRUCTURE_ITEM object (7116)
2025-05-07 12:37:59,464 - __main__ - INFO - cube_structure_item: CUBE_STRUCTURE_ITEM object (7117)
2025-05-07 12:37:59,465 - __main__ - INFO - cube_structure_item: CUBE_STRUCTURE_ITEM object (7118)
2025-05-07 12:37:59,465 - __main__ - INFO - cube_structure_item: CUBE_STRUCTURE_ITEM object (7119)
2025-05-07 12:37:59,466 - __main__ - INFO - cube_structure_item: CUBE_STRUCTURE_ITEM object (7120)
2025-05-07 12:37:59,466 - __main__ - INFO - cube_structure_item: CUBE_STRUCTURE_ITEM object (7121)
2025-05-07 12:37:59,466 - __main__ - INFO - cube_structure_item: CUBE_STRUCTURE_ITEM object (7122)
2025-05-07 12:37:59,466 - __main__ - INFO - cube_structure_item: CUBE_STRUCTURE_ITEM object (7123)
2025-05-07 12:37:59,466 - __main__ - INFO - cube_structure_item: CUBE_STRUCTURE_ITEM object (7124)
2025-05-07 12:37:59,467 - __main__ - INFO - cube_structure_item: CUBE_STRUCTURE_ITEM object (7125)
2025-05-07 12:37:59,467 - __main__ - INFO - cube_structure_item: CUBE_STRUCTURE_ITEM object (7126)
2025-05-07 12:37:59,467 - __main__ - INFO - cube_structure_item: CUBE_STRUCTURE_ITEM object (7127)
2025-05-07 12:37:59,467 - __main__ - INFO - cube_structure_item: CUBE_STRUCTURE_ITEM object (7128)
2025-05-07 12:37:59,467 - __main__ - INFO - cube_structure_item: CUBE_STRUCTURE_ITEM object (7129)
2025-05-07 12:37:59,468 - __main__ - INFO - cube_structure_item: CUBE_STRUCTURE_ITEM object (7130)
2025-05-07 12:37:59,468 - __main__ - INFO - cube_structure_item: CUBE_STRUCTURE_ITEM object (7131)
2025-05-07 12:37:59,468 - __main__ - INFO - cube_structure_item: CUBE_STRUCTURE_ITEM object (7132)
2025-05-07 12:37:59,468 - __main__ - INFO - cube_structure_item: CUBE_STRUCTURE_ITEM object (7133)
2025-05-07 12:37:59,469 - __main__ - INFO - cube_structure_item: CUBE_STRUCTURE_ITEM object (7134)
2025-05-07 12:37:59,469 - __main__ - INFO - cube_structure_item: CUBE_STRUCTURE_ITEM object (7135)
2025-05-07 12:37:59,469 - __main__ - INFO - cube_structure_item: CUBE_STRUCTURE_ITEM object (7136)
2025-05-07 12:37:59,469 - __main__ - INFO - cube_structure_item: CUBE_STRUCTURE_ITEM object (7137)
2025-05-07 12:37:59,469 - __main__ - INFO - cube_structure_item: CUBE_STRUCTURE_ITEM object (7138)
2025-05-07 12:37:59,470 - __main__ - INFO - cube_structure_item: CUBE_STRUCTURE_ITEM object (7103)
2025-05-07 12:37:59,470 - __main__ - INFO - cube_structure_item: CUBE_STRUCTURE_ITEM object (7104)
2025-05-07 12:37:59,470 - __main__ - INFO - cube_structure_item: CUBE_STRUCTURE_ITEM object (7105)
2025-05-07 12:37:59,470 - __main__ - INFO - cube_structure_item: CUBE_STRUCTURE_ITEM object (7106)
2025-05-07 12:37:59,470 - __main__ - INFO - cube_structure_item: CUBE_STRUCTURE_ITEM object (7107)
2025-05-07 12:37:59,471 - __main__ - INFO - cube_structure_item: CUBE_STRUCTURE_ITEM object (7108)
2025-05-07 12:37:59,471 - __main__ - INFO - cube_structure_item: CUBE_STRUCTURE_ITEM object (7109)
2025-05-07 12:37:59,471 - __main__ - INFO - cube_structure_item: CUBE_STRUCTURE_ITEM object (7110)
2025-05-07 12:37:59,471 - __main__ - INFO - cube_structure_item: CUBE_STRUCTURE_ITEM object (7111)
2025-05-07 12:37:59,472 - __main__ - INFO - cube_structure_item: CUBE_STRUCTURE_ITEM object (7112)
2025-05-07 12:37:59,472 - __main__ - INFO - cube_structure_item: CUBE_STRUCTURE_ITEM object (7113)
2025-05-07 12:37:59,472 - __main__ - INFO - cube_structure_item: CUBE_STRUCTURE_ITEM object (7114)
2025-05-07 12:37:59,472 - __main__ - INFO - cube_structure_item: CUBE_STRUCTURE_ITEM object (7115)
2025-05-07 12:37:59,472 - __main__ - INFO - cube_structure_item: CUBE_STRUCTURE_ITEM object (7116)
2025-05-07 12:37:59,473 - __main__ - INFO - cube_structure_item: CUBE_STRUCTURE_ITEM object (7117)
2025-05-07 12:37:59,473 - __main__ - INFO - cube_structure_item: CUBE_STRUCTURE_ITEM object (7118)
2025-05-07 12:37:59,473 - __main__ - INFO - cube_structure_item: CUBE_STRUCTURE_ITEM object (7119)
2025-05-07 12:37:59,473 - __main__ - INFO - cube_structure_item: CUBE_STRUCTURE_ITEM object (7120)
2025-05-07 12:37:59,474 - __main__ - INFO - cube_structure_item: CUBE_STRUCTURE_ITEM object (7121)
2025-05-07 12:37:59,474 - __main__ - INFO - cube_structure_item: CUBE_STRUCTURE_ITEM object (7122)
2025-05-07 12:37:59,474 - __main__ - INFO - cube_structure_item: CUBE_STRUCTURE_ITEM object (7123)
2025-05-07 12:37:59,474 - __main__ - INFO - cube_structure_item: CUBE_STRUCTURE_ITEM object (7124)
2025-05-07 12:37:59,474 - __main__ - INFO - cube_structure_item: CUBE_STRUCTURE_ITEM object (7125)
2025-05-07 12:37:59,475 - __main__ - INFO - cube_structure_item: CUBE_STRUCTURE_ITEM object (7126)
2025-05-07 12:37:59,475 - __main__ - INFO - cube_structure_item: CUBE_STRUCTURE_ITEM object (7127)
2025-05-07 12:37:59,475 - __main__ - INFO - cube_structure_item: CUBE_STRUCTURE_ITEM object (7128)
2025-05-07 12:37:59,475 - __main__ - INFO - cube_structure_item: CUBE_STRUCTURE_ITEM object (7129)
2025-05-07 12:37:59,475 - __main__ - INFO - cube_structure_item: CUBE_STRUCTURE_ITEM object (7130)
2025-05-07 12:37:59,476 - __main__ - INFO - cube_structure_item: CUBE_STRUCTURE_ITEM object (7131)
2025-05-07 12:37:59,476 - __main__ - INFO - cube_structure_item: CUBE_STRUCTURE_ITEM object (7132)
2025-05-07 12:37:59,476 - __main__ - INFO - cube_structure_item: CUBE_STRUCTURE_ITEM object (7133)
2025-05-07 12:37:59,476 - __main__ - INFO - cube_structure_item: CUBE_STRUCTURE_ITEM object (7134)
2025-05-07 12:37:59,476 - __main__ - INFO - cube_structure_item: CUBE_STRUCTURE_ITEM object (7135)
2025-05-07 12:37:59,477 - __main__ - INFO - cube_structure_item: CUBE_STRUCTURE_ITEM object (7136)
2025-05-07 12:37:59,477 - __main__ - INFO - cube_structure_item: CUBE_STRUCTURE_ITEM object (7137)
2025-05-07 12:37:59,477 - __main__ - INFO - cube_structure_item: CUBE_STRUCTURE_ITEM object (7138)
2025-05-07 12:37:59,478 - __main__ - INFO - {'INSTRMNT:Loans and advances': [<CUBE_LINK: CUBE_LINK object (ANCRDT_INSTRMNT_C_1:Loans and advances:INSTRMNT)>], 'INSTRMNT_RL:Loans and advances': [<CUBE_LINK: CUBE_LINK object (ANCRDT_INSTRMNT_C_1:Loans and advances:INSTRMNT_RL)>]}
2025-05-07 12:37:59,513 - __main__ - INFO - cube_structure_item: CUBE_STRUCTURE_ITEM object (7207)
2025-05-07 12:37:59,513 - __main__ - INFO - cube_structure_item: CUBE_STRUCTURE_ITEM object (7208)
2025-05-07 12:37:59,514 - __main__ - INFO - cube_structure_item: CUBE_STRUCTURE_ITEM object (7209)
2025-05-07 12:37:59,514 - __main__ - INFO - cube_structure_item: CUBE_STRUCTURE_ITEM object (7210)
2025-05-07 12:37:59,515 - __main__ - INFO - cube_structure_item: CUBE_STRUCTURE_ITEM object (7211)
2025-05-07 12:37:59,515 - __main__ - INFO - cube_structure_item: CUBE_STRUCTURE_ITEM object (7212)
2025-05-07 12:37:59,515 - __main__ - INFO - cube_structure_item: CUBE_STRUCTURE_ITEM object (7213)
2025-05-07 12:37:59,516 - __main__ - INFO - cube_structure_item: CUBE_STRUCTURE_ITEM object (7214)
2025-05-07 12:37:59,516 - __main__ - INFO - cube_structure_item: CUBE_STRUCTURE_ITEM object (7215)
2025-05-07 12:37:59,516 - __main__ - INFO - cube_structure_item: CUBE_STRUCTURE_ITEM object (7216)
2025-05-07 12:37:59,516 - __main__ - INFO - cube_structure_item: CUBE_STRUCTURE_ITEM object (7217)
2025-05-07 12:37:59,517 - __main__ - INFO - cube_structure_item: CUBE_STRUCTURE_ITEM object (7218)
2025-05-07 12:37:59,517 - __main__ - INFO - cube_structure_item: CUBE_STRUCTURE_ITEM object (7219)
2025-05-07 12:37:59,517 - __main__ - INFO - cube_structure_item: CUBE_STRUCTURE_ITEM object (7220)
2025-05-07 12:37:59,517 - __main__ - INFO - cube_structure_item: CUBE_STRUCTURE_ITEM object (7221)
2025-05-07 12:37:59,518 - __main__ - INFO - cube_structure_item: CUBE_STRUCTURE_ITEM object (7222)
2025-05-07 12:37:59,518 - __main__ - INFO - cube_structure_item: CUBE_STRUCTURE_ITEM object (7223)
2025-05-07 12:37:59,518 - __main__ - INFO - cube_structure_item: CUBE_STRUCTURE_ITEM object (7224)
2025-05-07 12:37:59,518 - __main__ - INFO - cube_structure_item: CUBE_STRUCTURE_ITEM object (7225)
2025-05-07 12:37:59,518 - __main__ - INFO - cube_structure_item: CUBE_STRUCTURE_ITEM object (7226)
2025-05-07 12:37:59,519 - __main__ - INFO - cube_structure_item: CUBE_STRUCTURE_ITEM object (7227)
2025-05-07 12:37:59,519 - __main__ - INFO - cube_structure_item: CUBE_STRUCTURE_ITEM object (7228)
2025-05-07 12:37:59,519 - __main__ - INFO - cube_structure_item: CUBE_STRUCTURE_ITEM object (7229)
2025-05-07 12:37:59,520 - __main__ - INFO - cube_structure_item: CUBE_STRUCTURE_ITEM object (7230)
2025-05-07 12:37:59,520 - __main__ - INFO - cube_structure_item: CUBE_STRUCTURE_ITEM object (7231)
2025-05-07 12:37:59,520 - __main__ - INFO - cube_structure_item: CUBE_STRUCTURE_ITEM object (7232)
2025-05-07 12:37:59,520 - __main__ - INFO - cube_structure_item: CUBE_STRUCTURE_ITEM object (7233)
2025-05-07 12:37:59,521 - __main__ - INFO - cube_structure_item: CUBE_STRUCTURE_ITEM object (7234)
2025-05-07 12:37:59,521 - __main__ - INFO - cube_structure_item: CUBE_STRUCTURE_ITEM object (7235)
2025-05-07 12:37:59,521 - __main__ - INFO - cube_structure_item: CUBE_STRUCTURE_ITEM object (7236)
2025-05-07 12:37:59,521 - __main__ - INFO - cube_structure_item: CUBE_STRUCTURE_ITEM object (7237)
2025-05-07 12:37:59,521 - __main__ - INFO - cube_structure_item: CUBE_STRUCTURE_ITEM object (7238)
2025-05-07 12:37:59,522 - __main__ - INFO - cube_structure_item: CUBE_STRUCTURE_ITEM object (7239)
2025-05-07 12:37:59,522 - __main__ - INFO - cube_structure_item: CUBE_STRUCTURE_ITEM object (7240)
2025-05-07 12:37:59,522 - __main__ - INFO - cube_structure_item: CUBE_STRUCTURE_ITEM object (7241)
2025-05-07 12:37:59,522 - __main__ - INFO - cube_structure_item: CUBE_STRUCTURE_ITEM object (7242)
2025-05-07 12:37:59,522 - __main__ - INFO - cube_structure_item: CUBE_STRUCTURE_ITEM object (7243)
2025-05-07 12:37:59,523 - __main__ - INFO - cube_structure_item: CUBE_STRUCTURE_ITEM object (7244)
2025-05-07 12:37:59,523 - __main__ - INFO - cube_structure_item: CUBE_STRUCTURE_ITEM object (7245)
2025-05-07 12:37:59,523 - __main__ - INFO - cube_structure_item: CUBE_STRUCTURE_ITEM object (7246)
2025-05-07 12:37:59,523 - __main__ - INFO - cube_structure_item: CUBE_STRUCTURE_ITEM object (7247)
2025-05-07 12:37:59,523 - __main__ - INFO - cube_structure_item: CUBE_STRUCTURE_ITEM object (7248)
2025-05-07 12:37:59,524 - __main__ - INFO - cube_structure_item: CUBE_STRUCTURE_ITEM object (7249)
2025-05-07 12:37:59,524 - __main__ - INFO - cube_structure_item: CUBE_STRUCTURE_ITEM object (7250)
2025-05-07 12:37:59,524 - __main__ - INFO - cube_structure_item: CUBE_STRUCTURE_ITEM object (7251)
2025-05-07 12:37:59,524 - __main__ - INFO - cube_structure_item: CUBE_STRUCTURE_ITEM object (7252)
2025-05-07 12:37:59,525 - __main__ - INFO - cube_structure_item: CUBE_STRUCTURE_ITEM object (7253)
2025-05-07 12:37:59,525 - __main__ - INFO - cube_structure_item: CUBE_STRUCTURE_ITEM object (7254)
2025-05-07 12:37:59,525 - __main__ - INFO - cube_structure_item: CUBE_STRUCTURE_ITEM object (7255)
2025-05-07 12:37:59,525 - __main__ - INFO - cube_structure_item: CUBE_STRUCTURE_ITEM object (7256)
2025-05-07 12:37:59,526 - __main__ - INFO - cube_structure_item: CUBE_STRUCTURE_ITEM object (7257)
2025-05-07 12:37:59,526 - __main__ - INFO - cube_structure_item: CUBE_STRUCTURE_ITEM object (7258)
2025-05-07 12:37:59,526 - __main__ - INFO - cube_structure_item: CUBE_STRUCTURE_ITEM object (7259)
2025-05-07 12:37:59,526 - __main__ - INFO - cube_structure_item: CUBE_STRUCTURE_ITEM object (7260)
2025-05-07 12:37:59,527 - __main__ - INFO - cube_structure_item: CUBE_STRUCTURE_ITEM object (7261)
2025-05-07 12:37:59,527 - __main__ - INFO - cube_structure_item: CUBE_STRUCTURE_ITEM object (7262)
2025-05-07 12:37:59,527 - __main__ - INFO - cube_structure_item: CUBE_STRUCTURE_ITEM object (7263)
2025-05-07 12:37:59,527 - __main__ - INFO - cube_structure_item: CUBE_STRUCTURE_ITEM object (7264)
2025-05-07 12:37:59,527 - __main__ - INFO - cube_structure_item: CUBE_STRUCTURE_ITEM object (7265)
2025-05-07 12:37:59,527 - __main__ - INFO - cube_structure_item: CUBE_STRUCTURE_ITEM object (7266)
2025-05-07 12:37:59,528 - __main__ - INFO - cube_structure_item: CUBE_STRUCTURE_ITEM object (7267)
2025-05-07 12:37:59,528 - __main__ - INFO - cube_structure_item: CUBE_STRUCTURE_ITEM object (7268)
2025-05-07 12:37:59,528 - __main__ - INFO - cube_structure_item: CUBE_STRUCTURE_ITEM object (7269)
2025-05-07 12:37:59,528 - __main__ - INFO - cube_structure_item: CUBE_STRUCTURE_ITEM object (7270)
2025-05-07 12:37:59,529 - __main__ - INFO - cube_structure_item: CUBE_STRUCTURE_ITEM object (7271)
2025-05-07 12:37:59,529 - __main__ - INFO - cube_structure_item: CUBE_STRUCTURE_ITEM object (7272)
2025-05-07 12:37:59,530 - __main__ - INFO - cube_structure_item: CUBE_STRUCTURE_ITEM object (7273)
2025-05-07 12:37:59,530 - __main__ - INFO - cube_structure_item: CUBE_STRUCTURE_ITEM object (7274)
2025-05-07 12:37:59,530 - __main__ - INFO - cube_structure_item: CUBE_STRUCTURE_ITEM object (7275)
2025-05-07 12:37:59,530 - __main__ - INFO - cube_structure_item: CUBE_STRUCTURE_ITEM object (7276)
2025-05-07 12:37:59,530 - __main__ - INFO - cube_structure_item: CUBE_STRUCTURE_ITEM object (7277)
2025-05-07 12:37:59,531 - __main__ - INFO - cube_structure_item: CUBE_STRUCTURE_ITEM object (7278)
2025-05-07 12:37:59,531 - __main__ - INFO - cube_structure_item: CUBE_STRUCTURE_ITEM object (7279)
2025-05-07 12:37:59,531 - __main__ - INFO - cube_structure_item: CUBE_STRUCTURE_ITEM object (7280)
2025-05-07 12:37:59,532 - __main__ - INFO - cube_structure_item: CUBE_STRUCTURE_ITEM object (7281)
2025-05-07 12:37:59,532 - __main__ - INFO - cube_structure_item: CUBE_STRUCTURE_ITEM object (7282)
2025-05-07 12:37:59,532 - __main__ - INFO - cube_structure_item: CUBE_STRUCTURE_ITEM object (7283)
2025-05-07 12:37:59,532 - __main__ - INFO - cube_structure_item: CUBE_STRUCTURE_ITEM object (7284)
2025-05-07 12:37:59,532 - __main__ - INFO - cube_structure_item: CUBE_STRUCTURE_ITEM object (7285)
2025-05-07 12:37:59,533 - __main__ - INFO - cube_structure_item: CUBE_STRUCTURE_ITEM object (7286)
2025-05-07 12:37:59,533 - __main__ - INFO - cube_structure_item: CUBE_STRUCTURE_ITEM object (7287)
2025-05-07 12:37:59,533 - __main__ - INFO - cube_structure_item: CUBE_STRUCTURE_ITEM object (7288)
2025-05-07 12:37:59,533 - __main__ - INFO - cube_structure_item: CUBE_STRUCTURE_ITEM object (7289)
2025-05-07 12:37:59,533 - __main__ - INFO - cube_structure_item: CUBE_STRUCTURE_ITEM object (7290)
2025-05-07 12:37:59,534 - __main__ - INFO - cube_structure_item: CUBE_STRUCTURE_ITEM object (7291)
2025-05-07 12:37:59,534 - __main__ - INFO - cube_structure_item: CUBE_STRUCTURE_ITEM object (7292)
2025-05-07 12:37:59,534 - __main__ - INFO - cube_structure_item: CUBE_STRUCTURE_ITEM object (7293)
2025-05-07 12:37:59,534 - __main__ - INFO - cube_structure_item: CUBE_STRUCTURE_ITEM object (7294)
2025-05-07 12:37:59,534 - __main__ - INFO - cube_structure_item: CUBE_STRUCTURE_ITEM object (7295)
2025-05-07 12:37:59,535 - __main__ - INFO - cube_structure_item: CUBE_STRUCTURE_ITEM object (7296)
2025-05-07 12:37:59,535 - __main__ - INFO - cube_structure_item: CUBE_STRUCTURE_ITEM object (7297)
2025-05-07 12:37:59,535 - __main__ - INFO - cube_structure_item: CUBE_STRUCTURE_ITEM object (7298)
2025-05-07 12:37:59,535 - __main__ - INFO - cube_structure_item: CUBE_STRUCTURE_ITEM object (7299)
2025-05-07 12:37:59,536 - __main__ - INFO - cube_structure_item: CUBE_STRUCTURE_ITEM object (7300)
2025-05-07 12:37:59,536 - __main__ - INFO - cube_structure_item: CUBE_STRUCTURE_ITEM object (7301)
2025-05-07 12:37:59,536 - __main__ - INFO - cube_structure_item: CUBE_STRUCTURE_ITEM object (7302)
2025-05-07 12:37:59,536 - __main__ - INFO - cube_structure_item: CUBE_STRUCTURE_ITEM object (7303)
2025-05-07 12:37:59,536 - __main__ - INFO - cube_structure_item: CUBE_STRUCTURE_ITEM object (7207)
2025-05-07 12:37:59,537 - __main__ - INFO - cube_structure_item: CUBE_STRUCTURE_ITEM object (7208)
2025-05-07 12:37:59,537 - __main__ - INFO - cube_structure_item: CUBE_STRUCTURE_ITEM object (7209)
2025-05-07 12:37:59,537 - __main__ - INFO - cube_structure_item: CUBE_STRUCTURE_ITEM object (7210)
2025-05-07 12:37:59,537 - __main__ - INFO - cube_structure_item: CUBE_STRUCTURE_ITEM object (7211)
2025-05-07 12:37:59,537 - __main__ - INFO - cube_structure_item: CUBE_STRUCTURE_ITEM object (7212)
2025-05-07 12:37:59,538 - __main__ - INFO - cube_structure_item: CUBE_STRUCTURE_ITEM object (7213)
2025-05-07 12:37:59,538 - __main__ - INFO - cube_structure_item: CUBE_STRUCTURE_ITEM object (7214)
2025-05-07 12:37:59,538 - __main__ - INFO - cube_structure_item: CUBE_STRUCTURE_ITEM object (7215)
2025-05-07 12:37:59,538 - __main__ - INFO - cube_structure_item: CUBE_STRUCTURE_ITEM object (7216)
2025-05-07 12:37:59,538 - __main__ - INFO - cube_structure_item: CUBE_STRUCTURE_ITEM object (7217)
2025-05-07 12:37:59,539 - __main__ - INFO - cube_structure_item: CUBE_STRUCTURE_ITEM object (7218)
2025-05-07 12:37:59,539 - __main__ - INFO - cube_structure_item: CUBE_STRUCTURE_ITEM object (7219)
2025-05-07 12:37:59,539 - __main__ - INFO - cube_structure_item: CUBE_STRUCTURE_ITEM object (7220)
2025-05-07 12:37:59,539 - __main__ - INFO - cube_structure_item: CUBE_STRUCTURE_ITEM object (7221)
2025-05-07 12:37:59,540 - __main__ - INFO - cube_structure_item: CUBE_STRUCTURE_ITEM object (7222)
2025-05-07 12:37:59,540 - __main__ - INFO - cube_structure_item: CUBE_STRUCTURE_ITEM object (7223)
2025-05-07 12:37:59,540 - __main__ - INFO - cube_structure_item: CUBE_STRUCTURE_ITEM object (7224)
2025-05-07 12:37:59,540 - __main__ - INFO - cube_structure_item: CUBE_STRUCTURE_ITEM object (7225)
2025-05-07 12:37:59,541 - __main__ - INFO - cube_structure_item: CUBE_STRUCTURE_ITEM object (7226)
2025-05-07 12:37:59,541 - __main__ - INFO - cube_structure_item: CUBE_STRUCTURE_ITEM object (7227)
2025-05-07 12:37:59,542 - __main__ - INFO - cube_structure_item: CUBE_STRUCTURE_ITEM object (7228)
2025-05-07 12:37:59,542 - __main__ - INFO - cube_structure_item: CUBE_STRUCTURE_ITEM object (7229)
2025-05-07 12:37:59,542 - __main__ - INFO - cube_structure_item: CUBE_STRUCTURE_ITEM object (7230)
2025-05-07 12:37:59,542 - __main__ - INFO - cube_structure_item: CUBE_STRUCTURE_ITEM object (7231)
2025-05-07 12:37:59,542 - __main__ - INFO - cube_structure_item: CUBE_STRUCTURE_ITEM object (7232)
2025-05-07 12:37:59,543 - __main__ - INFO - cube_structure_item: CUBE_STRUCTURE_ITEM object (7233)
2025-05-07 12:37:59,543 - __main__ - INFO - cube_structure_item: CUBE_STRUCTURE_ITEM object (7234)
2025-05-07 12:37:59,543 - __main__ - INFO - cube_structure_item: CUBE_STRUCTURE_ITEM object (7235)
2025-05-07 12:37:59,543 - __main__ - INFO - cube_structure_item: CUBE_STRUCTURE_ITEM object (7236)
2025-05-07 12:37:59,544 - __main__ - INFO - cube_structure_item: CUBE_STRUCTURE_ITEM object (7237)
2025-05-07 12:37:59,544 - __main__ - INFO - cube_structure_item: CUBE_STRUCTURE_ITEM object (7238)
2025-05-07 12:37:59,544 - __main__ - INFO - cube_structure_item: CUBE_STRUCTURE_ITEM object (7239)
2025-05-07 12:37:59,544 - __main__ - INFO - cube_structure_item: CUBE_STRUCTURE_ITEM object (7240)
2025-05-07 12:37:59,544 - __main__ - INFO - cube_structure_item: CUBE_STRUCTURE_ITEM object (7241)
2025-05-07 12:37:59,545 - __main__ - INFO - cube_structure_item: CUBE_STRUCTURE_ITEM object (7242)
2025-05-07 12:37:59,545 - __main__ - INFO - cube_structure_item: CUBE_STRUCTURE_ITEM object (7243)
2025-05-07 12:37:59,545 - __main__ - INFO - cube_structure_item: CUBE_STRUCTURE_ITEM object (7244)
2025-05-07 12:37:59,545 - __main__ - INFO - cube_structure_item: CUBE_STRUCTURE_ITEM object (7245)
2025-05-07 12:37:59,545 - __main__ - INFO - cube_structure_item: CUBE_STRUCTURE_ITEM object (7246)
2025-05-07 12:37:59,545 - __main__ - INFO - cube_structure_item: CUBE_STRUCTURE_ITEM object (7247)
2025-05-07 12:37:59,546 - __main__ - INFO - cube_structure_item: CUBE_STRUCTURE_ITEM object (7248)
2025-05-07 12:37:59,546 - __main__ - INFO - cube_structure_item: CUBE_STRUCTURE_ITEM object (7249)
2025-05-07 12:37:59,546 - __main__ - INFO - cube_structure_item: CUBE_STRUCTURE_ITEM object (7250)
2025-05-07 12:37:59,547 - __main__ - INFO - cube_structure_item: CUBE_STRUCTURE_ITEM object (7251)
2025-05-07 12:37:59,547 - __main__ - INFO - cube_structure_item: CUBE_STRUCTURE_ITEM object (7252)
2025-05-07 12:37:59,547 - __main__ - INFO - cube_structure_item: CUBE_STRUCTURE_ITEM object (7253)
2025-05-07 12:37:59,547 - __main__ - INFO - cube_structure_item: CUBE_STRUCTURE_ITEM object (7254)
2025-05-07 12:37:59,547 - __main__ - INFO - cube_structure_item: CUBE_STRUCTURE_ITEM object (7255)
2025-05-07 12:37:59,548 - __main__ - INFO - cube_structure_item: CUBE_STRUCTURE_ITEM object (7256)
2025-05-07 12:37:59,548 - __main__ - INFO - cube_structure_item: CUBE_STRUCTURE_ITEM object (7257)
2025-05-07 12:37:59,548 - __main__ - INFO - cube_structure_item: CUBE_STRUCTURE_ITEM object (7258)
2025-05-07 12:37:59,548 - __main__ - INFO - cube_structure_item: CUBE_STRUCTURE_ITEM object (7259)
2025-05-07 12:37:59,549 - __main__ - INFO - cube_structure_item: CUBE_STRUCTURE_ITEM object (7260)
2025-05-07 12:37:59,549 - __main__ - INFO - cube_structure_item: CUBE_STRUCTURE_ITEM object (7261)
2025-05-07 12:37:59,549 - __main__ - INFO - cube_structure_item: CUBE_STRUCTURE_ITEM object (7262)
2025-05-07 12:37:59,549 - __main__ - INFO - cube_structure_item: CUBE_STRUCTURE_ITEM object (7263)
2025-05-07 12:37:59,550 - __main__ - INFO - cube_structure_item: CUBE_STRUCTURE_ITEM object (7264)
2025-05-07 12:37:59,550 - __main__ - INFO - cube_structure_item: CUBE_STRUCTURE_ITEM object (7265)
2025-05-07 12:37:59,550 - __main__ - INFO - cube_structure_item: CUBE_STRUCTURE_ITEM object (7266)
2025-05-07 12:37:59,550 - __main__ - INFO - cube_structure_item: CUBE_STRUCTURE_ITEM object (7267)
2025-05-07 12:37:59,551 - __main__ - INFO - cube_structure_item: CUBE_STRUCTURE_ITEM object (7268)
2025-05-07 12:37:59,551 - __main__ - INFO - cube_structure_item: CUBE_STRUCTURE_ITEM object (7269)
2025-05-07 12:37:59,551 - __main__ - INFO - cube_structure_item: CUBE_STRUCTURE_ITEM object (7270)
2025-05-07 12:37:59,552 - __main__ - INFO - cube_structure_item: CUBE_STRUCTURE_ITEM object (7271)
2025-05-07 12:37:59,552 - __main__ - INFO - cube_structure_item: CUBE_STRUCTURE_ITEM object (7272)
2025-05-07 12:37:59,552 - __main__ - INFO - cube_structure_item: CUBE_STRUCTURE_ITEM object (7273)
2025-05-07 12:37:59,552 - __main__ - INFO - cube_structure_item: CUBE_STRUCTURE_ITEM object (7274)
2025-05-07 12:37:59,552 - __main__ - INFO - cube_structure_item: CUBE_STRUCTURE_ITEM object (7275)
2025-05-07 12:37:59,553 - __main__ - INFO - cube_structure_item: CUBE_STRUCTURE_ITEM object (7276)
2025-05-07 12:37:59,553 - __main__ - INFO - cube_structure_item: CUBE_STRUCTURE_ITEM object (7277)
2025-05-07 12:37:59,553 - __main__ - INFO - cube_structure_item: CUBE_STRUCTURE_ITEM object (7278)
2025-05-07 12:37:59,553 - __main__ - INFO - cube_structure_item: CUBE_STRUCTURE_ITEM object (7279)
2025-05-07 12:37:59,553 - __main__ - INFO - cube_structure_item: CUBE_STRUCTURE_ITEM object (7280)
2025-05-07 12:37:59,554 - __main__ - INFO - cube_structure_item: CUBE_STRUCTURE_ITEM object (7281)
2025-05-07 12:37:59,554 - __main__ - INFO - cube_structure_item: CUBE_STRUCTURE_ITEM object (7282)
2025-05-07 12:37:59,554 - __main__ - INFO - cube_structure_item: CUBE_STRUCTURE_ITEM object (7283)
2025-05-07 12:37:59,554 - __main__ - INFO - cube_structure_item: CUBE_STRUCTURE_ITEM object (7284)
2025-05-07 12:37:59,555 - __main__ - INFO - cube_structure_item: CUBE_STRUCTURE_ITEM object (7285)
2025-05-07 12:37:59,555 - __main__ - INFO - cube_structure_item: CUBE_STRUCTURE_ITEM object (7286)
2025-05-07 12:37:59,555 - __main__ - INFO - cube_structure_item: CUBE_STRUCTURE_ITEM object (7287)
2025-05-07 12:37:59,555 - __main__ - INFO - cube_structure_item: CUBE_STRUCTURE_ITEM object (7288)
2025-05-07 12:37:59,555 - __main__ - INFO - cube_structure_item: CUBE_STRUCTURE_ITEM object (7289)
2025-05-07 12:37:59,556 - __main__ - INFO - cube_structure_item: CUBE_STRUCTURE_ITEM object (7290)
2025-05-07 12:37:59,556 - __main__ - INFO - cube_structure_item: CUBE_STRUCTURE_ITEM object (7291)
2025-05-07 12:37:59,557 - __main__ - INFO - cube_structure_item: CUBE_STRUCTURE_ITEM object (7292)
2025-05-07 12:37:59,557 - __main__ - INFO - cube_structure_item: CUBE_STRUCTURE_ITEM object (7293)
2025-05-07 12:37:59,557 - __main__ - INFO - cube_structure_item: CUBE_STRUCTURE_ITEM object (7294)
2025-05-07 12:37:59,557 - __main__ - INFO - cube_structure_item: CUBE_STRUCTURE_ITEM object (7295)
2025-05-07 12:37:59,557 - __main__ - INFO - cube_structure_item: CUBE_STRUCTURE_ITEM object (7296)
2025-05-07 12:37:59,558 - __main__ - INFO - cube_structure_item: CUBE_STRUCTURE_ITEM object (7297)
2025-05-07 12:37:59,558 - __main__ - INFO - cube_structure_item: CUBE_STRUCTURE_ITEM object (7298)
2025-05-07 12:37:59,558 - __main__ - INFO - cube_structure_item: CUBE_STRUCTURE_ITEM object (7299)
2025-05-07 12:37:59,558 - __main__ - INFO - cube_structure_item: CUBE_STRUCTURE_ITEM object (7300)
2025-05-07 12:37:59,559 - __main__ - INFO - cube_structure_item: CUBE_STRUCTURE_ITEM object (7301)
2025-05-07 12:37:59,559 - __main__ - INFO - cube_structure_item: CUBE_STRUCTURE_ITEM object (7302)
2025-05-07 12:37:59,559 - __main__ - INFO - cube_structure_item: CUBE_STRUCTURE_ITEM object (7303)
2025-05-07 12:37:59,561 - __main__ - INFO - {'INSTRMNT:Loans and advances': [<CUBE_LINK: CUBE_LINK object (ANCRDT_INSTRMNT_C_1:Loans and advances:INSTRMNT)>], 'INSTRMNT_RL:Loans and advances': [<CUBE_LINK: CUBE_LINK object (ANCRDT_INSTRMNT_C_1:Loans and advances:INSTRMNT_RL)>]}
2025-05-07 12:44:16,942 - __main__ - INFO - Django configured successfully with settings module: birds_nest.settings
2025-05-07 12:44:16,944 - __main__ - INFO - Successfully loaded 2 join configurations
2025-05-07 12:46:09,965 - __main__ - INFO - Django configured successfully with settings module: birds_nest.settings
2025-05-07 12:49:31,612 - __main__ - INFO - Django configured successfully with settings module: birds_nest.settings
2025-05-07 12:49:39,806 - __main__ - INFO - rolc_id: ANCRDT_INSTRMNT_C_1
2025-05-07 12:49:39,806 - __main__ - INFO - cube_structure_item: CUBE_STRUCTURE_ITEM object (9964)
2025-05-07 12:50:18,669 - __main__ - INFO - Django configured successfully with settings module: birds_nest.settings
2025-05-07 12:50:27,152 - __main__ - INFO - rolc_id: ANCRDT_INSTRMNT_C_1
2025-05-07 12:50:27,152 - __main__ - INFO - cube_structure_item: CUBE_STRUCTURE_ITEM object (9964)
2025-05-07 12:59:31,031 - __main__ - INFO - Django configured successfully with settings module: birds_nest.settings
2025-05-07 12:59:31,032 - __main__ - INFO - Successfully loaded 2 join configurations
2025-05-07 12:59:59,359 - __main__ - INFO - Django configured successfully with settings module: birds_nest.settings
2025-05-07 13:00:10,897 - __main__ - INFO - Django configured successfully with settings module: birds_nest.settings
2025-05-07 13:00:16,873 - __main__ - INFO - rolc_id: ANCRDT_INSTRMNT_C_1
2025-05-07 13:00:16,874 - __main__ - INFO - cube_structure_item: CUBE_STRUCTURE_ITEM object (9965)
2025-05-07 13:00:16,878 - __main__ - INFO - cube_structure_item: CUBE_STRUCTURE_ITEM object (9967)
2025-05-07 13:00:16,882 - __main__ - INFO - cube_structure_item: CUBE_STRUCTURE_ITEM object (9977)
2025-05-07 13:00:16,885 - __main__ - INFO - cube_structure_item: CUBE_STRUCTURE_ITEM object (9978)
2025-05-07 13:00:16,889 - __main__ - INFO - cube_structure_item: CUBE_STRUCTURE_ITEM object (9979)
2025-05-07 13:00:16,891 - __main__ - INFO - cube_structure_item: CUBE_STRUCTURE_ITEM object (9981)
2025-05-07 13:00:16,894 - __main__ - INFO - cube_structure_item: CUBE_STRUCTURE_ITEM object (9984)
2025-05-07 13:00:16,898 - __main__ - INFO - cube_structure_item: CUBE_STRUCTURE_ITEM object (9985)
2025-05-07 13:00:16,901 - __main__ - INFO - cube_structure_item: CUBE_STRUCTURE_ITEM object (9990)
2025-05-07 13:00:16,904 - __main__ - INFO - cube_structure_item: CUBE_STRUCTURE_ITEM object (9993)
2025-05-07 13:00:16,907 - __main__ - INFO - cube_structure_item: CUBE_STRUCTURE_ITEM object (9999)
2025-05-07 13:00:16,910 - __main__ - INFO - cube_structure_item: CUBE_STRUCTURE_ITEM object (10000)
2025-05-07 13:00:16,913 - __main__ - INFO - cube_structure_item: CUBE_STRUCTURE_ITEM object (10005)
2025-05-07 13:00:16,917 - __main__ - INFO - cube_structure_item: CUBE_STRUCTURE_ITEM object (10009)
2025-05-07 13:00:16,921 - __main__ - INFO - cube_structure_item: CUBE_STRUCTURE_ITEM object (10011)
2025-05-07 13:00:16,925 - __main__ - INFO - cube_structure_item: CUBE_STRUCTURE_ITEM object (10012)
2025-05-07 13:00:16,930 - __main__ - INFO - cube_structure_item: CUBE_STRUCTURE_ITEM object (10013)
2025-05-07 13:00:16,934 - __main__ - INFO - cube_structure_item: CUBE_STRUCTURE_ITEM object (10020)
2025-05-07 13:00:16,938 - __main__ - INFO - cube_structure_item: CUBE_STRUCTURE_ITEM object (10021)
2025-05-07 13:00:16,940 - __main__ - INFO - cube_structure_item: CUBE_STRUCTURE_ITEM object (10024)
2025-05-07 13:00:16,942 - __main__ - INFO - cube_structure_item: CUBE_STRUCTURE_ITEM object (10025)
2025-05-07 13:00:16,945 - __main__ - INFO - cube_structure_item: CUBE_STRUCTURE_ITEM object (10026)
2025-05-07 13:00:16,947 - __main__ - INFO - cube_structure_item: CUBE_STRUCTURE_ITEM object (10029)
2025-05-07 13:00:16,949 - __main__ - INFO - cube_structure_item: CUBE_STRUCTURE_ITEM object (10030)
2025-05-07 13:00:16,952 - __main__ - INFO - cube_structure_item: CUBE_STRUCTURE_ITEM object (10032)
2025-05-07 13:00:16,954 - __main__ - INFO - cube_structure_item: CUBE_STRUCTURE_ITEM object (10033)
2025-05-07 13:00:16,956 - __main__ - INFO - cube_structure_item: CUBE_STRUCTURE_ITEM object (10053)
2025-05-07 13:00:16,959 - __main__ - INFO - cube_structure_item: CUBE_STRUCTURE_ITEM object (10056)
2025-05-07 13:00:16,963 - __main__ - INFO - cube_structure_item: CUBE_STRUCTURE_ITEM object (10057)
2025-05-07 13:00:16,967 - __main__ - INFO - cube_structure_item: CUBE_STRUCTURE_ITEM object (10062)
2025-05-07 13:00:16,971 - __main__ - INFO - cube_structure_item: CUBE_STRUCTURE_ITEM object (10066)
2025-05-07 13:00:16,974 - __main__ - INFO - cube_structure_item: CUBE_STRUCTURE_ITEM object (10069)
2025-05-07 13:00:16,978 - __main__ - INFO - cube_structure_item: CUBE_STRUCTURE_ITEM object (10070)
2025-05-07 13:00:16,981 - __main__ - INFO - cube_structure_item: CUBE_STRUCTURE_ITEM object (10071)
2025-05-07 13:00:16,985 - __main__ - INFO - cube_structure_item: CUBE_STRUCTURE_ITEM object (10073)
2025-05-07 13:00:16,988 - __main__ - INFO - cube_structure_item: CUBE_STRUCTURE_ITEM object (10075)
2025-05-07 13:00:16,990 - __main__ - INFO - cube_structure_item: CUBE_STRUCTURE_ITEM object (10081)
2025-05-07 13:00:16,994 - __main__ - INFO - cube_structure_item: CUBE_STRUCTURE_ITEM object (10082)
2025-05-07 13:00:16,997 - __main__ - INFO - cube_structure_item: CUBE_STRUCTURE_ITEM object (10084)
2025-05-07 13:00:17,001 - __main__ - INFO - cube_structure_item: CUBE_STRUCTURE_ITEM object (10085)
2025-05-07 13:00:17,003 - __main__ - INFO - cube_structure_item: CUBE_STRUCTURE_ITEM object (10092)
2025-05-07 13:00:17,006 - __main__ - INFO - cube_structure_item: CUBE_STRUCTURE_ITEM object (10094)
2025-05-07 13:00:17,011 - __main__ - INFO - cube_structure_item: CUBE_STRUCTURE_ITEM object (10105)
2025-05-07 13:00:17,014 - __main__ - INFO - cube_structure_item: CUBE_STRUCTURE_ITEM object (10107)
2025-05-07 13:00:17,017 - __main__ - INFO - cube_structure_item: CUBE_STRUCTURE_ITEM object (10108)
2025-05-07 13:00:17,020 - __main__ - INFO - cube_structure_item: CUBE_STRUCTURE_ITEM object (10115)
2025-05-07 13:00:17,022 - __main__ - INFO - cube_structure_item: CUBE_STRUCTURE_ITEM object (10117)
2025-05-07 13:00:17,025 - __main__ - INFO - cube_structure_item: CUBE_STRUCTURE_ITEM object (10127)
2025-05-07 13:00:17,028 - __main__ - INFO - cube_structure_item: CUBE_STRUCTURE_ITEM object (10128)
2025-05-07 13:00:17,031 - __main__ - INFO - cube_structure_item: CUBE_STRUCTURE_ITEM object (10137)
2025-05-07 13:00:17,035 - __main__ - INFO - cube_structure_item: CUBE_STRUCTURE_ITEM object (9965)
2025-05-07 13:00:17,035 - __main__ - INFO - cube_structure_item: CUBE_STRUCTURE_ITEM object (9967)
2025-05-07 13:00:17,035 - __main__ - INFO - cube_structure_item: CUBE_STRUCTURE_ITEM object (9977)
2025-05-07 13:00:17,035 - __main__ - INFO - cube_structure_item: CUBE_STRUCTURE_ITEM object (9978)
2025-05-07 13:00:17,036 - __main__ - INFO - cube_structure_item: CUBE_STRUCTURE_ITEM object (9979)
2025-05-07 13:00:17,036 - __main__ - INFO - cube_structure_item: CUBE_STRUCTURE_ITEM object (9981)
2025-05-07 13:00:17,036 - __main__ - INFO - cube_structure_item: CUBE_STRUCTURE_ITEM object (9984)
2025-05-07 13:00:17,036 - __main__ - INFO - cube_structure_item: CUBE_STRUCTURE_ITEM object (9985)
2025-05-07 13:00:17,036 - __main__ - INFO - cube_structure_item: CUBE_STRUCTURE_ITEM object (9990)
2025-05-07 13:00:17,036 - __main__ - INFO - cube_structure_item: CUBE_STRUCTURE_ITEM object (9993)
2025-05-07 13:00:17,037 - __main__ - INFO - cube_structure_item: CUBE_STRUCTURE_ITEM object (9999)
2025-05-07 13:00:17,037 - __main__ - INFO - cube_structure_item: CUBE_STRUCTURE_ITEM object (10000)
2025-05-07 13:00:17,037 - __main__ - INFO - cube_structure_item: CUBE_STRUCTURE_ITEM object (10005)
2025-05-07 13:00:17,037 - __main__ - INFO - cube_structure_item: CUBE_STRUCTURE_ITEM object (10009)
2025-05-07 13:00:17,037 - __main__ - INFO - cube_structure_item: CUBE_STRUCTURE_ITEM object (10011)
2025-05-07 13:00:17,038 - __main__ - INFO - cube_structure_item: CUBE_STRUCTURE_ITEM object (10012)
2025-05-07 13:00:17,038 - __main__ - INFO - cube_structure_item: CUBE_STRUCTURE_ITEM object (10013)
2025-05-07 13:00:17,038 - __main__ - INFO - cube_structure_item: CUBE_STRUCTURE_ITEM object (10020)
2025-05-07 13:00:17,038 - __main__ - INFO - cube_structure_item: CUBE_STRUCTURE_ITEM object (10021)
2025-05-07 13:00:17,038 - __main__ - INFO - cube_structure_item: CUBE_STRUCTURE_ITEM object (10024)
2025-05-07 13:00:17,038 - __main__ - INFO - cube_structure_item: CUBE_STRUCTURE_ITEM object (10025)
2025-05-07 13:00:17,039 - __main__ - INFO - cube_structure_item: CUBE_STRUCTURE_ITEM object (10026)
2025-05-07 13:00:17,039 - __main__ - INFO - cube_structure_item: CUBE_STRUCTURE_ITEM object (10029)
2025-05-07 13:00:17,039 - __main__ - INFO - cube_structure_item: CUBE_STRUCTURE_ITEM object (10030)
2025-05-07 13:00:17,039 - __main__ - INFO - cube_structure_item: CUBE_STRUCTURE_ITEM object (10032)
2025-05-07 13:00:17,039 - __main__ - INFO - cube_structure_item: CUBE_STRUCTURE_ITEM object (10033)
2025-05-07 13:00:17,039 - __main__ - INFO - cube_structure_item: CUBE_STRUCTURE_ITEM object (10053)
2025-05-07 13:00:17,040 - __main__ - INFO - cube_structure_item: CUBE_STRUCTURE_ITEM object (10056)
2025-05-07 13:00:17,043 - __main__ - INFO - cube_structure_item: CUBE_STRUCTURE_ITEM object (10057)
2025-05-07 13:00:17,043 - __main__ - INFO - cube_structure_item: CUBE_STRUCTURE_ITEM object (10062)
2025-05-07 13:00:17,043 - __main__ - INFO - cube_structure_item: CUBE_STRUCTURE_ITEM object (10066)
2025-05-07 13:00:17,044 - __main__ - INFO - cube_structure_item: CUBE_STRUCTURE_ITEM object (10069)
2025-05-07 13:00:17,045 - __main__ - INFO - cube_structure_item: CUBE_STRUCTURE_ITEM object (10070)
2025-05-07 13:00:17,045 - __main__ - INFO - cube_structure_item: CUBE_STRUCTURE_ITEM object (10071)
2025-05-07 13:00:17,045 - __main__ - INFO - cube_structure_item: CUBE_STRUCTURE_ITEM object (10073)
2025-05-07 13:00:17,045 - __main__ - INFO - cube_structure_item: CUBE_STRUCTURE_ITEM object (10075)
2025-05-07 13:00:17,045 - __main__ - INFO - cube_structure_item: CUBE_STRUCTURE_ITEM object (10081)
2025-05-07 13:00:17,045 - __main__ - INFO - cube_structure_item: CUBE_STRUCTURE_ITEM object (10082)
2025-05-07 13:00:17,046 - __main__ - INFO - cube_structure_item: CUBE_STRUCTURE_ITEM object (10084)
2025-05-07 13:00:17,046 - __main__ - INFO - cube_structure_item: CUBE_STRUCTURE_ITEM object (10085)
2025-05-07 13:00:17,046 - __main__ - INFO - cube_structure_item: CUBE_STRUCTURE_ITEM object (10092)
2025-05-07 13:00:17,046 - __main__ - INFO - cube_structure_item: CUBE_STRUCTURE_ITEM object (10094)
2025-05-07 13:00:17,047 - __main__ - INFO - cube_structure_item: CUBE_STRUCTURE_ITEM object (10105)
2025-05-07 13:00:17,047 - __main__ - INFO - cube_structure_item: CUBE_STRUCTURE_ITEM object (10107)
2025-05-07 13:00:17,047 - __main__ - INFO - cube_structure_item: CUBE_STRUCTURE_ITEM object (10108)
2025-05-07 13:00:17,047 - __main__ - INFO - cube_structure_item: CUBE_STRUCTURE_ITEM object (10115)
2025-05-07 13:00:17,048 - __main__ - INFO - cube_structure_item: CUBE_STRUCTURE_ITEM object (10117)
2025-05-07 13:00:17,048 - __main__ - INFO - cube_structure_item: CUBE_STRUCTURE_ITEM object (10127)
2025-05-07 13:00:17,048 - __main__ - INFO - cube_structure_item: CUBE_STRUCTURE_ITEM object (10128)
2025-05-07 13:00:17,048 - __main__ - INFO - cube_structure_item: CUBE_STRUCTURE_ITEM object (10137)
2025-05-07 13:00:17,049 - __main__ - INFO - cube_structure_item: CUBE_STRUCTURE_ITEM object (9965)
2025-05-07 13:00:17,049 - __main__ - INFO - cube_structure_item: CUBE_STRUCTURE_ITEM object (9967)
2025-05-07 13:00:17,049 - __main__ - INFO - cube_structure_item: CUBE_STRUCTURE_ITEM object (9977)
2025-05-07 13:00:17,049 - __main__ - INFO - cube_structure_item: CUBE_STRUCTURE_ITEM object (9978)
2025-05-07 13:00:17,049 - __main__ - INFO - cube_structure_item: CUBE_STRUCTURE_ITEM object (9979)
2025-05-07 13:00:17,049 - __main__ - INFO - cube_structure_item: CUBE_STRUCTURE_ITEM object (9981)
2025-05-07 13:00:17,050 - __main__ - INFO - cube_structure_item: CUBE_STRUCTURE_ITEM object (9984)
2025-05-07 13:00:17,050 - __main__ - INFO - cube_structure_item: CUBE_STRUCTURE_ITEM object (9985)
2025-05-07 13:00:17,050 - __main__ - INFO - cube_structure_item: CUBE_STRUCTURE_ITEM object (9990)
2025-05-07 13:00:17,050 - __main__ - INFO - cube_structure_item: CUBE_STRUCTURE_ITEM object (9993)
2025-05-07 13:00:17,050 - __main__ - INFO - cube_structure_item: CUBE_STRUCTURE_ITEM object (9999)
2025-05-07 13:00:17,050 - __main__ - INFO - cube_structure_item: CUBE_STRUCTURE_ITEM object (10000)
2025-05-07 13:00:17,051 - __main__ - INFO - cube_structure_item: CUBE_STRUCTURE_ITEM object (10005)
2025-05-07 13:00:17,051 - __main__ - INFO - cube_structure_item: CUBE_STRUCTURE_ITEM object (10009)
2025-05-07 13:00:17,051 - __main__ - INFO - cube_structure_item: CUBE_STRUCTURE_ITEM object (10011)
2025-05-07 13:00:17,051 - __main__ - INFO - cube_structure_item: CUBE_STRUCTURE_ITEM object (10012)
2025-05-07 13:00:17,051 - __main__ - INFO - cube_structure_item: CUBE_STRUCTURE_ITEM object (10013)
2025-05-07 13:00:17,052 - __main__ - INFO - cube_structure_item: CUBE_STRUCTURE_ITEM object (10020)
2025-05-07 13:00:17,052 - __main__ - INFO - cube_structure_item: CUBE_STRUCTURE_ITEM object (10021)
2025-05-07 13:00:17,052 - __main__ - INFO - cube_structure_item: CUBE_STRUCTURE_ITEM object (10024)
2025-05-07 13:00:17,052 - __main__ - INFO - cube_structure_item: CUBE_STRUCTURE_ITEM object (10025)
2025-05-07 13:00:17,052 - __main__ - INFO - cube_structure_item: CUBE_STRUCTURE_ITEM object (10026)
2025-05-07 13:00:17,053 - __main__ - INFO - cube_structure_item: CUBE_STRUCTURE_ITEM object (10029)
2025-05-07 13:00:17,053 - __main__ - INFO - cube_structure_item: CUBE_STRUCTURE_ITEM object (10030)
2025-05-07 13:00:17,053 - __main__ - INFO - cube_structure_item: CUBE_STRUCTURE_ITEM object (10032)
2025-05-07 13:00:17,053 - __main__ - INFO - cube_structure_item: CUBE_STRUCTURE_ITEM object (10033)
2025-05-07 13:00:17,053 - __main__ - INFO - cube_structure_item: CUBE_STRUCTURE_ITEM object (10053)
2025-05-07 13:00:17,053 - __main__ - INFO - cube_structure_item: CUBE_STRUCTURE_ITEM object (10056)
2025-05-07 13:00:17,054 - __main__ - INFO - cube_structure_item: CUBE_STRUCTURE_ITEM object (10057)
2025-05-07 13:00:17,054 - __main__ - INFO - cube_structure_item: CUBE_STRUCTURE_ITEM object (10062)
2025-05-07 13:00:17,054 - __main__ - INFO - cube_structure_item: CUBE_STRUCTURE_ITEM object (10066)
2025-05-07 13:00:17,054 - __main__ - INFO - cube_structure_item: CUBE_STRUCTURE_ITEM object (10069)
2025-05-07 13:00:17,054 - __main__ - INFO - cube_structure_item: CUBE_STRUCTURE_ITEM object (10070)
2025-05-07 13:00:17,054 - __main__ - INFO - cube_structure_item: CUBE_STRUCTURE_ITEM object (10071)
2025-05-07 13:00:17,055 - __main__ - INFO - cube_structure_item: CUBE_STRUCTURE_ITEM object (10073)
2025-05-07 13:00:17,055 - __main__ - INFO - cube_structure_item: CUBE_STRUCTURE_ITEM object (10075)
2025-05-07 13:00:17,055 - __main__ - INFO - cube_structure_item: CUBE_STRUCTURE_ITEM object (10081)
2025-05-07 13:00:17,055 - __main__ - INFO - cube_structure_item: CUBE_STRUCTURE_ITEM object (10082)
2025-05-07 13:00:17,055 - __main__ - INFO - cube_structure_item: CUBE_STRUCTURE_ITEM object (10084)
2025-05-07 13:00:17,055 - __main__ - INFO - cube_structure_item: CUBE_STRUCTURE_ITEM object (10085)
2025-05-07 13:00:17,056 - __main__ - INFO - cube_structure_item: CUBE_STRUCTURE_ITEM object (10092)
2025-05-07 13:00:17,056 - __main__ - INFO - cube_structure_item: CUBE_STRUCTURE_ITEM object (10094)
2025-05-07 13:00:17,056 - __main__ - INFO - cube_structure_item: CUBE_STRUCTURE_ITEM object (10105)
2025-05-07 13:00:17,056 - __main__ - INFO - cube_structure_item: CUBE_STRUCTURE_ITEM object (10107)
2025-05-07 13:00:17,056 - __main__ - INFO - cube_structure_item: CUBE_STRUCTURE_ITEM object (10108)
2025-05-07 13:00:17,057 - __main__ - INFO - cube_structure_item: CUBE_STRUCTURE_ITEM object (10115)
2025-05-07 13:00:17,057 - __main__ - INFO - cube_structure_item: CUBE_STRUCTURE_ITEM object (10117)
2025-05-07 13:00:17,057 - __main__ - INFO - cube_structure_item: CUBE_STRUCTURE_ITEM object (10127)
2025-05-07 13:00:17,057 - __main__ - INFO - cube_structure_item: CUBE_STRUCTURE_ITEM object (10128)
2025-05-07 13:00:17,057 - __main__ - INFO - cube_structure_item: CUBE_STRUCTURE_ITEM object (10137)
2025-05-07 13:00:17,058 - __main__ - INFO - {'ANCRDT_INSTRMNT_C_1:Loans and advances': [<CUBE_LINK: CUBE_LINK object (INSTRMNT:Loans and advances:ANCRDT_INSTRMNT_C_1)>, <CUBE_LINK: CUBE_LINK object (INSTRMNT_RL:Loans and advances:ANCRDT_INSTRMNT_C_1)>, <CUBE_LINK: CUBE_LINK object (CLLTRL:Loans and advances:ANCRDT_INSTRMNT_C_1)>]}
2025-05-07 13:24:07,561 - __main__ - INFO - Django configured successfully with settings module: birds_nest.settings
2025-05-07 13:24:10,577 - __main__ - INFO - rolc_id: ANCRDT_INSTRMNT_C_1
2025-05-07 13:24:10,577 - __main__ - INFO - cube_structure_item: CUBE_STRUCTURE_ITEM object (9965)
2025-05-07 13:24:10,580 - __main__ - INFO - cube_structure_item: CUBE_STRUCTURE_ITEM object (9967)
2025-05-07 13:24:10,582 - __main__ - INFO - cube_structure_item: CUBE_STRUCTURE_ITEM object (9977)
2025-05-07 13:24:10,584 - __main__ - INFO - cube_structure_item: CUBE_STRUCTURE_ITEM object (9978)
2025-05-07 13:24:10,586 - __main__ - INFO - cube_structure_item: CUBE_STRUCTURE_ITEM object (9979)
2025-05-07 13:24:10,588 - __main__ - INFO - cube_structure_item: CUBE_STRUCTURE_ITEM object (9981)
2025-05-07 13:24:10,590 - __main__ - INFO - cube_structure_item: CUBE_STRUCTURE_ITEM object (9984)
2025-05-07 13:24:10,592 - __main__ - INFO - cube_structure_item: CUBE_STRUCTURE_ITEM object (9985)
2025-05-07 13:24:10,594 - __main__ - INFO - cube_structure_item: CUBE_STRUCTURE_ITEM object (9990)
2025-05-07 13:24:10,596 - __main__ - INFO - cube_structure_item: CUBE_STRUCTURE_ITEM object (9993)
2025-05-07 13:24:10,598 - __main__ - INFO - cube_structure_item: CUBE_STRUCTURE_ITEM object (9999)
2025-05-07 13:24:10,599 - __main__ - INFO - cube_structure_item: CUBE_STRUCTURE_ITEM object (10000)
2025-05-07 13:24:10,601 - __main__ - INFO - cube_structure_item: CUBE_STRUCTURE_ITEM object (10005)
2025-05-07 13:24:10,602 - __main__ - INFO - cube_structure_item: CUBE_STRUCTURE_ITEM object (10009)
2025-05-07 13:24:10,605 - __main__ - INFO - cube_structure_item: CUBE_STRUCTURE_ITEM object (10011)
2025-05-07 13:24:10,607 - __main__ - INFO - cube_structure_item: CUBE_STRUCTURE_ITEM object (10012)
2025-05-07 13:24:10,609 - __main__ - INFO - cube_structure_item: CUBE_STRUCTURE_ITEM object (10013)
2025-05-07 13:24:10,611 - __main__ - INFO - cube_structure_item: CUBE_STRUCTURE_ITEM object (10020)
2025-05-07 13:24:10,613 - __main__ - INFO - cube_structure_item: CUBE_STRUCTURE_ITEM object (10021)
2025-05-07 13:24:10,615 - __main__ - INFO - cube_structure_item: CUBE_STRUCTURE_ITEM object (10024)
2025-05-07 13:24:10,618 - __main__ - INFO - cube_structure_item: CUBE_STRUCTURE_ITEM object (10025)
2025-05-07 13:24:10,620 - __main__ - INFO - cube_structure_item: CUBE_STRUCTURE_ITEM object (10026)
2025-05-07 13:24:10,622 - __main__ - INFO - cube_structure_item: CUBE_STRUCTURE_ITEM object (10029)
2025-05-07 13:24:10,625 - __main__ - INFO - cube_structure_item: CUBE_STRUCTURE_ITEM object (10030)
2025-05-07 13:24:10,627 - __main__ - INFO - cube_structure_item: CUBE_STRUCTURE_ITEM object (10032)
2025-05-07 13:24:10,628 - __main__ - INFO - cube_structure_item: CUBE_STRUCTURE_ITEM object (10033)
2025-05-07 13:24:10,631 - __main__ - INFO - cube_structure_item: CUBE_STRUCTURE_ITEM object (10053)
2025-05-07 13:24:10,633 - __main__ - INFO - cube_structure_item: CUBE_STRUCTURE_ITEM object (10056)
2025-05-07 13:24:10,635 - __main__ - INFO - cube_structure_item: CUBE_STRUCTURE_ITEM object (10057)
2025-05-07 13:24:10,637 - __main__ - INFO - cube_structure_item: CUBE_STRUCTURE_ITEM object (10062)
2025-05-07 13:24:10,638 - __main__ - INFO - cube_structure_item: CUBE_STRUCTURE_ITEM object (10066)
2025-05-07 13:24:10,640 - __main__ - INFO - cube_structure_item: CUBE_STRUCTURE_ITEM object (10069)
2025-05-07 13:24:10,642 - __main__ - INFO - cube_structure_item: CUBE_STRUCTURE_ITEM object (10070)
2025-05-07 13:24:10,644 - __main__ - INFO - cube_structure_item: CUBE_STRUCTURE_ITEM object (10071)
2025-05-07 13:24:10,646 - __main__ - INFO - cube_structure_item: CUBE_STRUCTURE_ITEM object (10073)
2025-05-07 13:24:10,648 - __main__ - INFO - cube_structure_item: CUBE_STRUCTURE_ITEM object (10075)
2025-05-07 13:24:10,650 - __main__ - INFO - cube_structure_item: CUBE_STRUCTURE_ITEM object (10081)
2025-05-07 13:24:10,652 - __main__ - INFO - cube_structure_item: CUBE_STRUCTURE_ITEM object (10082)
2025-05-07 13:24:10,654 - __main__ - INFO - cube_structure_item: CUBE_STRUCTURE_ITEM object (10084)
2025-05-07 13:24:10,656 - __main__ - INFO - cube_structure_item: CUBE_STRUCTURE_ITEM object (10085)
2025-05-07 13:24:10,658 - __main__ - INFO - cube_structure_item: CUBE_STRUCTURE_ITEM object (10092)
2025-05-07 13:24:10,659 - __main__ - INFO - cube_structure_item: CUBE_STRUCTURE_ITEM object (10094)
2025-05-07 13:24:10,661 - __main__ - INFO - cube_structure_item: CUBE_STRUCTURE_ITEM object (10105)
2025-05-07 13:24:10,662 - __main__ - INFO - cube_structure_item: CUBE_STRUCTURE_ITEM object (10107)
2025-05-07 13:24:10,665 - __main__ - INFO - cube_structure_item: CUBE_STRUCTURE_ITEM object (10108)
2025-05-07 13:24:10,667 - __main__ - INFO - cube_structure_item: CUBE_STRUCTURE_ITEM object (10115)
2025-05-07 13:24:10,670 - __main__ - INFO - cube_structure_item: CUBE_STRUCTURE_ITEM object (10117)
2025-05-07 13:24:10,673 - __main__ - INFO - cube_structure_item: CUBE_STRUCTURE_ITEM object (10127)
2025-05-07 13:24:10,675 - __main__ - INFO - cube_structure_item: CUBE_STRUCTURE_ITEM object (10128)
2025-05-07 13:24:10,676 - __main__ - INFO - cube_structure_item: CUBE_STRUCTURE_ITEM object (10137)
2025-05-07 13:24:10,678 - __main__ - INFO - cube_structure_item: CUBE_STRUCTURE_ITEM object (9965)
2025-05-07 13:24:10,679 - __main__ - INFO - cube_structure_item: CUBE_STRUCTURE_ITEM object (9967)
2025-05-07 13:24:10,679 - __main__ - INFO - cube_structure_item: CUBE_STRUCTURE_ITEM object (9977)
2025-05-07 13:24:10,679 - __main__ - INFO - cube_structure_item: CUBE_STRUCTURE_ITEM object (9978)
2025-05-07 13:24:10,679 - __main__ - INFO - cube_structure_item: CUBE_STRUCTURE_ITEM object (9979)
2025-05-07 13:24:10,679 - __main__ - INFO - cube_structure_item: CUBE_STRUCTURE_ITEM object (9981)
2025-05-07 13:24:10,679 - __main__ - INFO - cube_structure_item: CUBE_STRUCTURE_ITEM object (9984)
2025-05-07 13:24:10,679 - __main__ - INFO - cube_structure_item: CUBE_STRUCTURE_ITEM object (9985)
2025-05-07 13:24:10,680 - __main__ - INFO - cube_structure_item: CUBE_STRUCTURE_ITEM object (9990)
2025-05-07 13:24:10,680 - __main__ - INFO - cube_structure_item: CUBE_STRUCTURE_ITEM object (9993)
2025-05-07 13:24:10,680 - __main__ - INFO - cube_structure_item: CUBE_STRUCTURE_ITEM object (9999)
2025-05-07 13:24:10,680 - __main__ - INFO - cube_structure_item: CUBE_STRUCTURE_ITEM object (10000)
2025-05-07 13:24:10,680 - __main__ - INFO - cube_structure_item: CUBE_STRUCTURE_ITEM object (10005)
2025-05-07 13:24:10,680 - __main__ - INFO - cube_structure_item: CUBE_STRUCTURE_ITEM object (10009)
2025-05-07 13:24:10,680 - __main__ - INFO - cube_structure_item: CUBE_STRUCTURE_ITEM object (10011)
2025-05-07 13:24:10,680 - __main__ - INFO - cube_structure_item: CUBE_STRUCTURE_ITEM object (10012)
2025-05-07 13:24:10,680 - __main__ - INFO - cube_structure_item: CUBE_STRUCTURE_ITEM object (10013)
2025-05-07 13:24:10,680 - __main__ - INFO - cube_structure_item: CUBE_STRUCTURE_ITEM object (10020)
2025-05-07 13:24:10,681 - __main__ - INFO - cube_structure_item: CUBE_STRUCTURE_ITEM object (10021)
2025-05-07 13:24:10,681 - __main__ - INFO - cube_structure_item: CUBE_STRUCTURE_ITEM object (10024)
2025-05-07 13:24:10,681 - __main__ - INFO - cube_structure_item: CUBE_STRUCTURE_ITEM object (10025)
2025-05-07 13:24:10,681 - __main__ - INFO - cube_structure_item: CUBE_STRUCTURE_ITEM object (10026)
2025-05-07 13:24:10,681 - __main__ - INFO - cube_structure_item: CUBE_STRUCTURE_ITEM object (10029)
2025-05-07 13:24:10,681 - __main__ - INFO - cube_structure_item: CUBE_STRUCTURE_ITEM object (10030)
2025-05-07 13:24:10,681 - __main__ - INFO - cube_structure_item: CUBE_STRUCTURE_ITEM object (10032)
2025-05-07 13:24:10,681 - __main__ - INFO - cube_structure_item: CUBE_STRUCTURE_ITEM object (10033)
2025-05-07 13:24:10,681 - __main__ - INFO - cube_structure_item: CUBE_STRUCTURE_ITEM object (10053)
2025-05-07 13:24:10,681 - __main__ - INFO - cube_structure_item: CUBE_STRUCTURE_ITEM object (10056)
2025-05-07 13:24:10,681 - __main__ - INFO - cube_structure_item: CUBE_STRUCTURE_ITEM object (10057)
2025-05-07 13:24:10,681 - __main__ - INFO - cube_structure_item: CUBE_STRUCTURE_ITEM object (10062)
2025-05-07 13:24:10,682 - __main__ - INFO - cube_structure_item: CUBE_STRUCTURE_ITEM object (10066)
2025-05-07 13:24:10,682 - __main__ - INFO - cube_structure_item: CUBE_STRUCTURE_ITEM object (10069)
2025-05-07 13:24:10,682 - __main__ - INFO - cube_structure_item: CUBE_STRUCTURE_ITEM object (10070)
2025-05-07 13:24:10,682 - __main__ - INFO - cube_structure_item: CUBE_STRUCTURE_ITEM object (10071)
2025-05-07 13:24:10,682 - __main__ - INFO - cube_structure_item: CUBE_STRUCTURE_ITEM object (10073)
2025-05-07 13:24:10,682 - __main__ - INFO - cube_structure_item: CUBE_STRUCTURE_ITEM object (10075)
2025-05-07 13:24:10,682 - __main__ - INFO - cube_structure_item: CUBE_STRUCTURE_ITEM object (10081)
2025-05-07 13:24:10,682 - __main__ - INFO - cube_structure_item: CUBE_STRUCTURE_ITEM object (10082)
2025-05-07 13:24:10,682 - __main__ - INFO - cube_structure_item: CUBE_STRUCTURE_ITEM object (10084)
2025-05-07 13:24:10,682 - __main__ - INFO - cube_structure_item: CUBE_STRUCTURE_ITEM object (10085)
2025-05-07 13:24:10,683 - __main__ - INFO - cube_structure_item: CUBE_STRUCTURE_ITEM object (10092)
2025-05-07 13:24:10,683 - __main__ - INFO - cube_structure_item: CUBE_STRUCTURE_ITEM object (10094)
2025-05-07 13:24:10,683 - __main__ - INFO - cube_structure_item: CUBE_STRUCTURE_ITEM object (10105)
2025-05-07 13:24:10,683 - __main__ - INFO - cube_structure_item: CUBE_STRUCTURE_ITEM object (10107)
2025-05-07 13:24:10,683 - __main__ - INFO - cube_structure_item: CUBE_STRUCTURE_ITEM object (10108)
2025-05-07 13:24:10,683 - __main__ - INFO - cube_structure_item: CUBE_STRUCTURE_ITEM object (10115)
2025-05-07 13:24:10,683 - __main__ - INFO - cube_structure_item: CUBE_STRUCTURE_ITEM object (10117)
2025-05-07 13:24:10,683 - __main__ - INFO - cube_structure_item: CUBE_STRUCTURE_ITEM object (10127)
2025-05-07 13:24:10,683 - __main__ - INFO - cube_structure_item: CUBE_STRUCTURE_ITEM object (10128)
2025-05-07 13:24:10,683 - __main__ - INFO - cube_structure_item: CUBE_STRUCTURE_ITEM object (10137)
2025-05-07 13:24:10,684 - __main__ - INFO - cube_structure_item: CUBE_STRUCTURE_ITEM object (9965)
2025-05-07 13:24:10,684 - __main__ - INFO - cube_structure_item: CUBE_STRUCTURE_ITEM object (9967)
2025-05-07 13:24:10,684 - __main__ - INFO - cube_structure_item: CUBE_STRUCTURE_ITEM object (9977)
2025-05-07 13:24:10,684 - __main__ - INFO - cube_structure_item: CUBE_STRUCTURE_ITEM object (9978)
2025-05-07 13:24:10,684 - __main__ - INFO - cube_structure_item: CUBE_STRUCTURE_ITEM object (9979)
2025-05-07 13:24:10,684 - __main__ - INFO - cube_structure_item: CUBE_STRUCTURE_ITEM object (9981)
2025-05-07 13:24:10,684 - __main__ - INFO - cube_structure_item: CUBE_STRUCTURE_ITEM object (9984)
2025-05-07 13:24:10,684 - __main__ - INFO - cube_structure_item: CUBE_STRUCTURE_ITEM object (9985)
2025-05-07 13:24:10,684 - __main__ - INFO - cube_structure_item: CUBE_STRUCTURE_ITEM object (9990)
2025-05-07 13:24:10,684 - __main__ - INFO - cube_structure_item: CUBE_STRUCTURE_ITEM object (9993)
2025-05-07 13:24:10,685 - __main__ - INFO - cube_structure_item: CUBE_STRUCTURE_ITEM object (9999)
2025-05-07 13:24:10,685 - __main__ - INFO - cube_structure_item: CUBE_STRUCTURE_ITEM object (10000)
2025-05-07 13:24:10,685 - __main__ - INFO - cube_structure_item: CUBE_STRUCTURE_ITEM object (10005)
2025-05-07 13:24:10,685 - __main__ - INFO - cube_structure_item: CUBE_STRUCTURE_ITEM object (10009)
2025-05-07 13:24:10,685 - __main__ - INFO - cube_structure_item: CUBE_STRUCTURE_ITEM object (10011)
2025-05-07 13:24:10,685 - __main__ - INFO - cube_structure_item: CUBE_STRUCTURE_ITEM object (10012)
2025-05-07 13:24:10,685 - __main__ - INFO - cube_structure_item: CUBE_STRUCTURE_ITEM object (10013)
2025-05-07 13:24:10,685 - __main__ - INFO - cube_structure_item: CUBE_STRUCTURE_ITEM object (10020)
2025-05-07 13:24:10,685 - __main__ - INFO - cube_structure_item: CUBE_STRUCTURE_ITEM object (10021)
2025-05-07 13:24:10,685 - __main__ - INFO - cube_structure_item: CUBE_STRUCTURE_ITEM object (10024)
2025-05-07 13:24:10,686 - __main__ - INFO - cube_structure_item: CUBE_STRUCTURE_ITEM object (10025)
2025-05-07 13:24:10,686 - __main__ - INFO - cube_structure_item: CUBE_STRUCTURE_ITEM object (10026)
2025-05-07 13:24:10,686 - __main__ - INFO - cube_structure_item: CUBE_STRUCTURE_ITEM object (10029)
2025-05-07 13:24:10,686 - __main__ - INFO - cube_structure_item: CUBE_STRUCTURE_ITEM object (10030)
2025-05-07 13:24:10,686 - __main__ - INFO - cube_structure_item: CUBE_STRUCTURE_ITEM object (10032)
2025-05-07 13:24:10,686 - __main__ - INFO - cube_structure_item: CUBE_STRUCTURE_ITEM object (10033)
2025-05-07 13:24:10,686 - __main__ - INFO - cube_structure_item: CUBE_STRUCTURE_ITEM object (10053)
2025-05-07 13:24:10,686 - __main__ - INFO - cube_structure_item: CUBE_STRUCTURE_ITEM object (10056)
2025-05-07 13:24:10,686 - __main__ - INFO - cube_structure_item: CUBE_STRUCTURE_ITEM object (10057)
2025-05-07 13:24:10,686 - __main__ - INFO - cube_structure_item: CUBE_STRUCTURE_ITEM object (10062)
2025-05-07 13:24:10,686 - __main__ - INFO - cube_structure_item: CUBE_STRUCTURE_ITEM object (10066)
2025-05-07 13:24:10,687 - __main__ - INFO - cube_structure_item: CUBE_STRUCTURE_ITEM object (10069)
2025-05-07 13:24:10,687 - __main__ - INFO - cube_structure_item: CUBE_STRUCTURE_ITEM object (10070)
2025-05-07 13:24:10,687 - __main__ - INFO - cube_structure_item: CUBE_STRUCTURE_ITEM object (10071)
2025-05-07 13:24:10,687 - __main__ - INFO - cube_structure_item: CUBE_STRUCTURE_ITEM object (10073)
2025-05-07 13:24:10,687 - __main__ - INFO - cube_structure_item: CUBE_STRUCTURE_ITEM object (10075)
2025-05-07 13:24:10,687 - __main__ - INFO - cube_structure_item: CUBE_STRUCTURE_ITEM object (10081)
2025-05-07 13:24:10,687 - __main__ - INFO - cube_structure_item: CUBE_STRUCTURE_ITEM object (10082)
2025-05-07 13:24:10,687 - __main__ - INFO - cube_structure_item: CUBE_STRUCTURE_ITEM object (10084)
2025-05-07 13:24:10,687 - __main__ - INFO - cube_structure_item: CUBE_STRUCTURE_ITEM object (10085)
2025-05-07 13:24:10,687 - __main__ - INFO - cube_structure_item: CUBE_STRUCTURE_ITEM object (10092)
2025-05-07 13:24:10,687 - __main__ - INFO - cube_structure_item: CUBE_STRUCTURE_ITEM object (10094)
2025-05-07 13:24:10,688 - __main__ - INFO - cube_structure_item: CUBE_STRUCTURE_ITEM object (10105)
2025-05-07 13:24:10,688 - __main__ - INFO - cube_structure_item: CUBE_STRUCTURE_ITEM object (10107)
2025-05-07 13:24:10,688 - __main__ - INFO - cube_structure_item: CUBE_STRUCTURE_ITEM object (10108)
2025-05-07 13:24:10,688 - __main__ - INFO - cube_structure_item: CUBE_STRUCTURE_ITEM object (10115)
2025-05-07 13:24:10,688 - __main__ - INFO - cube_structure_item: CUBE_STRUCTURE_ITEM object (10117)
2025-05-07 13:24:10,688 - __main__ - INFO - cube_structure_item: CUBE_STRUCTURE_ITEM object (10127)
2025-05-07 13:24:10,688 - __main__ - INFO - cube_structure_item: CUBE_STRUCTURE_ITEM object (10128)
2025-05-07 13:24:10,688 - __main__ - INFO - cube_structure_item: CUBE_STRUCTURE_ITEM object (10137)
2025-05-07 13:24:10,688 - __main__ - INFO - {'ANCRDT_INSTRMNT_C_1:Loans and advances': [<CUBE_LINK: CUBE_LINK object (INSTRMNT:Loans and advances:ANCRDT_INSTRMNT_C_1)>, <CUBE_LINK: CUBE_LINK object (INSTRMNT_RL:Loans and advances:ANCRDT_INSTRMNT_C_1)>, <CUBE_LINK: CUBE_LINK object (CLLTRL:Loans and advances:ANCRDT_INSTRMNT_C_1)>]}
2025-05-07 13:25:00,649 - __main__ - INFO - Django configured successfully with settings module: birds_nest.settings
2025-05-07 13:25:04,543 - __main__ - INFO - rolc_id: ANCRDT_INSTRMNT_C_1
2025-05-07 13:25:04,543 - __main__ - INFO - cube_structure_item: CUBE_STRUCTURE_ITEM object (9965)
2025-05-07 13:25:04,547 - __main__ - INFO - cube_structure_item: CUBE_STRUCTURE_ITEM object (9967)
2025-05-07 13:25:04,549 - __main__ - INFO - cube_structure_item: CUBE_STRUCTURE_ITEM object (9977)
2025-05-07 13:25:04,552 - __main__ - INFO - cube_structure_item: CUBE_STRUCTURE_ITEM object (9978)
2025-05-07 13:25:04,555 - __main__ - INFO - cube_structure_item: CUBE_STRUCTURE_ITEM object (9979)
2025-05-07 13:25:04,558 - __main__ - INFO - cube_structure_item: CUBE_STRUCTURE_ITEM object (9981)
2025-05-07 13:25:04,560 - __main__ - INFO - cube_structure_item: CUBE_STRUCTURE_ITEM object (9984)
2025-05-07 13:25:04,562 - __main__ - INFO - cube_structure_item: CUBE_STRUCTURE_ITEM object (9985)
2025-05-07 13:25:04,564 - __main__ - INFO - cube_structure_item: CUBE_STRUCTURE_ITEM object (9990)
2025-05-07 13:25:04,566 - __main__ - INFO - cube_structure_item: CUBE_STRUCTURE_ITEM object (9993)
2025-05-07 13:25:04,568 - __main__ - INFO - cube_structure_item: CUBE_STRUCTURE_ITEM object (9999)
2025-05-07 13:25:04,570 - __main__ - INFO - cube_structure_item: CUBE_STRUCTURE_ITEM object (10000)
2025-05-07 13:25:04,572 - __main__ - INFO - cube_structure_item: CUBE_STRUCTURE_ITEM object (10005)
2025-05-07 13:25:04,574 - __main__ - INFO - cube_structure_item: CUBE_STRUCTURE_ITEM object (10009)
2025-05-07 13:25:04,576 - __main__ - INFO - cube_structure_item: CUBE_STRUCTURE_ITEM object (10011)
2025-05-07 13:25:04,578 - __main__ - INFO - cube_structure_item: CUBE_STRUCTURE_ITEM object (10012)
2025-05-07 13:25:04,580 - __main__ - INFO - cube_structure_item: CUBE_STRUCTURE_ITEM object (10013)
2025-05-07 13:25:04,583 - __main__ - INFO - cube_structure_item: CUBE_STRUCTURE_ITEM object (10020)
2025-05-07 13:25:04,585 - __main__ - INFO - cube_structure_item: CUBE_STRUCTURE_ITEM object (10021)
2025-05-07 13:25:04,587 - __main__ - INFO - cube_structure_item: CUBE_STRUCTURE_ITEM object (10024)
2025-05-07 13:25:04,590 - __main__ - INFO - cube_structure_item: CUBE_STRUCTURE_ITEM object (10025)
2025-05-07 13:25:04,593 - __main__ - INFO - cube_structure_item: CUBE_STRUCTURE_ITEM object (10026)
2025-05-07 13:25:04,595 - __main__ - INFO - cube_structure_item: CUBE_STRUCTURE_ITEM object (10029)
2025-05-07 13:25:04,598 - __main__ - INFO - cube_structure_item: CUBE_STRUCTURE_ITEM object (10030)
2025-05-07 13:25:04,601 - __main__ - INFO - cube_structure_item: CUBE_STRUCTURE_ITEM object (10032)
2025-05-07 13:25:04,603 - __main__ - INFO - cube_structure_item: CUBE_STRUCTURE_ITEM object (10033)
2025-05-07 13:25:04,605 - __main__ - INFO - cube_structure_item: CUBE_STRUCTURE_ITEM object (10053)
2025-05-07 13:25:04,608 - __main__ - INFO - cube_structure_item: CUBE_STRUCTURE_ITEM object (10056)
2025-05-07 13:25:04,611 - __main__ - INFO - cube_structure_item: CUBE_STRUCTURE_ITEM object (10057)
2025-05-07 13:25:04,613 - __main__ - INFO - cube_structure_item: CUBE_STRUCTURE_ITEM object (10062)
2025-05-07 13:25:04,615 - __main__ - INFO - cube_structure_item: CUBE_STRUCTURE_ITEM object (10066)
2025-05-07 13:25:04,618 - __main__ - INFO - cube_structure_item: CUBE_STRUCTURE_ITEM object (10069)
2025-05-07 13:25:04,620 - __main__ - INFO - cube_structure_item: CUBE_STRUCTURE_ITEM object (10070)
2025-05-07 13:25:04,623 - __main__ - INFO - cube_structure_item: CUBE_STRUCTURE_ITEM object (10071)
2025-05-07 13:25:04,625 - __main__ - INFO - cube_structure_item: CUBE_STRUCTURE_ITEM object (10073)
2025-05-07 13:25:04,627 - __main__ - INFO - cube_structure_item: CUBE_STRUCTURE_ITEM object (10075)
2025-05-07 13:25:04,629 - __main__ - INFO - cube_structure_item: CUBE_STRUCTURE_ITEM object (10081)
2025-05-07 13:25:04,632 - __main__ - INFO - cube_structure_item: CUBE_STRUCTURE_ITEM object (10082)
2025-05-07 13:25:04,634 - __main__ - INFO - cube_structure_item: CUBE_STRUCTURE_ITEM object (10084)
2025-05-07 13:25:04,636 - __main__ - INFO - cube_structure_item: CUBE_STRUCTURE_ITEM object (10085)
2025-05-07 13:25:04,638 - __main__ - INFO - cube_structure_item: CUBE_STRUCTURE_ITEM object (10092)
2025-05-07 13:25:04,640 - __main__ - INFO - cube_structure_item: CUBE_STRUCTURE_ITEM object (10094)
2025-05-07 13:25:04,643 - __main__ - INFO - cube_structure_item: CUBE_STRUCTURE_ITEM object (10105)
2025-05-07 13:25:04,646 - __main__ - INFO - cube_structure_item: CUBE_STRUCTURE_ITEM object (10107)
2025-05-07 13:25:04,650 - __main__ - INFO - cube_structure_item: CUBE_STRUCTURE_ITEM object (10108)
2025-05-07 13:25:04,654 - __main__ - INFO - cube_structure_item: CUBE_STRUCTURE_ITEM object (10115)
2025-05-07 13:25:04,658 - __main__ - INFO - cube_structure_item: CUBE_STRUCTURE_ITEM object (10117)
2025-05-07 13:25:04,661 - __main__ - INFO - cube_structure_item: CUBE_STRUCTURE_ITEM object (10127)
2025-05-07 13:25:04,663 - __main__ - INFO - cube_structure_item: CUBE_STRUCTURE_ITEM object (10128)
2025-05-07 13:25:04,664 - __main__ - INFO - cube_structure_item: CUBE_STRUCTURE_ITEM object (10137)
2025-05-07 13:25:04,666 - __main__ - INFO - cube_structure_item: CUBE_STRUCTURE_ITEM object (9965)
2025-05-07 13:25:04,667 - __main__ - INFO - cube_structure_item: CUBE_STRUCTURE_ITEM object (9967)
2025-05-07 13:25:04,667 - __main__ - INFO - cube_structure_item: CUBE_STRUCTURE_ITEM object (9977)
2025-05-07 13:25:04,667 - __main__ - INFO - cube_structure_item: CUBE_STRUCTURE_ITEM object (9978)
2025-05-07 13:25:04,667 - __main__ - INFO - cube_structure_item: CUBE_STRUCTURE_ITEM object (9979)
2025-05-07 13:25:04,667 - __main__ - INFO - cube_structure_item: CUBE_STRUCTURE_ITEM object (9981)
2025-05-07 13:25:04,667 - __main__ - INFO - cube_structure_item: CUBE_STRUCTURE_ITEM object (9984)
2025-05-07 13:25:04,667 - __main__ - INFO - cube_structure_item: CUBE_STRUCTURE_ITEM object (9985)
2025-05-07 13:25:04,667 - __main__ - INFO - cube_structure_item: CUBE_STRUCTURE_ITEM object (9990)
2025-05-07 13:25:04,667 - __main__ - INFO - cube_structure_item: CUBE_STRUCTURE_ITEM object (9993)
2025-05-07 13:25:04,668 - __main__ - INFO - cube_structure_item: CUBE_STRUCTURE_ITEM object (9999)
2025-05-07 13:25:04,668 - __main__ - INFO - cube_structure_item: CUBE_STRUCTURE_ITEM object (10000)
2025-05-07 13:25:04,668 - __main__ - INFO - cube_structure_item: CUBE_STRUCTURE_ITEM object (10005)
2025-05-07 13:25:04,668 - __main__ - INFO - cube_structure_item: CUBE_STRUCTURE_ITEM object (10009)
2025-05-07 13:25:04,668 - __main__ - INFO - cube_structure_item: CUBE_STRUCTURE_ITEM object (10011)
2025-05-07 13:25:04,668 - __main__ - INFO - cube_structure_item: CUBE_STRUCTURE_ITEM object (10012)
2025-05-07 13:25:04,668 - __main__ - INFO - cube_structure_item: CUBE_STRUCTURE_ITEM object (10013)
2025-05-07 13:25:04,668 - __main__ - INFO - cube_structure_item: CUBE_STRUCTURE_ITEM object (10020)
2025-05-07 13:25:04,668 - __main__ - INFO - cube_structure_item: CUBE_STRUCTURE_ITEM object (10021)
2025-05-07 13:25:04,668 - __main__ - INFO - cube_structure_item: CUBE_STRUCTURE_ITEM object (10024)
2025-05-07 13:25:04,669 - __main__ - INFO - cube_structure_item: CUBE_STRUCTURE_ITEM object (10025)
2025-05-07 13:25:04,669 - __main__ - INFO - cube_structure_item: CUBE_STRUCTURE_ITEM object (10026)
2025-05-07 13:25:04,669 - __main__ - INFO - cube_structure_item: CUBE_STRUCTURE_ITEM object (10029)
2025-05-07 13:25:04,669 - __main__ - INFO - cube_structure_item: CUBE_STRUCTURE_ITEM object (10030)
2025-05-07 13:25:04,669 - __main__ - INFO - cube_structure_item: CUBE_STRUCTURE_ITEM object (10032)
2025-05-07 13:25:04,669 - __main__ - INFO - cube_structure_item: CUBE_STRUCTURE_ITEM object (10033)
2025-05-07 13:25:04,669 - __main__ - INFO - cube_structure_item: CUBE_STRUCTURE_ITEM object (10053)
2025-05-07 13:25:04,669 - __main__ - INFO - cube_structure_item: CUBE_STRUCTURE_ITEM object (10056)
2025-05-07 13:25:04,669 - __main__ - INFO - cube_structure_item: CUBE_STRUCTURE_ITEM object (10057)
2025-05-07 13:25:04,670 - __main__ - INFO - cube_structure_item: CUBE_STRUCTURE_ITEM object (10062)
2025-05-07 13:25:04,670 - __main__ - INFO - cube_structure_item: CUBE_STRUCTURE_ITEM object (10066)
2025-05-07 13:25:04,670 - __main__ - INFO - cube_structure_item: CUBE_STRUCTURE_ITEM object (10069)
2025-05-07 13:25:04,670 - __main__ - INFO - cube_structure_item: CUBE_STRUCTURE_ITEM object (10070)
2025-05-07 13:25:04,670 - __main__ - INFO - cube_structure_item: CUBE_STRUCTURE_ITEM object (10071)
2025-05-07 13:25:04,670 - __main__ - INFO - cube_structure_item: CUBE_STRUCTURE_ITEM object (10073)
2025-05-07 13:25:04,670 - __main__ - INFO - cube_structure_item: CUBE_STRUCTURE_ITEM object (10075)
2025-05-07 13:25:04,670 - __main__ - INFO - cube_structure_item: CUBE_STRUCTURE_ITEM object (10081)
2025-05-07 13:25:04,670 - __main__ - INFO - cube_structure_item: CUBE_STRUCTURE_ITEM object (10082)
2025-05-07 13:25:04,671 - __main__ - INFO - cube_structure_item: CUBE_STRUCTURE_ITEM object (10084)
2025-05-07 13:25:04,671 - __main__ - INFO - cube_structure_item: CUBE_STRUCTURE_ITEM object (10085)
2025-05-07 13:25:04,671 - __main__ - INFO - cube_structure_item: CUBE_STRUCTURE_ITEM object (10092)
2025-05-07 13:25:04,671 - __main__ - INFO - cube_structure_item: CUBE_STRUCTURE_ITEM object (10094)
2025-05-07 13:25:04,671 - __main__ - INFO - cube_structure_item: CUBE_STRUCTURE_ITEM object (10105)
2025-05-07 13:25:04,671 - __main__ - INFO - cube_structure_item: CUBE_STRUCTURE_ITEM object (10107)
2025-05-07 13:25:04,671 - __main__ - INFO - cube_structure_item: CUBE_STRUCTURE_ITEM object (10108)
2025-05-07 13:25:04,671 - __main__ - INFO - cube_structure_item: CUBE_STRUCTURE_ITEM object (10115)
2025-05-07 13:25:04,671 - __main__ - INFO - cube_structure_item: CUBE_STRUCTURE_ITEM object (10117)
2025-05-07 13:25:04,672 - __main__ - INFO - cube_structure_item: CUBE_STRUCTURE_ITEM object (10127)
2025-05-07 13:25:04,672 - __main__ - INFO - cube_structure_item: CUBE_STRUCTURE_ITEM object (10128)
2025-05-07 13:25:04,672 - __main__ - INFO - cube_structure_item: CUBE_STRUCTURE_ITEM object (10137)
2025-05-07 13:25:04,672 - __main__ - INFO - cube_structure_item: CUBE_STRUCTURE_ITEM object (9965)
2025-05-07 13:25:04,672 - __main__ - INFO - cube_structure_item: CUBE_STRUCTURE_ITEM object (9967)
2025-05-07 13:25:04,672 - __main__ - INFO - cube_structure_item: CUBE_STRUCTURE_ITEM object (9977)
2025-05-07 13:25:04,672 - __main__ - INFO - cube_structure_item: CUBE_STRUCTURE_ITEM object (9978)
2025-05-07 13:25:04,672 - __main__ - INFO - cube_structure_item: CUBE_STRUCTURE_ITEM object (9979)
2025-05-07 13:25:04,672 - __main__ - INFO - cube_structure_item: CUBE_STRUCTURE_ITEM object (9981)
2025-05-07 13:25:04,673 - __main__ - INFO - cube_structure_item: CUBE_STRUCTURE_ITEM object (9984)
2025-05-07 13:25:04,673 - __main__ - INFO - cube_structure_item: CUBE_STRUCTURE_ITEM object (9985)
2025-05-07 13:25:04,673 - __main__ - INFO - cube_structure_item: CUBE_STRUCTURE_ITEM object (9990)
2025-05-07 13:25:04,673 - __main__ - INFO - cube_structure_item: CUBE_STRUCTURE_ITEM object (9993)
2025-05-07 13:25:04,673 - __main__ - INFO - cube_structure_item: CUBE_STRUCTURE_ITEM object (9999)
2025-05-07 13:25:04,673 - __main__ - INFO - cube_structure_item: CUBE_STRUCTURE_ITEM object (10000)
2025-05-07 13:25:04,673 - __main__ - INFO - cube_structure_item: CUBE_STRUCTURE_ITEM object (10005)
2025-05-07 13:25:04,673 - __main__ - INFO - cube_structure_item: CUBE_STRUCTURE_ITEM object (10009)
2025-05-07 13:25:04,674 - __main__ - INFO - cube_structure_item: CUBE_STRUCTURE_ITEM object (10011)
2025-05-07 13:25:04,674 - __main__ - INFO - cube_structure_item: CUBE_STRUCTURE_ITEM object (10012)
2025-05-07 13:25:04,674 - __main__ - INFO - cube_structure_item: CUBE_STRUCTURE_ITEM object (10013)
2025-05-07 13:25:04,674 - __main__ - INFO - cube_structure_item: CUBE_STRUCTURE_ITEM object (10020)
2025-05-07 13:25:04,674 - __main__ - INFO - cube_structure_item: CUBE_STRUCTURE_ITEM object (10021)
2025-05-07 13:25:04,674 - __main__ - INFO - cube_structure_item: CUBE_STRUCTURE_ITEM object (10024)
2025-05-07 13:25:04,674 - __main__ - INFO - cube_structure_item: CUBE_STRUCTURE_ITEM object (10025)
2025-05-07 13:25:04,674 - __main__ - INFO - cube_structure_item: CUBE_STRUCTURE_ITEM object (10026)
2025-05-07 13:25:04,675 - __main__ - INFO - cube_structure_item: CUBE_STRUCTURE_ITEM object (10029)
2025-05-07 13:25:04,675 - __main__ - INFO - cube_structure_item: CUBE_STRUCTURE_ITEM object (10030)
2025-05-07 13:25:04,675 - __main__ - INFO - cube_structure_item: CUBE_STRUCTURE_ITEM object (10032)
2025-05-07 13:25:04,675 - __main__ - INFO - cube_structure_item: CUBE_STRUCTURE_ITEM object (10033)
2025-05-07 13:25:04,675 - __main__ - INFO - cube_structure_item: CUBE_STRUCTURE_ITEM object (10053)
2025-05-07 13:25:04,675 - __main__ - INFO - cube_structure_item: CUBE_STRUCTURE_ITEM object (10056)
2025-05-07 13:25:04,675 - __main__ - INFO - cube_structure_item: CUBE_STRUCTURE_ITEM object (10057)
2025-05-07 13:25:04,675 - __main__ - INFO - cube_structure_item: CUBE_STRUCTURE_ITEM object (10062)
2025-05-07 13:25:04,675 - __main__ - INFO - cube_structure_item: CUBE_STRUCTURE_ITEM object (10066)
2025-05-07 13:25:04,676 - __main__ - INFO - cube_structure_item: CUBE_STRUCTURE_ITEM object (10069)
2025-05-07 13:25:04,676 - __main__ - INFO - cube_structure_item: CUBE_STRUCTURE_ITEM object (10070)
2025-05-07 13:25:04,676 - __main__ - INFO - cube_structure_item: CUBE_STRUCTURE_ITEM object (10071)
2025-05-07 13:25:04,676 - __main__ - INFO - cube_structure_item: CUBE_STRUCTURE_ITEM object (10073)
2025-05-07 13:25:04,676 - __main__ - INFO - cube_structure_item: CUBE_STRUCTURE_ITEM object (10075)
2025-05-07 13:25:04,676 - __main__ - INFO - cube_structure_item: CUBE_STRUCTURE_ITEM object (10081)
2025-05-07 13:25:04,676 - __main__ - INFO - cube_structure_item: CUBE_STRUCTURE_ITEM object (10082)
2025-05-07 13:25:04,676 - __main__ - INFO - cube_structure_item: CUBE_STRUCTURE_ITEM object (10084)
2025-05-07 13:25:04,677 - __main__ - INFO - cube_structure_item: CUBE_STRUCTURE_ITEM object (10085)
2025-05-07 13:25:04,677 - __main__ - INFO - cube_structure_item: CUBE_STRUCTURE_ITEM object (10092)
2025-05-07 13:25:04,677 - __main__ - INFO - cube_structure_item: CUBE_STRUCTURE_ITEM object (10094)
2025-05-07 13:25:04,677 - __main__ - INFO - cube_structure_item: CUBE_STRUCTURE_ITEM object (10105)
2025-05-07 13:25:04,677 - __main__ - INFO - cube_structure_item: CUBE_STRUCTURE_ITEM object (10107)
2025-05-07 13:25:04,677 - __main__ - INFO - cube_structure_item: CUBE_STRUCTURE_ITEM object (10108)
2025-05-07 13:25:04,677 - __main__ - INFO - cube_structure_item: CUBE_STRUCTURE_ITEM object (10115)
2025-05-07 13:25:04,677 - __main__ - INFO - cube_structure_item: CUBE_STRUCTURE_ITEM object (10117)
2025-05-07 13:25:04,678 - __main__ - INFO - cube_structure_item: CUBE_STRUCTURE_ITEM object (10127)
2025-05-07 13:25:04,678 - __main__ - INFO - cube_structure_item: CUBE_STRUCTURE_ITEM object (10128)
2025-05-07 13:25:04,678 - __main__ - INFO - cube_structure_item: CUBE_STRUCTURE_ITEM object (10137)
2025-05-07 13:25:04,678 - __main__ - INFO - {'ANCRDT_INSTRMNT_C_1:Loans and advances': [<CUBE_LINK: CUBE_LINK object (INSTRMNT:Loans and advances:ANCRDT_INSTRMNT_C_1)>, <CUBE_LINK: CUBE_LINK object (INSTRMNT_RL:Loans and advances:ANCRDT_INSTRMNT_C_1)>, <CUBE_LINK: CUBE_LINK object (CLLTRL:Loans and advances:ANCRDT_INSTRMNT_C_1)>]}
2025-05-07 13:30:53,760 - __main__ - INFO - Django configured successfully with settings module: birds_nest.settings
2025-05-07 13:30:59,337 - __main__ - INFO - rolc_id: ANCRDT_INSTRMNT_C_1
2025-05-07 13:30:59,337 - __main__ - INFO - cube_structure_item: CUBE_STRUCTURE_ITEM object (9965)
2025-05-07 13:30:59,341 - __main__ - INFO - cube_structure_item: CUBE_STRUCTURE_ITEM object (9967)
2025-05-07 13:30:59,345 - __main__ - INFO - cube_structure_item: CUBE_STRUCTURE_ITEM object (9977)
2025-05-07 13:30:59,349 - __main__ - INFO - cube_structure_item: CUBE_STRUCTURE_ITEM object (9978)
2025-05-07 13:30:59,352 - __main__ - INFO - cube_structure_item: CUBE_STRUCTURE_ITEM object (9979)
2025-05-07 13:30:59,356 - __main__ - INFO - cube_structure_item: CUBE_STRUCTURE_ITEM object (9981)
2025-05-07 13:30:59,360 - __main__ - INFO - cube_structure_item: CUBE_STRUCTURE_ITEM object (9984)
2025-05-07 13:30:59,364 - __main__ - INFO - cube_structure_item: CUBE_STRUCTURE_ITEM object (9985)
2025-05-07 13:30:59,368 - __main__ - INFO - cube_structure_item: CUBE_STRUCTURE_ITEM object (9990)
2025-05-07 13:30:59,373 - __main__ - INFO - cube_structure_item: CUBE_STRUCTURE_ITEM object (9993)
2025-05-07 13:30:59,379 - __main__ - INFO - cube_structure_item: CUBE_STRUCTURE_ITEM object (9999)
2025-05-07 13:30:59,383 - __main__ - INFO - cube_structure_item: CUBE_STRUCTURE_ITEM object (10000)
2025-05-07 13:30:59,387 - __main__ - INFO - cube_structure_item: CUBE_STRUCTURE_ITEM object (10005)
2025-05-07 13:30:59,390 - __main__ - INFO - cube_structure_item: CUBE_STRUCTURE_ITEM object (10009)
2025-05-07 13:30:59,394 - __main__ - INFO - cube_structure_item: CUBE_STRUCTURE_ITEM object (10011)
2025-05-07 13:30:59,398 - __main__ - INFO - cube_structure_item: CUBE_STRUCTURE_ITEM object (10012)
2025-05-07 13:30:59,403 - __main__ - INFO - cube_structure_item: CUBE_STRUCTURE_ITEM object (10013)
2025-05-07 13:30:59,407 - __main__ - INFO - cube_structure_item: CUBE_STRUCTURE_ITEM object (10020)
2025-05-07 13:30:59,412 - __main__ - INFO - cube_structure_item: CUBE_STRUCTURE_ITEM object (10021)
2025-05-07 13:30:59,417 - __main__ - INFO - cube_structure_item: CUBE_STRUCTURE_ITEM object (10024)
2025-05-07 13:30:59,421 - __main__ - INFO - cube_structure_item: CUBE_STRUCTURE_ITEM object (10025)
2025-05-07 13:30:59,426 - __main__ - INFO - cube_structure_item: CUBE_STRUCTURE_ITEM object (10026)
2025-05-07 13:30:59,430 - __main__ - INFO - cube_structure_item: CUBE_STRUCTURE_ITEM object (10029)
2025-05-07 13:30:59,436 - __main__ - INFO - cube_structure_item: CUBE_STRUCTURE_ITEM object (10030)
2025-05-07 13:30:59,444 - __main__ - INFO - cube_structure_item: CUBE_STRUCTURE_ITEM object (10032)
2025-05-07 13:30:59,449 - __main__ - INFO - cube_structure_item: CUBE_STRUCTURE_ITEM object (10033)
2025-05-07 13:30:59,453 - __main__ - INFO - cube_structure_item: CUBE_STRUCTURE_ITEM object (10053)
2025-05-07 13:30:59,457 - __main__ - INFO - cube_structure_item: CUBE_STRUCTURE_ITEM object (10056)
2025-05-07 13:30:59,461 - __main__ - INFO - cube_structure_item: CUBE_STRUCTURE_ITEM object (10057)
2025-05-07 13:30:59,465 - __main__ - INFO - cube_structure_item: CUBE_STRUCTURE_ITEM object (10062)
2025-05-07 13:30:59,471 - __main__ - INFO - cube_structure_item: CUBE_STRUCTURE_ITEM object (10066)
2025-05-07 13:30:59,481 - __main__ - INFO - cube_structure_item: CUBE_STRUCTURE_ITEM object (10069)
2025-05-07 13:30:59,495 - __main__ - INFO - cube_structure_item: CUBE_STRUCTURE_ITEM object (10070)
2025-05-07 13:30:59,512 - __main__ - INFO - cube_structure_item: CUBE_STRUCTURE_ITEM object (10071)
2025-05-07 13:30:59,525 - __main__ - INFO - cube_structure_item: CUBE_STRUCTURE_ITEM object (10073)
2025-05-07 13:30:59,532 - __main__ - INFO - cube_structure_item: CUBE_STRUCTURE_ITEM object (10075)
2025-05-07 13:30:59,541 - __main__ - INFO - cube_structure_item: CUBE_STRUCTURE_ITEM object (10081)
2025-05-07 13:30:59,551 - __main__ - INFO - cube_structure_item: CUBE_STRUCTURE_ITEM object (10082)
2025-05-07 13:30:59,563 - __main__ - INFO - cube_structure_item: CUBE_STRUCTURE_ITEM object (10084)
2025-05-07 13:30:59,573 - __main__ - INFO - cube_structure_item: CUBE_STRUCTURE_ITEM object (10085)
2025-05-07 13:30:59,583 - __main__ - INFO - cube_structure_item: CUBE_STRUCTURE_ITEM object (10092)
2025-05-07 13:30:59,587 - __main__ - INFO - cube_structure_item: CUBE_STRUCTURE_ITEM object (10094)
2025-05-07 13:30:59,591 - __main__ - INFO - cube_structure_item: CUBE_STRUCTURE_ITEM object (10105)
2025-05-07 13:30:59,596 - __main__ - INFO - cube_structure_item: CUBE_STRUCTURE_ITEM object (10107)
2025-05-07 13:30:59,600 - __main__ - INFO - cube_structure_item: CUBE_STRUCTURE_ITEM object (10108)
2025-05-07 13:30:59,607 - __main__ - INFO - cube_structure_item: CUBE_STRUCTURE_ITEM object (10115)
2025-05-07 13:30:59,618 - __main__ - INFO - cube_structure_item: CUBE_STRUCTURE_ITEM object (10117)
2025-05-07 13:30:59,626 - __main__ - INFO - cube_structure_item: CUBE_STRUCTURE_ITEM object (10127)
2025-05-07 13:30:59,632 - __main__ - INFO - cube_structure_item: CUBE_STRUCTURE_ITEM object (10128)
2025-05-07 13:30:59,637 - __main__ - INFO - cube_structure_item: CUBE_STRUCTURE_ITEM object (10137)
2025-05-07 13:30:59,650 - __main__ - INFO - cube_structure_item: CUBE_STRUCTURE_ITEM object (9965)
2025-05-07 13:30:59,652 - __main__ - INFO - cube_structure_item: CUBE_STRUCTURE_ITEM object (9967)
2025-05-07 13:30:59,653 - __main__ - INFO - cube_structure_item: CUBE_STRUCTURE_ITEM object (9977)
2025-05-07 13:30:59,653 - __main__ - INFO - cube_structure_item: CUBE_STRUCTURE_ITEM object (9978)
2025-05-07 13:30:59,653 - __main__ - INFO - cube_structure_item: CUBE_STRUCTURE_ITEM object (9979)
2025-05-07 13:30:59,654 - __main__ - INFO - cube_structure_item: CUBE_STRUCTURE_ITEM object (9981)
2025-05-07 13:30:59,655 - __main__ - INFO - cube_structure_item: CUBE_STRUCTURE_ITEM object (9984)
2025-05-07 13:30:59,656 - __main__ - INFO - cube_structure_item: CUBE_STRUCTURE_ITEM object (9985)
2025-05-07 13:30:59,660 - __main__ - INFO - cube_structure_item: CUBE_STRUCTURE_ITEM object (9990)
2025-05-07 13:30:59,662 - __main__ - INFO - cube_structure_item: CUBE_STRUCTURE_ITEM object (9993)
2025-05-07 13:30:59,663 - __main__ - INFO - cube_structure_item: CUBE_STRUCTURE_ITEM object (9999)
2025-05-07 13:30:59,664 - __main__ - INFO - cube_structure_item: CUBE_STRUCTURE_ITEM object (10000)
2025-05-07 13:30:59,664 - __main__ - INFO - cube_structure_item: CUBE_STRUCTURE_ITEM object (10005)
2025-05-07 13:30:59,665 - __main__ - INFO - cube_structure_item: CUBE_STRUCTURE_ITEM object (10009)
2025-05-07 13:30:59,665 - __main__ - INFO - cube_structure_item: CUBE_STRUCTURE_ITEM object (10011)
2025-05-07 13:30:59,666 - __main__ - INFO - cube_structure_item: CUBE_STRUCTURE_ITEM object (10012)
2025-05-07 13:30:59,668 - __main__ - INFO - cube_structure_item: CUBE_STRUCTURE_ITEM object (10013)
2025-05-07 13:30:59,668 - __main__ - INFO - cube_structure_item: CUBE_STRUCTURE_ITEM object (10020)
2025-05-07 13:30:59,668 - __main__ - INFO - cube_structure_item: CUBE_STRUCTURE_ITEM object (10021)
2025-05-07 13:30:59,668 - __main__ - INFO - cube_structure_item: CUBE_STRUCTURE_ITEM object (10024)
2025-05-07 13:30:59,669 - __main__ - INFO - cube_structure_item: CUBE_STRUCTURE_ITEM object (10025)
2025-05-07 13:30:59,670 - __main__ - INFO - cube_structure_item: CUBE_STRUCTURE_ITEM object (10026)
2025-05-07 13:30:59,670 - __main__ - INFO - cube_structure_item: CUBE_STRUCTURE_ITEM object (10029)
2025-05-07 13:30:59,670 - __main__ - INFO - cube_structure_item: CUBE_STRUCTURE_ITEM object (10030)
2025-05-07 13:30:59,670 - __main__ - INFO - cube_structure_item: CUBE_STRUCTURE_ITEM object (10032)
2025-05-07 13:30:59,671 - __main__ - INFO - cube_structure_item: CUBE_STRUCTURE_ITEM object (10033)
2025-05-07 13:30:59,673 - __main__ - INFO - cube_structure_item: CUBE_STRUCTURE_ITEM object (10053)
2025-05-07 13:30:59,673 - __main__ - INFO - cube_structure_item: CUBE_STRUCTURE_ITEM object (10056)
2025-05-07 13:30:59,673 - __main__ - INFO - cube_structure_item: CUBE_STRUCTURE_ITEM object (10057)
2025-05-07 13:30:59,673 - __main__ - INFO - cube_structure_item: CUBE_STRUCTURE_ITEM object (10062)
2025-05-07 13:30:59,673 - __main__ - INFO - cube_structure_item: CUBE_STRUCTURE_ITEM object (10066)
2025-05-07 13:30:59,675 - __main__ - INFO - cube_structure_item: CUBE_STRUCTURE_ITEM object (10069)
2025-05-07 13:30:59,675 - __main__ - INFO - cube_structure_item: CUBE_STRUCTURE_ITEM object (10070)
2025-05-07 13:30:59,675 - __main__ - INFO - cube_structure_item: CUBE_STRUCTURE_ITEM object (10071)
2025-05-07 13:30:59,678 - __main__ - INFO - cube_structure_item: CUBE_STRUCTURE_ITEM object (10073)
2025-05-07 13:30:59,678 - __main__ - INFO - cube_structure_item: CUBE_STRUCTURE_ITEM object (10075)
2025-05-07 13:30:59,679 - __main__ - INFO - cube_structure_item: CUBE_STRUCTURE_ITEM object (10081)
2025-05-07 13:30:59,679 - __main__ - INFO - cube_structure_item: CUBE_STRUCTURE_ITEM object (10082)
2025-05-07 13:30:59,679 - __main__ - INFO - cube_structure_item: CUBE_STRUCTURE_ITEM object (10084)
2025-05-07 13:30:59,679 - __main__ - INFO - cube_structure_item: CUBE_STRUCTURE_ITEM object (10085)
2025-05-07 13:30:59,679 - __main__ - INFO - cube_structure_item: CUBE_STRUCTURE_ITEM object (10092)
2025-05-07 13:30:59,679 - __main__ - INFO - cube_structure_item: CUBE_STRUCTURE_ITEM object (10094)
2025-05-07 13:30:59,680 - __main__ - INFO - cube_structure_item: CUBE_STRUCTURE_ITEM object (10105)
2025-05-07 13:30:59,680 - __main__ - INFO - cube_structure_item: CUBE_STRUCTURE_ITEM object (10107)
2025-05-07 13:30:59,681 - __main__ - INFO - cube_structure_item: CUBE_STRUCTURE_ITEM object (10108)
2025-05-07 13:30:59,681 - __main__ - INFO - cube_structure_item: CUBE_STRUCTURE_ITEM object (10115)
2025-05-07 13:30:59,682 - __main__ - INFO - cube_structure_item: CUBE_STRUCTURE_ITEM object (10117)
2025-05-07 13:30:59,682 - __main__ - INFO - cube_structure_item: CUBE_STRUCTURE_ITEM object (10127)
2025-05-07 13:30:59,683 - __main__ - INFO - cube_structure_item: CUBE_STRUCTURE_ITEM object (10128)
2025-05-07 13:30:59,683 - __main__ - INFO - cube_structure_item: CUBE_STRUCTURE_ITEM object (10137)
2025-05-07 13:30:59,683 - __main__ - INFO - cube_structure_item: CUBE_STRUCTURE_ITEM object (9965)
2025-05-07 13:30:59,683 - __main__ - INFO - cube_structure_item: CUBE_STRUCTURE_ITEM object (9967)
2025-05-07 13:30:59,684 - __main__ - INFO - cube_structure_item: CUBE_STRUCTURE_ITEM object (9977)
2025-05-07 13:30:59,684 - __main__ - INFO - cube_structure_item: CUBE_STRUCTURE_ITEM object (9978)
2025-05-07 13:30:59,684 - __main__ - INFO - cube_structure_item: CUBE_STRUCTURE_ITEM object (9979)
2025-05-07 13:30:59,684 - __main__ - INFO - cube_structure_item: CUBE_STRUCTURE_ITEM object (9981)
2025-05-07 13:30:59,684 - __main__ - INFO - cube_structure_item: CUBE_STRUCTURE_ITEM object (9984)
2025-05-07 13:30:59,684 - __main__ - INFO - cube_structure_item: CUBE_STRUCTURE_ITEM object (9985)
2025-05-07 13:30:59,685 - __main__ - INFO - cube_structure_item: CUBE_STRUCTURE_ITEM object (9990)
2025-05-07 13:30:59,685 - __main__ - INFO - cube_structure_item: CUBE_STRUCTURE_ITEM object (9993)
2025-05-07 13:30:59,685 - __main__ - INFO - cube_structure_item: CUBE_STRUCTURE_ITEM object (9999)
2025-05-07 13:30:59,685 - __main__ - INFO - cube_structure_item: CUBE_STRUCTURE_ITEM object (10000)
2025-05-07 13:30:59,685 - __main__ - INFO - cube_structure_item: CUBE_STRUCTURE_ITEM object (10005)
2025-05-07 13:30:59,685 - __main__ - INFO - cube_structure_item: CUBE_STRUCTURE_ITEM object (10009)
2025-05-07 13:30:59,686 - __main__ - INFO - cube_structure_item: CUBE_STRUCTURE_ITEM object (10011)
2025-05-07 13:30:59,686 - __main__ - INFO - cube_structure_item: CUBE_STRUCTURE_ITEM object (10012)
2025-05-07 13:30:59,686 - __main__ - INFO - cube_structure_item: CUBE_STRUCTURE_ITEM object (10013)
2025-05-07 13:30:59,686 - __main__ - INFO - cube_structure_item: CUBE_STRUCTURE_ITEM object (10020)
2025-05-07 13:30:59,687 - __main__ - INFO - cube_structure_item: CUBE_STRUCTURE_ITEM object (10021)
2025-05-07 13:30:59,687 - __main__ - INFO - cube_structure_item: CUBE_STRUCTURE_ITEM object (10024)
2025-05-07 13:30:59,687 - __main__ - INFO - cube_structure_item: CUBE_STRUCTURE_ITEM object (10025)
2025-05-07 13:30:59,687 - __main__ - INFO - cube_structure_item: CUBE_STRUCTURE_ITEM object (10026)
2025-05-07 13:30:59,688 - __main__ - INFO - cube_structure_item: CUBE_STRUCTURE_ITEM object (10029)
2025-05-07 13:30:59,688 - __main__ - INFO - cube_structure_item: CUBE_STRUCTURE_ITEM object (10030)
2025-05-07 13:30:59,688 - __main__ - INFO - cube_structure_item: CUBE_STRUCTURE_ITEM object (10032)
2025-05-07 13:30:59,688 - __main__ - INFO - cube_structure_item: CUBE_STRUCTURE_ITEM object (10033)
2025-05-07 13:30:59,688 - __main__ - INFO - cube_structure_item: CUBE_STRUCTURE_ITEM object (10053)
2025-05-07 13:30:59,689 - __main__ - INFO - cube_structure_item: CUBE_STRUCTURE_ITEM object (10056)
2025-05-07 13:30:59,689 - __main__ - INFO - cube_structure_item: CUBE_STRUCTURE_ITEM object (10057)
2025-05-07 13:30:59,689 - __main__ - INFO - cube_structure_item: CUBE_STRUCTURE_ITEM object (10062)
2025-05-07 13:30:59,689 - __main__ - INFO - cube_structure_item: CUBE_STRUCTURE_ITEM object (10066)
2025-05-07 13:30:59,690 - __main__ - INFO - cube_structure_item: CUBE_STRUCTURE_ITEM object (10069)
2025-05-07 13:30:59,690 - __main__ - INFO - cube_structure_item: CUBE_STRUCTURE_ITEM object (10070)
2025-05-07 13:30:59,690 - __main__ - INFO - cube_structure_item: CUBE_STRUCTURE_ITEM object (10071)
2025-05-07 13:30:59,691 - __main__ - INFO - cube_structure_item: CUBE_STRUCTURE_ITEM object (10073)
2025-05-07 13:30:59,691 - __main__ - INFO - cube_structure_item: CUBE_STRUCTURE_ITEM object (10075)
2025-05-07 13:30:59,691 - __main__ - INFO - cube_structure_item: CUBE_STRUCTURE_ITEM object (10081)
2025-05-07 13:30:59,691 - __main__ - INFO - cube_structure_item: CUBE_STRUCTURE_ITEM object (10082)
2025-05-07 13:30:59,692 - __main__ - INFO - cube_structure_item: CUBE_STRUCTURE_ITEM object (10084)
2025-05-07 13:30:59,692 - __main__ - INFO - cube_structure_item: CUBE_STRUCTURE_ITEM object (10085)
2025-05-07 13:30:59,692 - __main__ - INFO - cube_structure_item: CUBE_STRUCTURE_ITEM object (10092)
2025-05-07 13:30:59,692 - __main__ - INFO - cube_structure_item: CUBE_STRUCTURE_ITEM object (10094)
2025-05-07 13:30:59,693 - __main__ - INFO - cube_structure_item: CUBE_STRUCTURE_ITEM object (10105)
2025-05-07 13:30:59,693 - __main__ - INFO - cube_structure_item: CUBE_STRUCTURE_ITEM object (10107)
2025-05-07 13:30:59,693 - __main__ - INFO - cube_structure_item: CUBE_STRUCTURE_ITEM object (10108)
2025-05-07 13:30:59,693 - __main__ - INFO - cube_structure_item: CUBE_STRUCTURE_ITEM object (10115)
2025-05-07 13:30:59,693 - __main__ - INFO - cube_structure_item: CUBE_STRUCTURE_ITEM object (10117)
2025-05-07 13:30:59,694 - __main__ - INFO - cube_structure_item: CUBE_STRUCTURE_ITEM object (10127)
2025-05-07 13:30:59,694 - __main__ - INFO - cube_structure_item: CUBE_STRUCTURE_ITEM object (10128)
2025-05-07 13:30:59,694 - __main__ - INFO - cube_structure_item: CUBE_STRUCTURE_ITEM object (10137)
2025-05-07 13:30:59,694 - __main__ - INFO - {'ANCRDT_INSTRMNT_C_1:Loans and advances': [<CUBE_LINK: CUBE_LINK object (INSTRMNT:Loans and advances:ANCRDT_INSTRMNT_C_1)>, <CUBE_LINK: CUBE_LINK object (INSTRMNT_RL:Loans and advances:ANCRDT_INSTRMNT_C_1)>, <CUBE_LINK: CUBE_LINK object (CLLTRL:Loans and advances:ANCRDT_INSTRMNT_C_1)>]}
2025-05-07 13:30:59,924 - __main__ - INFO - cube_structure_item: CUBE_STRUCTURE_ITEM object (9965)
2025-05-07 13:30:59,925 - __main__ - INFO - cube_structure_item: CUBE_STRUCTURE_ITEM object (9967)
2025-05-07 13:30:59,925 - __main__ - INFO - cube_structure_item: CUBE_STRUCTURE_ITEM object (9977)
2025-05-07 13:30:59,925 - __main__ - INFO - cube_structure_item: CUBE_STRUCTURE_ITEM object (9978)
2025-05-07 13:30:59,925 - __main__ - INFO - cube_structure_item: CUBE_STRUCTURE_ITEM object (9979)
2025-05-07 13:30:59,926 - __main__ - INFO - cube_structure_item: CUBE_STRUCTURE_ITEM object (9981)
2025-05-07 13:30:59,927 - __main__ - INFO - cube_structure_item: CUBE_STRUCTURE_ITEM object (9984)
2025-05-07 13:30:59,927 - __main__ - INFO - cube_structure_item: CUBE_STRUCTURE_ITEM object (9985)
2025-05-07 13:30:59,927 - __main__ - INFO - cube_structure_item: CUBE_STRUCTURE_ITEM object (9990)
2025-05-07 13:30:59,928 - __main__ - INFO - cube_structure_item: CUBE_STRUCTURE_ITEM object (9993)
2025-05-07 13:30:59,928 - __main__ - INFO - cube_structure_item: CUBE_STRUCTURE_ITEM object (9999)
2025-05-07 13:30:59,928 - __main__ - INFO - cube_structure_item: CUBE_STRUCTURE_ITEM object (10000)
2025-05-07 13:30:59,928 - __main__ - INFO - cube_structure_item: CUBE_STRUCTURE_ITEM object (10005)
2025-05-07 13:30:59,930 - __main__ - INFO - cube_structure_item: CUBE_STRUCTURE_ITEM object (10009)
2025-05-07 13:30:59,930 - __main__ - INFO - cube_structure_item: CUBE_STRUCTURE_ITEM object (10011)
2025-05-07 13:30:59,931 - __main__ - INFO - cube_structure_item: CUBE_STRUCTURE_ITEM object (10012)
2025-05-07 13:30:59,932 - __main__ - INFO - cube_structure_item: CUBE_STRUCTURE_ITEM object (10013)
2025-05-07 13:30:59,932 - __main__ - INFO - cube_structure_item: CUBE_STRUCTURE_ITEM object (10020)
2025-05-07 13:30:59,933 - __main__ - INFO - cube_structure_item: CUBE_STRUCTURE_ITEM object (10021)
2025-05-07 13:30:59,934 - __main__ - INFO - cube_structure_item: CUBE_STRUCTURE_ITEM object (10024)
2025-05-07 13:30:59,934 - __main__ - INFO - cube_structure_item: CUBE_STRUCTURE_ITEM object (10025)
2025-05-07 13:30:59,934 - __main__ - INFO - cube_structure_item: CUBE_STRUCTURE_ITEM object (10026)
2025-05-07 13:30:59,934 - __main__ - INFO - cube_structure_item: CUBE_STRUCTURE_ITEM object (10029)
2025-05-07 13:30:59,935 - __main__ - INFO - cube_structure_item: CUBE_STRUCTURE_ITEM object (10030)
2025-05-07 13:30:59,936 - __main__ - INFO - cube_structure_item: CUBE_STRUCTURE_ITEM object (10032)
2025-05-07 13:30:59,937 - __main__ - INFO - cube_structure_item: CUBE_STRUCTURE_ITEM object (10033)
2025-05-07 13:30:59,938 - __main__ - INFO - cube_structure_item: CUBE_STRUCTURE_ITEM object (10053)
2025-05-07 13:30:59,939 - __main__ - INFO - cube_structure_item: CUBE_STRUCTURE_ITEM object (10056)
2025-05-07 13:30:59,939 - __main__ - INFO - cube_structure_item: CUBE_STRUCTURE_ITEM object (10057)
2025-05-07 13:30:59,941 - __main__ - INFO - cube_structure_item: CUBE_STRUCTURE_ITEM object (10062)
2025-05-07 13:30:59,942 - __main__ - INFO - cube_structure_item: CUBE_STRUCTURE_ITEM object (10066)
2025-05-07 13:30:59,942 - __main__ - INFO - cube_structure_item: CUBE_STRUCTURE_ITEM object (10069)
2025-05-07 13:30:59,943 - __main__ - INFO - cube_structure_item: CUBE_STRUCTURE_ITEM object (10070)
2025-05-07 13:30:59,943 - __main__ - INFO - cube_structure_item: CUBE_STRUCTURE_ITEM object (10071)
2025-05-07 13:30:59,944 - __main__ - INFO - cube_structure_item: CUBE_STRUCTURE_ITEM object (10073)
2025-05-07 13:30:59,944 - __main__ - INFO - cube_structure_item: CUBE_STRUCTURE_ITEM object (10075)
2025-05-07 13:30:59,944 - __main__ - INFO - cube_structure_item: CUBE_STRUCTURE_ITEM object (10081)
2025-05-07 13:30:59,945 - __main__ - INFO - cube_structure_item: CUBE_STRUCTURE_ITEM object (10082)
2025-05-07 13:30:59,945 - __main__ - INFO - cube_structure_item: CUBE_STRUCTURE_ITEM object (10084)
2025-05-07 13:30:59,945 - __main__ - INFO - cube_structure_item: CUBE_STRUCTURE_ITEM object (10085)
2025-05-07 13:30:59,945 - __main__ - INFO - cube_structure_item: CUBE_STRUCTURE_ITEM object (10092)
2025-05-07 13:30:59,945 - __main__ - INFO - cube_structure_item: CUBE_STRUCTURE_ITEM object (10094)
2025-05-07 13:30:59,946 - __main__ - INFO - cube_structure_item: CUBE_STRUCTURE_ITEM object (10105)
2025-05-07 13:30:59,947 - __main__ - INFO - cube_structure_item: CUBE_STRUCTURE_ITEM object (10107)
2025-05-07 13:30:59,948 - __main__ - INFO - cube_structure_item: CUBE_STRUCTURE_ITEM object (10108)
2025-05-07 13:30:59,949 - __main__ - INFO - cube_structure_item: CUBE_STRUCTURE_ITEM object (10115)
2025-05-07 13:30:59,949 - __main__ - INFO - cube_structure_item: CUBE_STRUCTURE_ITEM object (10117)
2025-05-07 13:30:59,950 - __main__ - INFO - cube_structure_item: CUBE_STRUCTURE_ITEM object (10127)
2025-05-07 13:30:59,950 - __main__ - INFO - cube_structure_item: CUBE_STRUCTURE_ITEM object (10128)
2025-05-07 13:30:59,951 - __main__ - INFO - cube_structure_item: CUBE_STRUCTURE_ITEM object (10137)
2025-05-07 13:30:59,952 - __main__ - INFO - cube_structure_item: CUBE_STRUCTURE_ITEM object (9965)
2025-05-07 13:30:59,952 - __main__ - INFO - cube_structure_item: CUBE_STRUCTURE_ITEM object (9967)
2025-05-07 13:30:59,952 - __main__ - INFO - cube_structure_item: CUBE_STRUCTURE_ITEM object (9977)
2025-05-07 13:30:59,952 - __main__ - INFO - cube_structure_item: CUBE_STRUCTURE_ITEM object (9978)
2025-05-07 13:30:59,953 - __main__ - INFO - cube_structure_item: CUBE_STRUCTURE_ITEM object (9979)
2025-05-07 13:30:59,953 - __main__ - INFO - cube_structure_item: CUBE_STRUCTURE_ITEM object (9981)
2025-05-07 13:30:59,954 - __main__ - INFO - cube_structure_item: CUBE_STRUCTURE_ITEM object (9984)
2025-05-07 13:30:59,955 - __main__ - INFO - cube_structure_item: CUBE_STRUCTURE_ITEM object (9985)
2025-05-07 13:30:59,955 - __main__ - INFO - cube_structure_item: CUBE_STRUCTURE_ITEM object (9990)
2025-05-07 13:30:59,956 - __main__ - INFO - cube_structure_item: CUBE_STRUCTURE_ITEM object (9993)
2025-05-07 13:30:59,957 - __main__ - INFO - cube_structure_item: CUBE_STRUCTURE_ITEM object (9999)
2025-05-07 13:30:59,958 - __main__ - INFO - cube_structure_item: CUBE_STRUCTURE_ITEM object (10000)
2025-05-07 13:30:59,958 - __main__ - INFO - cube_structure_item: CUBE_STRUCTURE_ITEM object (10005)
2025-05-07 13:30:59,959 - __main__ - INFO - cube_structure_item: CUBE_STRUCTURE_ITEM object (10009)
2025-05-07 13:30:59,960 - __main__ - INFO - cube_structure_item: CUBE_STRUCTURE_ITEM object (10011)
2025-05-07 13:30:59,960 - __main__ - INFO - cube_structure_item: CUBE_STRUCTURE_ITEM object (10012)
2025-05-07 13:30:59,961 - __main__ - INFO - cube_structure_item: CUBE_STRUCTURE_ITEM object (10013)
2025-05-07 13:30:59,961 - __main__ - INFO - cube_structure_item: CUBE_STRUCTURE_ITEM object (10020)
2025-05-07 13:30:59,961 - __main__ - INFO - cube_structure_item: CUBE_STRUCTURE_ITEM object (10021)
2025-05-07 13:30:59,962 - __main__ - INFO - cube_structure_item: CUBE_STRUCTURE_ITEM object (10024)
2025-05-07 13:30:59,962 - __main__ - INFO - cube_structure_item: CUBE_STRUCTURE_ITEM object (10025)
2025-05-07 13:30:59,962 - __main__ - INFO - cube_structure_item: CUBE_STRUCTURE_ITEM object (10026)
2025-05-07 13:30:59,962 - __main__ - INFO - cube_structure_item: CUBE_STRUCTURE_ITEM object (10029)
2025-05-07 13:30:59,962 - __main__ - INFO - cube_structure_item: CUBE_STRUCTURE_ITEM object (10030)
2025-05-07 13:30:59,963 - __main__ - INFO - cube_structure_item: CUBE_STRUCTURE_ITEM object (10032)
2025-05-07 13:30:59,964 - __main__ - INFO - cube_structure_item: CUBE_STRUCTURE_ITEM object (10033)
2025-05-07 13:30:59,965 - __main__ - INFO - cube_structure_item: CUBE_STRUCTURE_ITEM object (10053)
2025-05-07 13:30:59,966 - __main__ - INFO - cube_structure_item: CUBE_STRUCTURE_ITEM object (10056)
2025-05-07 13:30:59,966 - __main__ - INFO - cube_structure_item: CUBE_STRUCTURE_ITEM object (10057)
2025-05-07 13:30:59,967 - __main__ - INFO - cube_structure_item: CUBE_STRUCTURE_ITEM object (10062)
2025-05-07 13:30:59,967 - __main__ - INFO - cube_structure_item: CUBE_STRUCTURE_ITEM object (10066)
2025-05-07 13:30:59,968 - __main__ - INFO - cube_structure_item: CUBE_STRUCTURE_ITEM object (10069)
2025-05-07 13:30:59,968 - __main__ - INFO - cube_structure_item: CUBE_STRUCTURE_ITEM object (10070)
2025-05-07 13:30:59,968 - __main__ - INFO - cube_structure_item: CUBE_STRUCTURE_ITEM object (10071)
2025-05-07 13:30:59,968 - __main__ - INFO - cube_structure_item: CUBE_STRUCTURE_ITEM object (10073)
2025-05-07 13:30:59,968 - __main__ - INFO - cube_structure_item: CUBE_STRUCTURE_ITEM object (10075)
2025-05-07 13:30:59,969 - __main__ - INFO - cube_structure_item: CUBE_STRUCTURE_ITEM object (10081)
2025-05-07 13:30:59,970 - __main__ - INFO - cube_structure_item: CUBE_STRUCTURE_ITEM object (10082)
2025-05-07 13:30:59,971 - __main__ - INFO - cube_structure_item: CUBE_STRUCTURE_ITEM object (10084)
2025-05-07 13:30:59,972 - __main__ - INFO - cube_structure_item: CUBE_STRUCTURE_ITEM object (10085)
2025-05-07 13:30:59,972 - __main__ - INFO - cube_structure_item: CUBE_STRUCTURE_ITEM object (10092)
2025-05-07 13:30:59,973 - __main__ - INFO - cube_structure_item: CUBE_STRUCTURE_ITEM object (10094)
2025-05-07 13:30:59,974 - __main__ - INFO - cube_structure_item: CUBE_STRUCTURE_ITEM object (10105)
2025-05-07 13:30:59,974 - __main__ - INFO - cube_structure_item: CUBE_STRUCTURE_ITEM object (10107)
2025-05-07 13:30:59,974 - __main__ - INFO - cube_structure_item: CUBE_STRUCTURE_ITEM object (10108)
2025-05-07 13:30:59,974 - __main__ - INFO - cube_structure_item: CUBE_STRUCTURE_ITEM object (10115)
2025-05-07 13:30:59,975 - __main__ - INFO - cube_structure_item: CUBE_STRUCTURE_ITEM object (10117)
2025-05-07 13:30:59,975 - __main__ - INFO - cube_structure_item: CUBE_STRUCTURE_ITEM object (10127)
2025-05-07 13:30:59,976 - __main__ - INFO - cube_structure_item: CUBE_STRUCTURE_ITEM object (10128)
2025-05-07 13:30:59,976 - __main__ - INFO - cube_structure_item: CUBE_STRUCTURE_ITEM object (10137)
2025-05-07 13:32:30,690 - __main__ - INFO - Django configured successfully with settings module: birds_nest.settings
2025-05-07 13:32:39,837 - __main__ - INFO - rolc_id: ANCRDT_INSTRMNT_C_1
2025-05-07 13:32:39,838 - __main__ - INFO - cube_structure_item: CUBE_STRUCTURE_ITEM object (9965)
2025-05-07 13:32:39,845 - __main__ - INFO - cube_structure_item: CUBE_STRUCTURE_ITEM object (9967)
2025-05-07 13:32:39,851 - __main__ - INFO - cube_structure_item: CUBE_STRUCTURE_ITEM object (9977)
2025-05-07 13:32:39,856 - __main__ - INFO - cube_structure_item: CUBE_STRUCTURE_ITEM object (9978)
2025-05-07 13:32:39,862 - __main__ - INFO - cube_structure_item: CUBE_STRUCTURE_ITEM object (9979)
2025-05-07 13:32:39,868 - __main__ - INFO - cube_structure_item: CUBE_STRUCTURE_ITEM object (9981)
2025-05-07 13:32:39,873 - __main__ - INFO - cube_structure_item: CUBE_STRUCTURE_ITEM object (9984)
2025-05-07 13:32:39,879 - __main__ - INFO - cube_structure_item: CUBE_STRUCTURE_ITEM object (9985)
2025-05-07 13:32:39,885 - __main__ - INFO - cube_structure_item: CUBE_STRUCTURE_ITEM object (9990)
2025-05-07 13:32:39,891 - __main__ - INFO - cube_structure_item: CUBE_STRUCTURE_ITEM object (9993)
2025-05-07 13:32:39,896 - __main__ - INFO - cube_structure_item: CUBE_STRUCTURE_ITEM object (9999)
2025-05-07 13:32:39,902 - __main__ - INFO - cube_structure_item: CUBE_STRUCTURE_ITEM object (10000)
2025-05-07 13:32:39,907 - __main__ - INFO - cube_structure_item: CUBE_STRUCTURE_ITEM object (10005)
2025-05-07 13:32:39,912 - __main__ - INFO - cube_structure_item: CUBE_STRUCTURE_ITEM object (10009)
2025-05-07 13:32:39,916 - __main__ - INFO - cube_structure_item: CUBE_STRUCTURE_ITEM object (10011)
2025-05-07 13:32:39,921 - __main__ - INFO - cube_structure_item: CUBE_STRUCTURE_ITEM object (10012)
2025-05-07 13:32:39,926 - __main__ - INFO - cube_structure_item: CUBE_STRUCTURE_ITEM object (10013)
2025-05-07 13:32:39,930 - __main__ - INFO - cube_structure_item: CUBE_STRUCTURE_ITEM object (10020)
2025-05-07 13:32:39,936 - __main__ - INFO - cube_structure_item: CUBE_STRUCTURE_ITEM object (10021)
2025-05-07 13:32:39,940 - __main__ - INFO - cube_structure_item: CUBE_STRUCTURE_ITEM object (10024)
2025-05-07 13:32:39,947 - __main__ - INFO - cube_structure_item: CUBE_STRUCTURE_ITEM object (10025)
2025-05-07 13:32:39,952 - __main__ - INFO - cube_structure_item: CUBE_STRUCTURE_ITEM object (10026)
2025-05-07 13:32:39,958 - __main__ - INFO - cube_structure_item: CUBE_STRUCTURE_ITEM object (10029)
2025-05-07 13:32:39,963 - __main__ - INFO - cube_structure_item: CUBE_STRUCTURE_ITEM object (10030)
2025-05-07 13:32:39,968 - __main__ - INFO - cube_structure_item: CUBE_STRUCTURE_ITEM object (10032)
2025-05-07 13:32:39,973 - __main__ - INFO - cube_structure_item: CUBE_STRUCTURE_ITEM object (10033)
2025-05-07 13:32:39,979 - __main__ - INFO - cube_structure_item: CUBE_STRUCTURE_ITEM object (10053)
2025-05-07 13:32:39,985 - __main__ - INFO - cube_structure_item: CUBE_STRUCTURE_ITEM object (10056)
2025-05-07 13:32:39,991 - __main__ - INFO - cube_structure_item: CUBE_STRUCTURE_ITEM object (10057)
2025-05-07 13:32:39,996 - __main__ - INFO - cube_structure_item: CUBE_STRUCTURE_ITEM object (10062)
2025-05-07 13:32:40,001 - __main__ - INFO - cube_structure_item: CUBE_STRUCTURE_ITEM object (10066)
2025-05-07 13:32:40,007 - __main__ - INFO - cube_structure_item: CUBE_STRUCTURE_ITEM object (10069)
2025-05-07 13:32:40,012 - __main__ - INFO - cube_structure_item: CUBE_STRUCTURE_ITEM object (10070)
2025-05-07 13:32:40,017 - __main__ - INFO - cube_structure_item: CUBE_STRUCTURE_ITEM object (10071)
2025-05-07 13:32:40,022 - __main__ - INFO - cube_structure_item: CUBE_STRUCTURE_ITEM object (10073)
2025-05-07 13:32:40,027 - __main__ - INFO - cube_structure_item: CUBE_STRUCTURE_ITEM object (10075)
2025-05-07 13:32:40,033 - __main__ - INFO - cube_structure_item: CUBE_STRUCTURE_ITEM object (10081)
2025-05-07 13:32:40,038 - __main__ - INFO - cube_structure_item: CUBE_STRUCTURE_ITEM object (10082)
2025-05-07 13:32:40,044 - __main__ - INFO - cube_structure_item: CUBE_STRUCTURE_ITEM object (10084)
2025-05-07 13:32:40,050 - __main__ - INFO - cube_structure_item: CUBE_STRUCTURE_ITEM object (10085)
2025-05-07 13:32:40,055 - __main__ - INFO - cube_structure_item: CUBE_STRUCTURE_ITEM object (10092)
2025-05-07 13:32:40,061 - __main__ - INFO - cube_structure_item: CUBE_STRUCTURE_ITEM object (10094)
2025-05-07 13:32:40,066 - __main__ - INFO - cube_structure_item: CUBE_STRUCTURE_ITEM object (10105)
2025-05-07 13:32:40,070 - __main__ - INFO - cube_structure_item: CUBE_STRUCTURE_ITEM object (10107)
2025-05-07 13:32:40,075 - __main__ - INFO - cube_structure_item: CUBE_STRUCTURE_ITEM object (10108)
2025-05-07 13:32:40,080 - __main__ - INFO - cube_structure_item: CUBE_STRUCTURE_ITEM object (10115)
2025-05-07 13:32:40,085 - __main__ - INFO - cube_structure_item: CUBE_STRUCTURE_ITEM object (10117)
2025-05-07 13:32:40,089 - __main__ - INFO - cube_structure_item: CUBE_STRUCTURE_ITEM object (10127)
2025-05-07 13:32:40,094 - __main__ - INFO - cube_structure_item: CUBE_STRUCTURE_ITEM object (10128)
2025-05-07 13:32:40,098 - __main__ - INFO - cube_structure_item: CUBE_STRUCTURE_ITEM object (10137)
2025-05-07 13:32:40,103 - __main__ - INFO - cube_structure_item: CUBE_STRUCTURE_ITEM object (9965)
2025-05-07 13:32:40,104 - __main__ - INFO - cube_structure_item: CUBE_STRUCTURE_ITEM object (9967)
2025-05-07 13:32:40,104 - __main__ - INFO - cube_structure_item: CUBE_STRUCTURE_ITEM object (9977)
2025-05-07 13:32:40,104 - __main__ - INFO - cube_structure_item: CUBE_STRUCTURE_ITEM object (9978)
2025-05-07 13:32:40,105 - __main__ - INFO - cube_structure_item: CUBE_STRUCTURE_ITEM object (9979)
2025-05-07 13:32:40,105 - __main__ - INFO - cube_structure_item: CUBE_STRUCTURE_ITEM object (9981)
2025-05-07 13:32:40,105 - __main__ - INFO - cube_structure_item: CUBE_STRUCTURE_ITEM object (9984)
2025-05-07 13:32:40,105 - __main__ - INFO - cube_structure_item: CUBE_STRUCTURE_ITEM object (9985)
2025-05-07 13:32:40,106 - __main__ - INFO - cube_structure_item: CUBE_STRUCTURE_ITEM object (9990)
2025-05-07 13:32:40,106 - __main__ - INFO - cube_structure_item: CUBE_STRUCTURE_ITEM object (9993)
2025-05-07 13:32:40,106 - __main__ - INFO - cube_structure_item: CUBE_STRUCTURE_ITEM object (9999)
2025-05-07 13:32:40,106 - __main__ - INFO - cube_structure_item: CUBE_STRUCTURE_ITEM object (10000)
2025-05-07 13:32:40,106 - __main__ - INFO - cube_structure_item: CUBE_STRUCTURE_ITEM object (10005)
2025-05-07 13:32:40,107 - __main__ - INFO - cube_structure_item: CUBE_STRUCTURE_ITEM object (10009)
2025-05-07 13:32:40,107 - __main__ - INFO - cube_structure_item: CUBE_STRUCTURE_ITEM object (10011)
2025-05-07 13:32:40,107 - __main__ - INFO - cube_structure_item: CUBE_STRUCTURE_ITEM object (10012)
2025-05-07 13:32:40,107 - __main__ - INFO - cube_structure_item: CUBE_STRUCTURE_ITEM object (10013)
2025-05-07 13:32:40,107 - __main__ - INFO - cube_structure_item: CUBE_STRUCTURE_ITEM object (10020)
2025-05-07 13:32:40,108 - __main__ - INFO - cube_structure_item: CUBE_STRUCTURE_ITEM object (10021)
2025-05-07 13:32:40,108 - __main__ - INFO - cube_structure_item: CUBE_STRUCTURE_ITEM object (10024)
2025-05-07 13:32:40,108 - __main__ - INFO - cube_structure_item: CUBE_STRUCTURE_ITEM object (10025)
2025-05-07 13:32:40,108 - __main__ - INFO - cube_structure_item: CUBE_STRUCTURE_ITEM object (10026)
2025-05-07 13:32:40,108 - __main__ - INFO - cube_structure_item: CUBE_STRUCTURE_ITEM object (10029)
2025-05-07 13:32:40,109 - __main__ - INFO - cube_structure_item: CUBE_STRUCTURE_ITEM object (10030)
2025-05-07 13:32:40,109 - __main__ - INFO - cube_structure_item: CUBE_STRUCTURE_ITEM object (10032)
2025-05-07 13:32:40,109 - __main__ - INFO - cube_structure_item: CUBE_STRUCTURE_ITEM object (10033)
2025-05-07 13:32:40,109 - __main__ - INFO - cube_structure_item: CUBE_STRUCTURE_ITEM object (10053)
2025-05-07 13:32:40,109 - __main__ - INFO - cube_structure_item: CUBE_STRUCTURE_ITEM object (10056)
2025-05-07 13:32:40,110 - __main__ - INFO - cube_structure_item: CUBE_STRUCTURE_ITEM object (10057)
2025-05-07 13:32:40,110 - __main__ - INFO - cube_structure_item: CUBE_STRUCTURE_ITEM object (10062)
2025-05-07 13:32:40,110 - __main__ - INFO - cube_structure_item: CUBE_STRUCTURE_ITEM object (10066)
2025-05-07 13:32:40,110 - __main__ - INFO - cube_structure_item: CUBE_STRUCTURE_ITEM object (10069)
2025-05-07 13:32:40,110 - __main__ - INFO - cube_structure_item: CUBE_STRUCTURE_ITEM object (10070)
2025-05-07 13:32:40,111 - __main__ - INFO - cube_structure_item: CUBE_STRUCTURE_ITEM object (10071)
2025-05-07 13:32:40,111 - __main__ - INFO - cube_structure_item: CUBE_STRUCTURE_ITEM object (10073)
2025-05-07 13:32:40,111 - __main__ - INFO - cube_structure_item: CUBE_STRUCTURE_ITEM object (10075)
2025-05-07 13:32:40,111 - __main__ - INFO - cube_structure_item: CUBE_STRUCTURE_ITEM object (10081)
2025-05-07 13:32:40,111 - __main__ - INFO - cube_structure_item: CUBE_STRUCTURE_ITEM object (10082)
2025-05-07 13:32:40,111 - __main__ - INFO - cube_structure_item: CUBE_STRUCTURE_ITEM object (10084)
2025-05-07 13:32:40,111 - __main__ - INFO - cube_structure_item: CUBE_STRUCTURE_ITEM object (10085)
2025-05-07 13:32:40,112 - __main__ - INFO - cube_structure_item: CUBE_STRUCTURE_ITEM object (10092)
2025-05-07 13:32:40,112 - __main__ - INFO - cube_structure_item: CUBE_STRUCTURE_ITEM object (10094)
2025-05-07 13:32:40,112 - __main__ - INFO - cube_structure_item: CUBE_STRUCTURE_ITEM object (10105)
2025-05-07 13:32:40,112 - __main__ - INFO - cube_structure_item: CUBE_STRUCTURE_ITEM object (10107)
2025-05-07 13:32:40,113 - __main__ - INFO - cube_structure_item: CUBE_STRUCTURE_ITEM object (10108)
2025-05-07 13:32:40,113 - __main__ - INFO - cube_structure_item: CUBE_STRUCTURE_ITEM object (10115)
2025-05-07 13:32:40,113 - __main__ - INFO - cube_structure_item: CUBE_STRUCTURE_ITEM object (10117)
2025-05-07 13:32:40,113 - __main__ - INFO - cube_structure_item: CUBE_STRUCTURE_ITEM object (10127)
2025-05-07 13:32:40,114 - __main__ - INFO - cube_structure_item: CUBE_STRUCTURE_ITEM object (10128)
2025-05-07 13:32:40,114 - __main__ - INFO - cube_structure_item: CUBE_STRUCTURE_ITEM object (10137)
2025-05-07 13:32:40,114 - __main__ - INFO - cube_structure_item: CUBE_STRUCTURE_ITEM object (9965)
2025-05-07 13:32:40,114 - __main__ - INFO - cube_structure_item: CUBE_STRUCTURE_ITEM object (9967)
2025-05-07 13:32:40,115 - __main__ - INFO - cube_structure_item: CUBE_STRUCTURE_ITEM object (9977)
2025-05-07 13:32:40,115 - __main__ - INFO - cube_structure_item: CUBE_STRUCTURE_ITEM object (9978)
2025-05-07 13:32:40,115 - __main__ - INFO - cube_structure_item: CUBE_STRUCTURE_ITEM object (9979)
2025-05-07 13:32:40,115 - __main__ - INFO - cube_structure_item: CUBE_STRUCTURE_ITEM object (9981)
2025-05-07 13:32:40,115 - __main__ - INFO - cube_structure_item: CUBE_STRUCTURE_ITEM object (9984)
2025-05-07 13:32:40,116 - __main__ - INFO - cube_structure_item: CUBE_STRUCTURE_ITEM object (9985)
2025-05-07 13:32:40,116 - __main__ - INFO - cube_structure_item: CUBE_STRUCTURE_ITEM object (9990)
2025-05-07 13:32:40,116 - __main__ - INFO - cube_structure_item: CUBE_STRUCTURE_ITEM object (9993)
2025-05-07 13:32:40,116 - __main__ - INFO - cube_structure_item: CUBE_STRUCTURE_ITEM object (9999)
2025-05-07 13:32:40,117 - __main__ - INFO - cube_structure_item: CUBE_STRUCTURE_ITEM object (10000)
2025-05-07 13:32:40,117 - __main__ - INFO - cube_structure_item: CUBE_STRUCTURE_ITEM object (10005)
2025-05-07 13:32:40,117 - __main__ - INFO - cube_structure_item: CUBE_STRUCTURE_ITEM object (10009)
2025-05-07 13:32:40,117 - __main__ - INFO - cube_structure_item: CUBE_STRUCTURE_ITEM object (10011)
2025-05-07 13:32:40,118 - __main__ - INFO - cube_structure_item: CUBE_STRUCTURE_ITEM object (10012)
2025-05-07 13:32:40,118 - __main__ - INFO - cube_structure_item: CUBE_STRUCTURE_ITEM object (10013)
2025-05-07 13:32:40,118 - __main__ - INFO - cube_structure_item: CUBE_STRUCTURE_ITEM object (10020)
2025-05-07 13:32:40,118 - __main__ - INFO - cube_structure_item: CUBE_STRUCTURE_ITEM object (10021)
2025-05-07 13:32:40,118 - __main__ - INFO - cube_structure_item: CUBE_STRUCTURE_ITEM object (10024)
2025-05-07 13:32:40,119 - __main__ - INFO - cube_structure_item: CUBE_STRUCTURE_ITEM object (10025)
2025-05-07 13:32:40,119 - __main__ - INFO - cube_structure_item: CUBE_STRUCTURE_ITEM object (10026)
2025-05-07 13:32:40,119 - __main__ - INFO - cube_structure_item: CUBE_STRUCTURE_ITEM object (10029)
2025-05-07 13:32:40,120 - __main__ - INFO - cube_structure_item: CUBE_STRUCTURE_ITEM object (10030)
2025-05-07 13:32:40,120 - __main__ - INFO - cube_structure_item: CUBE_STRUCTURE_ITEM object (10032)
2025-05-07 13:32:40,120 - __main__ - INFO - cube_structure_item: CUBE_STRUCTURE_ITEM object (10033)
2025-05-07 13:32:40,120 - __main__ - INFO - cube_structure_item: CUBE_STRUCTURE_ITEM object (10053)
2025-05-07 13:32:40,120 - __main__ - INFO - cube_structure_item: CUBE_STRUCTURE_ITEM object (10056)
2025-05-07 13:32:40,121 - __main__ - INFO - cube_structure_item: CUBE_STRUCTURE_ITEM object (10057)
2025-05-07 13:32:40,121 - __main__ - INFO - cube_structure_item: CUBE_STRUCTURE_ITEM object (10062)
2025-05-07 13:32:40,121 - __main__ - INFO - cube_structure_item: CUBE_STRUCTURE_ITEM object (10066)
2025-05-07 13:32:40,121 - __main__ - INFO - cube_structure_item: CUBE_STRUCTURE_ITEM object (10069)
2025-05-07 13:32:40,121 - __main__ - INFO - cube_structure_item: CUBE_STRUCTURE_ITEM object (10070)
2025-05-07 13:32:40,121 - __main__ - INFO - cube_structure_item: CUBE_STRUCTURE_ITEM object (10071)
2025-05-07 13:32:40,122 - __main__ - INFO - cube_structure_item: CUBE_STRUCTURE_ITEM object (10073)
2025-05-07 13:32:40,122 - __main__ - INFO - cube_structure_item: CUBE_STRUCTURE_ITEM object (10075)
2025-05-07 13:32:40,122 - __main__ - INFO - cube_structure_item: CUBE_STRUCTURE_ITEM object (10081)
2025-05-07 13:32:40,122 - __main__ - INFO - cube_structure_item: CUBE_STRUCTURE_ITEM object (10082)
2025-05-07 13:32:40,122 - __main__ - INFO - cube_structure_item: CUBE_STRUCTURE_ITEM object (10084)
2025-05-07 13:32:40,123 - __main__ - INFO - cube_structure_item: CUBE_STRUCTURE_ITEM object (10085)
2025-05-07 13:32:40,123 - __main__ - INFO - cube_structure_item: CUBE_STRUCTURE_ITEM object (10092)
2025-05-07 13:32:40,123 - __main__ - INFO - cube_structure_item: CUBE_STRUCTURE_ITEM object (10094)
2025-05-07 13:32:40,123 - __main__ - INFO - cube_structure_item: CUBE_STRUCTURE_ITEM object (10105)
2025-05-07 13:32:40,123 - __main__ - INFO - cube_structure_item: CUBE_STRUCTURE_ITEM object (10107)
2025-05-07 13:32:40,123 - __main__ - INFO - cube_structure_item: CUBE_STRUCTURE_ITEM object (10108)
2025-05-07 13:32:40,124 - __main__ - INFO - cube_structure_item: CUBE_STRUCTURE_ITEM object (10115)
2025-05-07 13:32:40,124 - __main__ - INFO - cube_structure_item: CUBE_STRUCTURE_ITEM object (10117)
2025-05-07 13:32:40,124 - __main__ - INFO - cube_structure_item: CUBE_STRUCTURE_ITEM object (10127)
2025-05-07 13:32:40,125 - __main__ - INFO - cube_structure_item: CUBE_STRUCTURE_ITEM object (10128)
2025-05-07 13:32:40,125 - __main__ - INFO - cube_structure_item: CUBE_STRUCTURE_ITEM object (10137)
2025-05-07 13:32:40,125 - __main__ - INFO - {'ANCRDT_INSTRMNT_C_1:Loans and advances': [<CUBE_LINK: CUBE_LINK object (INSTRMNT:Loans and advances:ANCRDT_INSTRMNT_C_1)>, <CUBE_LINK: CUBE_LINK object (INSTRMNT_RL:Loans and advances:ANCRDT_INSTRMNT_C_1)>, <CUBE_LINK: CUBE_LINK object (CLLTRL:Loans and advances:ANCRDT_INSTRMNT_C_1)>]}
2025-05-07 13:32:40,248 - __main__ - INFO - cube_structure_item: CUBE_STRUCTURE_ITEM object (9965)
2025-05-07 13:32:40,249 - __main__ - INFO - cube_structure_item: CUBE_STRUCTURE_ITEM object (9967)
2025-05-07 13:32:40,250 - __main__ - INFO - cube_structure_item: CUBE_STRUCTURE_ITEM object (9977)
2025-05-07 13:32:40,251 - __main__ - INFO - cube_structure_item: CUBE_STRUCTURE_ITEM object (9978)
2025-05-07 13:32:40,252 - __main__ - INFO - cube_structure_item: CUBE_STRUCTURE_ITEM object (9979)
2025-05-07 13:32:40,252 - __main__ - INFO - cube_structure_item: CUBE_STRUCTURE_ITEM object (9981)
2025-05-07 13:32:40,253 - __main__ - INFO - cube_structure_item: CUBE_STRUCTURE_ITEM object (9984)
2025-05-07 13:32:40,254 - __main__ - INFO - cube_structure_item: CUBE_STRUCTURE_ITEM object (9985)
2025-05-07 13:32:40,255 - __main__ - INFO - cube_structure_item: CUBE_STRUCTURE_ITEM object (9990)
2025-05-07 13:32:40,255 - __main__ - INFO - cube_structure_item: CUBE_STRUCTURE_ITEM object (9993)
2025-05-07 13:32:40,256 - __main__ - INFO - cube_structure_item: CUBE_STRUCTURE_ITEM object (9999)
2025-05-07 13:32:40,257 - __main__ - INFO - cube_structure_item: CUBE_STRUCTURE_ITEM object (10000)
2025-05-07 13:32:40,258 - __main__ - INFO - cube_structure_item: CUBE_STRUCTURE_ITEM object (10005)
2025-05-07 13:32:40,258 - __main__ - INFO - cube_structure_item: CUBE_STRUCTURE_ITEM object (10009)
2025-05-07 13:32:40,262 - __main__ - INFO - cube_structure_item: CUBE_STRUCTURE_ITEM object (10011)
2025-05-07 13:32:40,263 - __main__ - INFO - cube_structure_item: CUBE_STRUCTURE_ITEM object (10012)
2025-05-07 13:32:40,263 - __main__ - INFO - cube_structure_item: CUBE_STRUCTURE_ITEM object (10013)
2025-05-07 13:32:40,263 - __main__ - INFO - cube_structure_item: CUBE_STRUCTURE_ITEM object (10020)
2025-05-07 13:32:40,264 - __main__ - INFO - cube_structure_item: CUBE_STRUCTURE_ITEM object (10021)
2025-05-07 13:32:40,264 - __main__ - INFO - cube_structure_item: CUBE_STRUCTURE_ITEM object (10024)
2025-05-07 13:32:40,264 - __main__ - INFO - cube_structure_item: CUBE_STRUCTURE_ITEM object (10025)
2025-05-07 13:32:40,267 - __main__ - INFO - cube_structure_item: CUBE_STRUCTURE_ITEM object (10026)
2025-05-07 13:32:40,268 - __main__ - INFO - cube_structure_item: CUBE_STRUCTURE_ITEM object (10029)
2025-05-07 13:32:40,269 - __main__ - INFO - cube_structure_item: CUBE_STRUCTURE_ITEM object (10030)
2025-05-07 13:32:40,270 - __main__ - INFO - cube_structure_item: CUBE_STRUCTURE_ITEM object (10032)
2025-05-07 13:32:40,270 - __main__ - INFO - cube_structure_item: CUBE_STRUCTURE_ITEM object (10033)
2025-05-07 13:32:40,270 - __main__ - INFO - cube_structure_item: CUBE_STRUCTURE_ITEM object (10053)
2025-05-07 13:32:40,270 - __main__ - INFO - cube_structure_item: CUBE_STRUCTURE_ITEM object (10056)
2025-05-07 13:32:40,271 - __main__ - INFO - cube_structure_item: CUBE_STRUCTURE_ITEM object (10057)
2025-05-07 13:32:40,272 - __main__ - INFO - cube_structure_item: CUBE_STRUCTURE_ITEM object (10062)
2025-05-07 13:32:40,272 - __main__ - INFO - cube_structure_item: CUBE_STRUCTURE_ITEM object (10066)
2025-05-07 13:32:40,273 - __main__ - INFO - cube_structure_item: CUBE_STRUCTURE_ITEM object (10069)
2025-05-07 13:32:40,273 - __main__ - INFO - cube_structure_item: CUBE_STRUCTURE_ITEM object (10070)
2025-05-07 13:32:40,273 - __main__ - INFO - cube_structure_item: CUBE_STRUCTURE_ITEM object (10071)
2025-05-07 13:32:40,273 - __main__ - INFO - cube_structure_item: CUBE_STRUCTURE_ITEM object (10073)
2025-05-07 13:32:40,274 - __main__ - INFO - cube_structure_item: CUBE_STRUCTURE_ITEM object (10075)
2025-05-07 13:32:40,274 - __main__ - INFO - cube_structure_item: CUBE_STRUCTURE_ITEM object (10081)
2025-05-07 13:32:40,274 - __main__ - INFO - cube_structure_item: CUBE_STRUCTURE_ITEM object (10082)
2025-05-07 13:32:40,274 - __main__ - INFO - cube_structure_item: CUBE_STRUCTURE_ITEM object (10084)
2025-05-07 13:32:40,275 - __main__ - INFO - cube_structure_item: CUBE_STRUCTURE_ITEM object (10085)
2025-05-07 13:32:40,276 - __main__ - INFO - cube_structure_item: CUBE_STRUCTURE_ITEM object (10092)
2025-05-07 13:32:40,277 - __main__ - INFO - cube_structure_item: CUBE_STRUCTURE_ITEM object (10094)
2025-05-07 13:32:40,278 - __main__ - INFO - cube_structure_item: CUBE_STRUCTURE_ITEM object (10105)
2025-05-07 13:32:40,279 - __main__ - INFO - cube_structure_item: CUBE_STRUCTURE_ITEM object (10107)
2025-05-07 13:32:40,279 - __main__ - INFO - cube_structure_item: CUBE_STRUCTURE_ITEM object (10108)
2025-05-07 13:32:40,280 - __main__ - INFO - cube_structure_item: CUBE_STRUCTURE_ITEM object (10115)
2025-05-07 13:32:40,281 - __main__ - INFO - cube_structure_item: CUBE_STRUCTURE_ITEM object (10117)
2025-05-07 13:32:40,281 - __main__ - INFO - cube_structure_item: CUBE_STRUCTURE_ITEM object (10127)
2025-05-07 13:32:40,282 - __main__ - INFO - cube_structure_item: CUBE_STRUCTURE_ITEM object (10128)
2025-05-07 13:32:40,286 - __main__ - INFO - cube_structure_item: CUBE_STRUCTURE_ITEM object (10137)
2025-05-07 13:32:40,286 - __main__ - INFO - cube_structure_item: CUBE_STRUCTURE_ITEM object (9965)
2025-05-07 13:32:40,286 - __main__ - INFO - cube_structure_item: CUBE_STRUCTURE_ITEM object (9967)
2025-05-07 13:32:40,287 - __main__ - INFO - cube_structure_item: CUBE_STRUCTURE_ITEM object (9977)
2025-05-07 13:32:40,288 - __main__ - INFO - cube_structure_item: CUBE_STRUCTURE_ITEM object (9978)
2025-05-07 13:32:40,289 - __main__ - INFO - cube_structure_item: CUBE_STRUCTURE_ITEM object (9979)
2025-05-07 13:32:40,289 - __main__ - INFO - cube_structure_item: CUBE_STRUCTURE_ITEM object (9981)
2025-05-07 13:32:40,290 - __main__ - INFO - cube_structure_item: CUBE_STRUCTURE_ITEM object (9984)
2025-05-07 13:32:40,292 - __main__ - INFO - cube_structure_item: CUBE_STRUCTURE_ITEM object (9985)
2025-05-07 13:32:40,293 - __main__ - INFO - cube_structure_item: CUBE_STRUCTURE_ITEM object (9990)
2025-05-07 13:32:40,294 - __main__ - INFO - cube_structure_item: CUBE_STRUCTURE_ITEM object (9993)
2025-05-07 13:32:40,295 - __main__ - INFO - cube_structure_item: CUBE_STRUCTURE_ITEM object (9999)
2025-05-07 13:32:40,295 - __main__ - INFO - cube_structure_item: CUBE_STRUCTURE_ITEM object (10000)
2025-05-07 13:32:40,296 - __main__ - INFO - cube_structure_item: CUBE_STRUCTURE_ITEM object (10005)
2025-05-07 13:32:40,296 - __main__ - INFO - cube_structure_item: CUBE_STRUCTURE_ITEM object (10009)
2025-05-07 13:32:40,296 - __main__ - INFO - cube_structure_item: CUBE_STRUCTURE_ITEM object (10011)
2025-05-07 13:32:40,296 - __main__ - INFO - cube_structure_item: CUBE_STRUCTURE_ITEM object (10012)
2025-05-07 13:32:40,297 - __main__ - INFO - cube_structure_item: CUBE_STRUCTURE_ITEM object (10013)
2025-05-07 13:32:40,298 - __main__ - INFO - cube_structure_item: CUBE_STRUCTURE_ITEM object (10020)
2025-05-07 13:32:40,299 - __main__ - INFO - cube_structure_item: CUBE_STRUCTURE_ITEM object (10021)
2025-05-07 13:32:40,299 - __main__ - INFO - cube_structure_item: CUBE_STRUCTURE_ITEM object (10024)
2025-05-07 13:32:40,300 - __main__ - INFO - cube_structure_item: CUBE_STRUCTURE_ITEM object (10025)
2025-05-07 13:32:40,301 - __main__ - INFO - cube_structure_item: CUBE_STRUCTURE_ITEM object (10026)
2025-05-07 13:32:40,302 - __main__ - INFO - cube_structure_item: CUBE_STRUCTURE_ITEM object (10029)
2025-05-07 13:32:40,302 - __main__ - INFO - cube_structure_item: CUBE_STRUCTURE_ITEM object (10030)
2025-05-07 13:32:40,302 - __main__ - INFO - cube_structure_item: CUBE_STRUCTURE_ITEM object (10032)
2025-05-07 13:32:40,303 - __main__ - INFO - cube_structure_item: CUBE_STRUCTURE_ITEM object (10033)
2025-05-07 13:32:40,304 - __main__ - INFO - cube_structure_item: CUBE_STRUCTURE_ITEM object (10053)
2025-05-07 13:32:40,304 - __main__ - INFO - cube_structure_item: CUBE_STRUCTURE_ITEM object (10056)
2025-05-07 13:32:40,305 - __main__ - INFO - cube_structure_item: CUBE_STRUCTURE_ITEM object (10057)
2025-05-07 13:32:40,305 - __main__ - INFO - cube_structure_item: CUBE_STRUCTURE_ITEM object (10062)
2025-05-07 13:32:40,305 - __main__ - INFO - cube_structure_item: CUBE_STRUCTURE_ITEM object (10066)
2025-05-07 13:32:40,307 - __main__ - INFO - cube_structure_item: CUBE_STRUCTURE_ITEM object (10069)
2025-05-07 13:32:40,308 - __main__ - INFO - cube_structure_item: CUBE_STRUCTURE_ITEM object (10070)
2025-05-07 13:32:40,308 - __main__ - INFO - cube_structure_item: CUBE_STRUCTURE_ITEM object (10071)
2025-05-07 13:32:40,308 - __main__ - INFO - cube_structure_item: CUBE_STRUCTURE_ITEM object (10073)
2025-05-07 13:32:40,309 - __main__ - INFO - cube_structure_item: CUBE_STRUCTURE_ITEM object (10075)
2025-05-07 13:32:40,310 - __main__ - INFO - cube_structure_item: CUBE_STRUCTURE_ITEM object (10081)
2025-05-07 13:32:40,311 - __main__ - INFO - cube_structure_item: CUBE_STRUCTURE_ITEM object (10082)
2025-05-07 13:32:40,312 - __main__ - INFO - cube_structure_item: CUBE_STRUCTURE_ITEM object (10084)
2025-05-07 13:32:40,312 - __main__ - INFO - cube_structure_item: CUBE_STRUCTURE_ITEM object (10085)
2025-05-07 13:32:40,313 - __main__ - INFO - cube_structure_item: CUBE_STRUCTURE_ITEM object (10092)
2025-05-07 13:32:40,313 - __main__ - INFO - cube_structure_item: CUBE_STRUCTURE_ITEM object (10094)
2025-05-07 13:32:40,314 - __main__ - INFO - cube_structure_item: CUBE_STRUCTURE_ITEM object (10105)
2025-05-07 13:32:40,314 - __main__ - INFO - cube_structure_item: CUBE_STRUCTURE_ITEM object (10107)
2025-05-07 13:32:40,314 - __main__ - INFO - cube_structure_item: CUBE_STRUCTURE_ITEM object (10108)
2025-05-07 13:32:40,314 - __main__ - INFO - cube_structure_item: CUBE_STRUCTURE_ITEM object (10115)
2025-05-07 13:32:40,315 - __main__ - INFO - cube_structure_item: CUBE_STRUCTURE_ITEM object (10117)
2025-05-07 13:32:40,315 - __main__ - INFO - cube_structure_item: CUBE_STRUCTURE_ITEM object (10127)
2025-05-07 13:32:40,316 - __main__ - INFO - cube_structure_item: CUBE_STRUCTURE_ITEM object (10128)
2025-05-07 13:32:40,317 - __main__ - INFO - cube_structure_item: CUBE_STRUCTURE_ITEM object (10137)
2025-05-07 13:45:03,633 - __main__ - INFO - Django configured successfully with settings module: birds_nest.settings
2025-05-07 13:45:12,174 - __main__ - INFO - rolc_id: ANCRDT_INSTRMNT_C_1
2025-05-07 13:45:12,175 - __main__ - INFO - cube_structure_item: CUBE_STRUCTURE_ITEM object (9965)
2025-05-07 13:45:12,182 - __main__ - INFO - cube_structure_item: CUBE_STRUCTURE_ITEM object (9967)
2025-05-07 13:45:12,187 - __main__ - INFO - cube_structure_item: CUBE_STRUCTURE_ITEM object (9977)
2025-05-07 13:45:12,193 - __main__ - INFO - cube_structure_item: CUBE_STRUCTURE_ITEM object (9978)
2025-05-07 13:45:12,198 - __main__ - INFO - cube_structure_item: CUBE_STRUCTURE_ITEM object (9979)
2025-05-07 13:45:12,204 - __main__ - INFO - cube_structure_item: CUBE_STRUCTURE_ITEM object (9981)
2025-05-07 13:45:12,210 - __main__ - INFO - cube_structure_item: CUBE_STRUCTURE_ITEM object (9984)
2025-05-07 13:45:12,216 - __main__ - INFO - cube_structure_item: CUBE_STRUCTURE_ITEM object (9985)
2025-05-07 13:45:12,222 - __main__ - INFO - cube_structure_item: CUBE_STRUCTURE_ITEM object (9990)
2025-05-07 13:45:12,226 - __main__ - INFO - cube_structure_item: CUBE_STRUCTURE_ITEM object (9993)
2025-05-07 13:45:12,230 - __main__ - INFO - cube_structure_item: CUBE_STRUCTURE_ITEM object (9999)
2025-05-07 13:45:12,235 - __main__ - INFO - cube_structure_item: CUBE_STRUCTURE_ITEM object (10000)
2025-05-07 13:45:12,239 - __main__ - INFO - cube_structure_item: CUBE_STRUCTURE_ITEM object (10005)
2025-05-07 13:45:12,243 - __main__ - INFO - cube_structure_item: CUBE_STRUCTURE_ITEM object (10009)
2025-05-07 13:45:12,247 - __main__ - INFO - cube_structure_item: CUBE_STRUCTURE_ITEM object (10011)
2025-05-07 13:45:12,251 - __main__ - INFO - cube_structure_item: CUBE_STRUCTURE_ITEM object (10012)
2025-05-07 13:45:12,255 - __main__ - INFO - cube_structure_item: CUBE_STRUCTURE_ITEM object (10013)
2025-05-07 13:45:12,262 - __main__ - INFO - cube_structure_item: CUBE_STRUCTURE_ITEM object (10020)
2025-05-07 13:45:12,267 - __main__ - INFO - cube_structure_item: CUBE_STRUCTURE_ITEM object (10021)
2025-05-07 13:45:12,273 - __main__ - INFO - cube_structure_item: CUBE_STRUCTURE_ITEM object (10024)
2025-05-07 13:45:12,280 - __main__ - INFO - cube_structure_item: CUBE_STRUCTURE_ITEM object (10025)
2025-05-07 13:45:12,285 - __main__ - INFO - cube_structure_item: CUBE_STRUCTURE_ITEM object (10026)
2025-05-07 13:45:12,291 - __main__ - INFO - cube_structure_item: CUBE_STRUCTURE_ITEM object (10029)
2025-05-07 13:45:12,295 - __main__ - INFO - cube_structure_item: CUBE_STRUCTURE_ITEM object (10030)
2025-05-07 13:45:12,300 - __main__ - INFO - cube_structure_item: CUBE_STRUCTURE_ITEM object (10032)
2025-05-07 13:45:12,307 - __main__ - INFO - cube_structure_item: CUBE_STRUCTURE_ITEM object (10033)
2025-05-07 13:45:12,312 - __main__ - INFO - cube_structure_item: CUBE_STRUCTURE_ITEM object (10053)
2025-05-07 13:45:12,317 - __main__ - INFO - cube_structure_item: CUBE_STRUCTURE_ITEM object (10056)
2025-05-07 13:45:12,326 - __main__ - INFO - cube_structure_item: CUBE_STRUCTURE_ITEM object (10057)
2025-05-07 13:45:12,337 - __main__ - INFO - cube_structure_item: CUBE_STRUCTURE_ITEM object (10062)
2025-05-07 13:45:12,341 - __main__ - INFO - cube_structure_item: CUBE_STRUCTURE_ITEM object (10066)
2025-05-07 13:45:12,349 - __main__ - INFO - cube_structure_item: CUBE_STRUCTURE_ITEM object (10069)
2025-05-07 13:45:12,356 - __main__ - INFO - cube_structure_item: CUBE_STRUCTURE_ITEM object (10070)
2025-05-07 13:45:12,363 - __main__ - INFO - cube_structure_item: CUBE_STRUCTURE_ITEM object (10071)
2025-05-07 13:45:12,371 - __main__ - INFO - cube_structure_item: CUBE_STRUCTURE_ITEM object (10073)
2025-05-07 13:45:12,375 - __main__ - INFO - cube_structure_item: CUBE_STRUCTURE_ITEM object (10075)
2025-05-07 13:45:12,380 - __main__ - INFO - cube_structure_item: CUBE_STRUCTURE_ITEM object (10081)
2025-05-07 13:45:12,386 - __main__ - INFO - cube_structure_item: CUBE_STRUCTURE_ITEM object (10082)
2025-05-07 13:45:12,391 - __main__ - INFO - cube_structure_item: CUBE_STRUCTURE_ITEM object (10084)
2025-05-07 13:45:12,397 - __main__ - INFO - cube_structure_item: CUBE_STRUCTURE_ITEM object (10085)
2025-05-07 13:45:12,408 - __main__ - INFO - cube_structure_item: CUBE_STRUCTURE_ITEM object (10092)
2025-05-07 13:45:12,413 - __main__ - INFO - cube_structure_item: CUBE_STRUCTURE_ITEM object (10094)
2025-05-07 13:45:12,419 - __main__ - INFO - cube_structure_item: CUBE_STRUCTURE_ITEM object (10105)
2025-05-07 13:45:12,425 - __main__ - INFO - cube_structure_item: CUBE_STRUCTURE_ITEM object (10107)
2025-05-07 13:45:12,429 - __main__ - INFO - cube_structure_item: CUBE_STRUCTURE_ITEM object (10108)
2025-05-07 13:45:12,433 - __main__ - INFO - cube_structure_item: CUBE_STRUCTURE_ITEM object (10115)
2025-05-07 13:45:12,440 - __main__ - INFO - cube_structure_item: CUBE_STRUCTURE_ITEM object (10117)
2025-05-07 13:45:12,443 - __main__ - INFO - cube_structure_item: CUBE_STRUCTURE_ITEM object (10127)
2025-05-07 13:45:12,447 - __main__ - INFO - cube_structure_item: CUBE_STRUCTURE_ITEM object (10128)
2025-05-07 13:45:12,453 - __main__ - INFO - cube_structure_item: CUBE_STRUCTURE_ITEM object (10137)
2025-05-07 13:45:12,460 - __main__ - INFO - cube_structure_item: CUBE_STRUCTURE_ITEM object (9965)
2025-05-07 13:45:12,460 - __main__ - INFO - cube_structure_item: CUBE_STRUCTURE_ITEM object (9967)
2025-05-07 13:45:12,460 - __main__ - INFO - cube_structure_item: CUBE_STRUCTURE_ITEM object (9977)
2025-05-07 13:45:12,461 - __main__ - INFO - cube_structure_item: CUBE_STRUCTURE_ITEM object (9978)
2025-05-07 13:45:12,461 - __main__ - INFO - cube_structure_item: CUBE_STRUCTURE_ITEM object (9979)
2025-05-07 13:45:12,461 - __main__ - INFO - cube_structure_item: CUBE_STRUCTURE_ITEM object (9981)
2025-05-07 13:45:12,461 - __main__ - INFO - cube_structure_item: CUBE_STRUCTURE_ITEM object (9984)
2025-05-07 13:45:12,461 - __main__ - INFO - cube_structure_item: CUBE_STRUCTURE_ITEM object (9985)
2025-05-07 13:45:12,462 - __main__ - INFO - cube_structure_item: CUBE_STRUCTURE_ITEM object (9990)
2025-05-07 13:45:12,462 - __main__ - INFO - cube_structure_item: CUBE_STRUCTURE_ITEM object (9993)
2025-05-07 13:45:12,462 - __main__ - INFO - cube_structure_item: CUBE_STRUCTURE_ITEM object (9999)
2025-05-07 13:45:12,462 - __main__ - INFO - cube_structure_item: CUBE_STRUCTURE_ITEM object (10000)
2025-05-07 13:45:12,463 - __main__ - INFO - cube_structure_item: CUBE_STRUCTURE_ITEM object (10005)
2025-05-07 13:45:12,463 - __main__ - INFO - cube_structure_item: CUBE_STRUCTURE_ITEM object (10009)
2025-05-07 13:45:12,463 - __main__ - INFO - cube_structure_item: CUBE_STRUCTURE_ITEM object (10011)
2025-05-07 13:45:12,464 - __main__ - INFO - cube_structure_item: CUBE_STRUCTURE_ITEM object (10012)
2025-05-07 13:45:12,464 - __main__ - INFO - cube_structure_item: CUBE_STRUCTURE_ITEM object (10013)
2025-05-07 13:45:12,464 - __main__ - INFO - cube_structure_item: CUBE_STRUCTURE_ITEM object (10020)
2025-05-07 13:45:12,465 - __main__ - INFO - cube_structure_item: CUBE_STRUCTURE_ITEM object (10021)
2025-05-07 13:45:12,465 - __main__ - INFO - cube_structure_item: CUBE_STRUCTURE_ITEM object (10024)
2025-05-07 13:45:12,465 - __main__ - INFO - cube_structure_item: CUBE_STRUCTURE_ITEM object (10025)
2025-05-07 13:45:12,468 - __main__ - INFO - cube_structure_item: CUBE_STRUCTURE_ITEM object (10026)
2025-05-07 13:45:12,468 - __main__ - INFO - cube_structure_item: CUBE_STRUCTURE_ITEM object (10029)
2025-05-07 13:45:12,468 - __main__ - INFO - cube_structure_item: CUBE_STRUCTURE_ITEM object (10030)
2025-05-07 13:45:12,469 - __main__ - INFO - cube_structure_item: CUBE_STRUCTURE_ITEM object (10032)
2025-05-07 13:45:12,469 - __main__ - INFO - cube_structure_item: CUBE_STRUCTURE_ITEM object (10033)
2025-05-07 13:45:12,469 - __main__ - INFO - cube_structure_item: CUBE_STRUCTURE_ITEM object (10053)
2025-05-07 13:45:12,469 - __main__ - INFO - cube_structure_item: CUBE_STRUCTURE_ITEM object (10056)
2025-05-07 13:45:12,470 - __main__ - INFO - cube_structure_item: CUBE_STRUCTURE_ITEM object (10057)
2025-05-07 13:45:12,470 - __main__ - INFO - cube_structure_item: CUBE_STRUCTURE_ITEM object (10062)
2025-05-07 13:45:12,470 - __main__ - INFO - cube_structure_item: CUBE_STRUCTURE_ITEM object (10066)
2025-05-07 13:45:12,470 - __main__ - INFO - cube_structure_item: CUBE_STRUCTURE_ITEM object (10069)
2025-05-07 13:45:12,470 - __main__ - INFO - cube_structure_item: CUBE_STRUCTURE_ITEM object (10070)
2025-05-07 13:45:12,471 - __main__ - INFO - cube_structure_item: CUBE_STRUCTURE_ITEM object (10071)
2025-05-07 13:45:12,471 - __main__ - INFO - cube_structure_item: CUBE_STRUCTURE_ITEM object (10073)
2025-05-07 13:45:12,471 - __main__ - INFO - cube_structure_item: CUBE_STRUCTURE_ITEM object (10075)
2025-05-07 13:45:12,471 - __main__ - INFO - cube_structure_item: CUBE_STRUCTURE_ITEM object (10081)
2025-05-07 13:45:12,471 - __main__ - INFO - cube_structure_item: CUBE_STRUCTURE_ITEM object (10082)
2025-05-07 13:45:12,472 - __main__ - INFO - cube_structure_item: CUBE_STRUCTURE_ITEM object (10084)
2025-05-07 13:45:12,472 - __main__ - INFO - cube_structure_item: CUBE_STRUCTURE_ITEM object (10085)
2025-05-07 13:45:12,472 - __main__ - INFO - cube_structure_item: CUBE_STRUCTURE_ITEM object (10092)
2025-05-07 13:45:12,472 - __main__ - INFO - cube_structure_item: CUBE_STRUCTURE_ITEM object (10094)
2025-05-07 13:45:12,472 - __main__ - INFO - cube_structure_item: CUBE_STRUCTURE_ITEM object (10105)
2025-05-07 13:45:12,473 - __main__ - INFO - cube_structure_item: CUBE_STRUCTURE_ITEM object (10107)
2025-05-07 13:45:12,473 - __main__ - INFO - cube_structure_item: CUBE_STRUCTURE_ITEM object (10108)
2025-05-07 13:45:12,473 - __main__ - INFO - cube_structure_item: CUBE_STRUCTURE_ITEM object (10115)
2025-05-07 13:45:12,473 - __main__ - INFO - cube_structure_item: CUBE_STRUCTURE_ITEM object (10117)
2025-05-07 13:45:12,473 - __main__ - INFO - cube_structure_item: CUBE_STRUCTURE_ITEM object (10127)
2025-05-07 13:45:12,473 - __main__ - INFO - cube_structure_item: CUBE_STRUCTURE_ITEM object (10128)
2025-05-07 13:45:12,474 - __main__ - INFO - cube_structure_item: CUBE_STRUCTURE_ITEM object (10137)
2025-05-07 13:45:12,474 - __main__ - INFO - cube_structure_item: CUBE_STRUCTURE_ITEM object (9965)
2025-05-07 13:45:12,474 - __main__ - INFO - cube_structure_item: CUBE_STRUCTURE_ITEM object (9967)
2025-05-07 13:45:12,474 - __main__ - INFO - cube_structure_item: CUBE_STRUCTURE_ITEM object (9977)
2025-05-07 13:45:12,474 - __main__ - INFO - cube_structure_item: CUBE_STRUCTURE_ITEM object (9978)
2025-05-07 13:45:12,474 - __main__ - INFO - cube_structure_item: CUBE_STRUCTURE_ITEM object (9979)
2025-05-07 13:45:12,475 - __main__ - INFO - cube_structure_item: CUBE_STRUCTURE_ITEM object (9981)
2025-05-07 13:45:12,475 - __main__ - INFO - cube_structure_item: CUBE_STRUCTURE_ITEM object (9984)
2025-05-07 13:45:12,475 - __main__ - INFO - cube_structure_item: CUBE_STRUCTURE_ITEM object (9985)
2025-05-07 13:45:12,475 - __main__ - INFO - cube_structure_item: CUBE_STRUCTURE_ITEM object (9990)
2025-05-07 13:45:12,475 - __main__ - INFO - cube_structure_item: CUBE_STRUCTURE_ITEM object (9993)
2025-05-07 13:45:12,476 - __main__ - INFO - cube_structure_item: CUBE_STRUCTURE_ITEM object (9999)
2025-05-07 13:45:12,476 - __main__ - INFO - cube_structure_item: CUBE_STRUCTURE_ITEM object (10000)
2025-05-07 13:45:12,476 - __main__ - INFO - cube_structure_item: CUBE_STRUCTURE_ITEM object (10005)
2025-05-07 13:45:12,476 - __main__ - INFO - cube_structure_item: CUBE_STRUCTURE_ITEM object (10009)
2025-05-07 13:45:12,477 - __main__ - INFO - cube_structure_item: CUBE_STRUCTURE_ITEM object (10011)
2025-05-07 13:45:12,477 - __main__ - INFO - cube_structure_item: CUBE_STRUCTURE_ITEM object (10012)
2025-05-07 13:45:12,477 - __main__ - INFO - cube_structure_item: CUBE_STRUCTURE_ITEM object (10013)
2025-05-07 13:45:12,477 - __main__ - INFO - cube_structure_item: CUBE_STRUCTURE_ITEM object (10020)
2025-05-07 13:45:12,478 - __main__ - INFO - cube_structure_item: CUBE_STRUCTURE_ITEM object (10021)
2025-05-07 13:45:12,478 - __main__ - INFO - cube_structure_item: CUBE_STRUCTURE_ITEM object (10024)
2025-05-07 13:45:12,478 - __main__ - INFO - cube_structure_item: CUBE_STRUCTURE_ITEM object (10025)
2025-05-07 13:45:12,478 - __main__ - INFO - cube_structure_item: CUBE_STRUCTURE_ITEM object (10026)
2025-05-07 13:45:12,478 - __main__ - INFO - cube_structure_item: CUBE_STRUCTURE_ITEM object (10029)
2025-05-07 13:45:12,478 - __main__ - INFO - cube_structure_item: CUBE_STRUCTURE_ITEM object (10030)
2025-05-07 13:45:12,479 - __main__ - INFO - cube_structure_item: CUBE_STRUCTURE_ITEM object (10032)
2025-05-07 13:45:12,479 - __main__ - INFO - cube_structure_item: CUBE_STRUCTURE_ITEM object (10033)
2025-05-07 13:45:12,479 - __main__ - INFO - cube_structure_item: CUBE_STRUCTURE_ITEM object (10053)
2025-05-07 13:45:12,479 - __main__ - INFO - cube_structure_item: CUBE_STRUCTURE_ITEM object (10056)
2025-05-07 13:45:12,479 - __main__ - INFO - cube_structure_item: CUBE_STRUCTURE_ITEM object (10057)
2025-05-07 13:45:12,480 - __main__ - INFO - cube_structure_item: CUBE_STRUCTURE_ITEM object (10062)
2025-05-07 13:45:12,480 - __main__ - INFO - cube_structure_item: CUBE_STRUCTURE_ITEM object (10066)
2025-05-07 13:45:12,480 - __main__ - INFO - cube_structure_item: CUBE_STRUCTURE_ITEM object (10069)
2025-05-07 13:45:12,480 - __main__ - INFO - cube_structure_item: CUBE_STRUCTURE_ITEM object (10070)
2025-05-07 13:45:12,480 - __main__ - INFO - cube_structure_item: CUBE_STRUCTURE_ITEM object (10071)
2025-05-07 13:45:12,481 - __main__ - INFO - cube_structure_item: CUBE_STRUCTURE_ITEM object (10073)
2025-05-07 13:45:12,481 - __main__ - INFO - cube_structure_item: CUBE_STRUCTURE_ITEM object (10075)
2025-05-07 13:45:12,481 - __main__ - INFO - cube_structure_item: CUBE_STRUCTURE_ITEM object (10081)
2025-05-07 13:45:12,481 - __main__ - INFO - cube_structure_item: CUBE_STRUCTURE_ITEM object (10082)
2025-05-07 13:45:12,481 - __main__ - INFO - cube_structure_item: CUBE_STRUCTURE_ITEM object (10084)
2025-05-07 13:45:12,482 - __main__ - INFO - cube_structure_item: CUBE_STRUCTURE_ITEM object (10085)
2025-05-07 13:45:12,482 - __main__ - INFO - cube_structure_item: CUBE_STRUCTURE_ITEM object (10092)
2025-05-07 13:45:12,482 - __main__ - INFO - cube_structure_item: CUBE_STRUCTURE_ITEM object (10094)
2025-05-07 13:45:12,482 - __main__ - INFO - cube_structure_item: CUBE_STRUCTURE_ITEM object (10105)
2025-05-07 13:45:12,482 - __main__ - INFO - cube_structure_item: CUBE_STRUCTURE_ITEM object (10107)
2025-05-07 13:45:12,482 - __main__ - INFO - cube_structure_item: CUBE_STRUCTURE_ITEM object (10108)
2025-05-07 13:45:12,483 - __main__ - INFO - cube_structure_item: CUBE_STRUCTURE_ITEM object (10115)
2025-05-07 13:45:12,483 - __main__ - INFO - cube_structure_item: CUBE_STRUCTURE_ITEM object (10117)
2025-05-07 13:45:12,483 - __main__ - INFO - cube_structure_item: CUBE_STRUCTURE_ITEM object (10127)
2025-05-07 13:45:12,483 - __main__ - INFO - cube_structure_item: CUBE_STRUCTURE_ITEM object (10128)
2025-05-07 13:45:12,483 - __main__ - INFO - cube_structure_item: CUBE_STRUCTURE_ITEM object (10137)
2025-05-07 13:45:12,484 - __main__ - INFO - {'ANCRDT_INSTRMNT_C_1:Loans and advances': [<CUBE_LINK: CUBE_LINK object (INSTRMNT:Loans and advances:ANCRDT_INSTRMNT_C_1)>, <CUBE_LINK: CUBE_LINK object (INSTRMNT_RL:Loans and advances:ANCRDT_INSTRMNT_C_1)>, <CUBE_LINK: CUBE_LINK object (CLLTRL:Loans and advances:ANCRDT_INSTRMNT_C_1)>]}
2025-05-07 13:45:12,624 - __main__ - INFO - cube_structure_item: CUBE_STRUCTURE_ITEM object (9965)
2025-05-07 13:45:12,624 - __main__ - INFO - cube_structure_item: CUBE_STRUCTURE_ITEM object (9967)
2025-05-07 13:45:12,625 - __main__ - INFO - cube_structure_item: CUBE_STRUCTURE_ITEM object (9977)
2025-05-07 13:45:12,628 - __main__ - INFO - cube_structure_item: CUBE_STRUCTURE_ITEM object (9978)
2025-05-07 13:45:12,629 - __main__ - INFO - cube_structure_item: CUBE_STRUCTURE_ITEM object (9979)
2025-05-07 13:45:12,629 - __main__ - INFO - cube_structure_item: CUBE_STRUCTURE_ITEM object (9981)
2025-05-07 13:45:12,632 - __main__ - INFO - cube_structure_item: CUBE_STRUCTURE_ITEM object (9984)
2025-05-07 13:45:12,632 - __main__ - INFO - cube_structure_item: CUBE_STRUCTURE_ITEM object (9985)
2025-05-07 13:45:12,633 - __main__ - INFO - cube_structure_item: CUBE_STRUCTURE_ITEM object (9990)
2025-05-07 13:45:12,633 - __main__ - INFO - cube_structure_item: CUBE_STRUCTURE_ITEM object (9993)
2025-05-07 13:45:12,633 - __main__ - INFO - cube_structure_item: CUBE_STRUCTURE_ITEM object (9999)
2025-05-07 13:45:12,633 - __main__ - INFO - cube_structure_item: CUBE_STRUCTURE_ITEM object (10000)
2025-05-07 13:45:12,634 - __main__ - INFO - cube_structure_item: CUBE_STRUCTURE_ITEM object (10005)
2025-05-07 13:45:12,635 - __main__ - INFO - cube_structure_item: CUBE_STRUCTURE_ITEM object (10009)
2025-05-07 13:45:12,636 - __main__ - INFO - cube_structure_item: CUBE_STRUCTURE_ITEM object (10011)
2025-05-07 13:45:12,636 - __main__ - INFO - cube_structure_item: CUBE_STRUCTURE_ITEM object (10012)
2025-05-07 13:45:12,637 - __main__ - INFO - cube_structure_item: CUBE_STRUCTURE_ITEM object (10013)
2025-05-07 13:45:12,637 - __main__ - INFO - cube_structure_item: CUBE_STRUCTURE_ITEM object (10020)
2025-05-07 13:45:12,638 - __main__ - INFO - cube_structure_item: CUBE_STRUCTURE_ITEM object (10021)
2025-05-07 13:45:12,639 - __main__ - INFO - cube_structure_item: CUBE_STRUCTURE_ITEM object (10024)
2025-05-07 13:45:12,640 - __main__ - INFO - cube_structure_item: CUBE_STRUCTURE_ITEM object (10025)
2025-05-07 13:45:12,640 - __main__ - INFO - cube_structure_item: CUBE_STRUCTURE_ITEM object (10026)
2025-05-07 13:45:12,640 - __main__ - INFO - cube_structure_item: CUBE_STRUCTURE_ITEM object (10029)
2025-05-07 13:45:12,640 - __main__ - INFO - cube_structure_item: CUBE_STRUCTURE_ITEM object (10030)
2025-05-07 13:45:12,640 - __main__ - INFO - cube_structure_item: CUBE_STRUCTURE_ITEM object (10032)
2025-05-07 13:45:12,641 - __main__ - INFO - cube_structure_item: CUBE_STRUCTURE_ITEM object (10033)
2025-05-07 13:45:12,641 - __main__ - INFO - cube_structure_item: CUBE_STRUCTURE_ITEM object (10053)
2025-05-07 13:45:12,643 - __main__ - INFO - cube_structure_item: CUBE_STRUCTURE_ITEM object (10056)
2025-05-07 13:45:12,643 - __main__ - INFO - cube_structure_item: CUBE_STRUCTURE_ITEM object (10057)
2025-05-07 13:45:12,643 - __main__ - INFO - cube_structure_item: CUBE_STRUCTURE_ITEM object (10062)
2025-05-07 13:45:12,644 - __main__ - INFO - cube_structure_item: CUBE_STRUCTURE_ITEM object (10066)
2025-05-07 13:45:12,644 - __main__ - INFO - cube_structure_item: CUBE_STRUCTURE_ITEM object (10069)
2025-05-07 13:45:12,644 - __main__ - INFO - cube_structure_item: CUBE_STRUCTURE_ITEM object (10070)
2025-05-07 13:45:12,644 - __main__ - INFO - cube_structure_item: CUBE_STRUCTURE_ITEM object (10071)
2025-05-07 13:45:12,645 - __main__ - INFO - cube_structure_item: CUBE_STRUCTURE_ITEM object (10073)
2025-05-07 13:45:12,645 - __main__ - INFO - cube_structure_item: CUBE_STRUCTURE_ITEM object (10075)
2025-05-07 13:45:12,645 - __main__ - INFO - cube_structure_item: CUBE_STRUCTURE_ITEM object (10081)
2025-05-07 13:45:12,647 - __main__ - INFO - cube_structure_item: CUBE_STRUCTURE_ITEM object (10082)
2025-05-07 13:45:12,648 - __main__ - INFO - cube_structure_item: CUBE_STRUCTURE_ITEM object (10084)
2025-05-07 13:45:12,648 - __main__ - INFO - cube_structure_item: CUBE_STRUCTURE_ITEM object (10085)
2025-05-07 13:45:12,649 - __main__ - INFO - cube_structure_item: CUBE_STRUCTURE_ITEM object (10092)
2025-05-07 13:45:12,650 - __main__ - INFO - cube_structure_item: CUBE_STRUCTURE_ITEM object (10094)
2025-05-07 13:45:12,650 - __main__ - INFO - cube_structure_item: CUBE_STRUCTURE_ITEM object (10105)
2025-05-07 13:45:12,651 - __main__ - INFO - cube_structure_item: CUBE_STRUCTURE_ITEM object (10107)
2025-05-07 13:45:12,652 - __main__ - INFO - cube_structure_item: CUBE_STRUCTURE_ITEM object (10108)
2025-05-07 13:45:12,652 - __main__ - INFO - cube_structure_item: CUBE_STRUCTURE_ITEM object (10115)
2025-05-07 13:45:12,653 - __main__ - INFO - cube_structure_item: CUBE_STRUCTURE_ITEM object (10117)
2025-05-07 13:45:12,653 - __main__ - INFO - cube_structure_item: CUBE_STRUCTURE_ITEM object (10127)
2025-05-07 13:45:12,653 - __main__ - INFO - cube_structure_item: CUBE_STRUCTURE_ITEM object (10128)
2025-05-07 13:45:12,653 - __main__ - INFO - cube_structure_item: CUBE_STRUCTURE_ITEM object (10137)
2025-05-07 13:45:12,654 - __main__ - INFO - cube_structure_item: CUBE_STRUCTURE_ITEM object (9965)
2025-05-07 13:45:12,654 - __main__ - INFO - cube_structure_item: CUBE_STRUCTURE_ITEM object (9967)
2025-05-07 13:45:12,654 - __main__ - INFO - cube_structure_item: CUBE_STRUCTURE_ITEM object (9977)
2025-05-07 13:45:12,654 - __main__ - INFO - cube_structure_item: CUBE_STRUCTURE_ITEM object (9978)
2025-05-07 13:45:12,654 - __main__ - INFO - cube_structure_item: CUBE_STRUCTURE_ITEM object (9979)
2025-05-07 13:45:12,655 - __main__ - INFO - cube_structure_item: CUBE_STRUCTURE_ITEM object (9981)
2025-05-07 13:45:12,655 - __main__ - INFO - cube_structure_item: CUBE_STRUCTURE_ITEM object (9984)
2025-05-07 13:45:12,656 - __main__ - INFO - cube_structure_item: CUBE_STRUCTURE_ITEM object (9985)
2025-05-07 13:45:12,657 - __main__ - INFO - cube_structure_item: CUBE_STRUCTURE_ITEM object (9990)
2025-05-07 13:45:12,657 - __main__ - INFO - cube_structure_item: CUBE_STRUCTURE_ITEM object (9993)
2025-05-07 13:45:12,658 - __main__ - INFO - cube_structure_item: CUBE_STRUCTURE_ITEM object (9999)
2025-05-07 13:45:12,659 - __main__ - INFO - cube_structure_item: CUBE_STRUCTURE_ITEM object (10000)
2025-05-07 13:45:12,659 - __main__ - INFO - cube_structure_item: CUBE_STRUCTURE_ITEM object (10005)
2025-05-07 13:45:12,660 - __main__ - INFO - cube_structure_item: CUBE_STRUCTURE_ITEM object (10009)
2025-05-07 13:45:12,661 - __main__ - INFO - cube_structure_item: CUBE_STRUCTURE_ITEM object (10011)
2025-05-07 13:45:12,661 - __main__ - INFO - cube_structure_item: CUBE_STRUCTURE_ITEM object (10012)
2025-05-07 13:45:12,662 - __main__ - INFO - cube_structure_item: CUBE_STRUCTURE_ITEM object (10013)
2025-05-07 13:45:12,663 - __main__ - INFO - cube_structure_item: CUBE_STRUCTURE_ITEM object (10020)
2025-05-07 13:45:12,663 - __main__ - INFO - cube_structure_item: CUBE_STRUCTURE_ITEM object (10021)
2025-05-07 13:45:12,664 - __main__ - INFO - cube_structure_item: CUBE_STRUCTURE_ITEM object (10024)
2025-05-07 13:45:12,664 - __main__ - INFO - cube_structure_item: CUBE_STRUCTURE_ITEM object (10025)
2025-05-07 13:45:12,664 - __main__ - INFO - cube_structure_item: CUBE_STRUCTURE_ITEM object (10026)
2025-05-07 13:45:12,664 - __main__ - INFO - cube_structure_item: CUBE_STRUCTURE_ITEM object (10029)
2025-05-07 13:45:12,664 - __main__ - INFO - cube_structure_item: CUBE_STRUCTURE_ITEM object (10030)
2025-05-07 13:45:12,665 - __main__ - INFO - cube_structure_item: CUBE_STRUCTURE_ITEM object (10032)
2025-05-07 13:45:12,665 - __main__ - INFO - cube_structure_item: CUBE_STRUCTURE_ITEM object (10033)
2025-05-07 13:45:12,666 - __main__ - INFO - cube_structure_item: CUBE_STRUCTURE_ITEM object (10053)
2025-05-07 13:45:12,666 - __main__ - INFO - cube_structure_item: CUBE_STRUCTURE_ITEM object (10056)
2025-05-07 13:45:12,667 - __main__ - INFO - cube_structure_item: CUBE_STRUCTURE_ITEM object (10057)
2025-05-07 13:45:12,668 - __main__ - INFO - cube_structure_item: CUBE_STRUCTURE_ITEM object (10062)
2025-05-07 13:45:12,668 - __main__ - INFO - cube_structure_item: CUBE_STRUCTURE_ITEM object (10066)
2025-05-07 13:45:12,669 - __main__ - INFO - cube_structure_item: CUBE_STRUCTURE_ITEM object (10069)
2025-05-07 13:45:12,669 - __main__ - INFO - cube_structure_item: CUBE_STRUCTURE_ITEM object (10070)
2025-05-07 13:45:12,669 - __main__ - INFO - cube_structure_item: CUBE_STRUCTURE_ITEM object (10071)
2025-05-07 13:45:12,669 - __main__ - INFO - cube_structure_item: CUBE_STRUCTURE_ITEM object (10073)
2025-05-07 13:45:12,669 - __main__ - INFO - cube_structure_item: CUBE_STRUCTURE_ITEM object (10075)
2025-05-07 13:45:12,670 - __main__ - INFO - cube_structure_item: CUBE_STRUCTURE_ITEM object (10081)
2025-05-07 13:45:12,671 - __main__ - INFO - cube_structure_item: CUBE_STRUCTURE_ITEM object (10082)
2025-05-07 13:45:12,672 - __main__ - INFO - cube_structure_item: CUBE_STRUCTURE_ITEM object (10084)
2025-05-07 13:45:12,673 - __main__ - INFO - cube_structure_item: CUBE_STRUCTURE_ITEM object (10085)
2025-05-07 13:45:12,674 - __main__ - INFO - cube_structure_item: CUBE_STRUCTURE_ITEM object (10092)
2025-05-07 13:45:12,674 - __main__ - INFO - cube_structure_item: CUBE_STRUCTURE_ITEM object (10094)
2025-05-07 13:45:12,674 - __main__ - INFO - cube_structure_item: CUBE_STRUCTURE_ITEM object (10105)
2025-05-07 13:45:12,674 - __main__ - INFO - cube_structure_item: CUBE_STRUCTURE_ITEM object (10107)
2025-05-07 13:45:12,675 - __main__ - INFO - cube_structure_item: CUBE_STRUCTURE_ITEM object (10108)
2025-05-07 13:45:12,675 - __main__ - INFO - cube_structure_item: CUBE_STRUCTURE_ITEM object (10115)
2025-05-07 13:45:12,676 - __main__ - INFO - cube_structure_item: CUBE_STRUCTURE_ITEM object (10117)
2025-05-07 13:45:12,676 - __main__ - INFO - cube_structure_item: CUBE_STRUCTURE_ITEM object (10127)
2025-05-07 13:45:12,677 - __main__ - INFO - cube_structure_item: CUBE_STRUCTURE_ITEM object (10128)
2025-05-07 13:45:12,677 - __main__ - INFO - cube_structure_item: CUBE_STRUCTURE_ITEM object (10137)
2025-05-07 14:17:53,882 - __main__ - INFO - Django configured successfully with settings module: birds_nest.settings
2025-05-07 14:17:59,334 - __main__ - INFO - rolc_id: ANCRDT_INSTRMNT_C_1
2025-05-07 14:17:59,334 - __main__ - INFO - cube_structure_item: CUBE_STRUCTURE_ITEM object (9965)
2025-05-07 14:17:59,337 - __main__ - INFO - cube_structure_item: CUBE_STRUCTURE_ITEM object (9967)
2025-05-07 14:17:59,341 - __main__ - INFO - cube_structure_item: CUBE_STRUCTURE_ITEM object (9977)
2025-05-07 14:17:59,344 - __main__ - INFO - cube_structure_item: CUBE_STRUCTURE_ITEM object (9978)
2025-05-07 14:17:59,348 - __main__ - INFO - cube_structure_item: CUBE_STRUCTURE_ITEM object (9979)
2025-05-07 14:17:59,352 - __main__ - INFO - cube_structure_item: CUBE_STRUCTURE_ITEM object (9981)
2025-05-07 14:17:59,355 - __main__ - INFO - cube_structure_item: CUBE_STRUCTURE_ITEM object (9984)
2025-05-07 14:17:59,357 - __main__ - INFO - cube_structure_item: CUBE_STRUCTURE_ITEM object (9985)
2025-05-07 14:17:59,360 - __main__ - INFO - cube_structure_item: CUBE_STRUCTURE_ITEM object (9990)
2025-05-07 14:17:59,363 - __main__ - INFO - cube_structure_item: CUBE_STRUCTURE_ITEM object (9993)
2025-05-07 14:17:59,365 - __main__ - INFO - cube_structure_item: CUBE_STRUCTURE_ITEM object (9999)
2025-05-07 14:17:59,368 - __main__ - INFO - cube_structure_item: CUBE_STRUCTURE_ITEM object (10000)
2025-05-07 14:17:59,370 - __main__ - INFO - cube_structure_item: CUBE_STRUCTURE_ITEM object (10005)
2025-05-07 14:17:59,372 - __main__ - INFO - cube_structure_item: CUBE_STRUCTURE_ITEM object (10009)
2025-05-07 14:17:59,374 - __main__ - INFO - cube_structure_item: CUBE_STRUCTURE_ITEM object (10011)
2025-05-07 14:17:59,377 - __main__ - INFO - cube_structure_item: CUBE_STRUCTURE_ITEM object (10012)
2025-05-07 14:17:59,380 - __main__ - INFO - cube_structure_item: CUBE_STRUCTURE_ITEM object (10013)
2025-05-07 14:17:59,384 - __main__ - INFO - cube_structure_item: CUBE_STRUCTURE_ITEM object (10020)
2025-05-07 14:17:59,388 - __main__ - INFO - cube_structure_item: CUBE_STRUCTURE_ITEM object (10021)
2025-05-07 14:17:59,393 - __main__ - INFO - cube_structure_item: CUBE_STRUCTURE_ITEM object (10024)
2025-05-07 14:17:59,397 - __main__ - INFO - cube_structure_item: CUBE_STRUCTURE_ITEM object (10025)
2025-05-07 14:17:59,401 - __main__ - INFO - cube_structure_item: CUBE_STRUCTURE_ITEM object (10026)
2025-05-07 14:17:59,405 - __main__ - INFO - cube_structure_item: CUBE_STRUCTURE_ITEM object (10029)
2025-05-07 14:17:59,408 - __main__ - INFO - cube_structure_item: CUBE_STRUCTURE_ITEM object (10030)
2025-05-07 14:17:59,411 - __main__ - INFO - cube_structure_item: CUBE_STRUCTURE_ITEM object (10032)
2025-05-07 14:17:59,413 - __main__ - INFO - cube_structure_item: CUBE_STRUCTURE_ITEM object (10033)
2025-05-07 14:17:59,415 - __main__ - INFO - cube_structure_item: CUBE_STRUCTURE_ITEM object (10053)
2025-05-07 14:17:59,417 - __main__ - INFO - cube_structure_item: CUBE_STRUCTURE_ITEM object (10056)
2025-05-07 14:17:59,422 - __main__ - INFO - cube_structure_item: CUBE_STRUCTURE_ITEM object (10057)
2025-05-07 14:17:59,425 - __main__ - INFO - cube_structure_item: CUBE_STRUCTURE_ITEM object (10062)
2025-05-07 14:17:59,429 - __main__ - INFO - cube_structure_item: CUBE_STRUCTURE_ITEM object (10066)
2025-05-07 14:17:59,433 - __main__ - INFO - cube_structure_item: CUBE_STRUCTURE_ITEM object (10069)
2025-05-07 14:17:59,436 - __main__ - INFO - cube_structure_item: CUBE_STRUCTURE_ITEM object (10070)
2025-05-07 14:17:59,440 - __main__ - INFO - cube_structure_item: CUBE_STRUCTURE_ITEM object (10071)
2025-05-07 14:17:59,443 - __main__ - INFO - cube_structure_item: CUBE_STRUCTURE_ITEM object (10073)
2025-05-07 14:17:59,446 - __main__ - INFO - cube_structure_item: CUBE_STRUCTURE_ITEM object (10075)
2025-05-07 14:17:59,448 - __main__ - INFO - cube_structure_item: CUBE_STRUCTURE_ITEM object (10081)
2025-05-07 14:17:59,451 - __main__ - INFO - cube_structure_item: CUBE_STRUCTURE_ITEM object (10082)
2025-05-07 14:17:59,453 - __main__ - INFO - cube_structure_item: CUBE_STRUCTURE_ITEM object (10084)
2025-05-07 14:17:59,456 - __main__ - INFO - cube_structure_item: CUBE_STRUCTURE_ITEM object (10085)
2025-05-07 14:17:59,459 - __main__ - INFO - cube_structure_item: CUBE_STRUCTURE_ITEM object (10092)
2025-05-07 14:17:59,461 - __main__ - INFO - cube_structure_item: CUBE_STRUCTURE_ITEM object (10094)
2025-05-07 14:17:59,464 - __main__ - INFO - cube_structure_item: CUBE_STRUCTURE_ITEM object (10105)
2025-05-07 14:17:59,466 - __main__ - INFO - cube_structure_item: CUBE_STRUCTURE_ITEM object (10107)
2025-05-07 14:17:59,469 - __main__ - INFO - cube_structure_item: CUBE_STRUCTURE_ITEM object (10108)
2025-05-07 14:17:59,471 - __main__ - INFO - cube_structure_item: CUBE_STRUCTURE_ITEM object (10115)
2025-05-07 14:17:59,474 - __main__ - INFO - cube_structure_item: CUBE_STRUCTURE_ITEM object (10117)
2025-05-07 14:17:59,478 - __main__ - INFO - cube_structure_item: CUBE_STRUCTURE_ITEM object (10127)
2025-05-07 14:17:59,482 - __main__ - INFO - cube_structure_item: CUBE_STRUCTURE_ITEM object (10128)
2025-05-07 14:17:59,486 - __main__ - INFO - cube_structure_item: CUBE_STRUCTURE_ITEM object (10137)
2025-05-07 14:17:59,490 - __main__ - INFO - cube_structure_item: CUBE_STRUCTURE_ITEM object (9965)
2025-05-07 14:17:59,491 - __main__ - INFO - cube_structure_item: CUBE_STRUCTURE_ITEM object (9967)
2025-05-07 14:17:59,491 - __main__ - INFO - cube_structure_item: CUBE_STRUCTURE_ITEM object (9977)
2025-05-07 14:17:59,491 - __main__ - INFO - cube_structure_item: CUBE_STRUCTURE_ITEM object (9978)
2025-05-07 14:17:59,491 - __main__ - INFO - cube_structure_item: CUBE_STRUCTURE_ITEM object (9979)
2025-05-07 14:17:59,491 - __main__ - INFO - cube_structure_item: CUBE_STRUCTURE_ITEM object (9981)
2025-05-07 14:17:59,492 - __main__ - INFO - cube_structure_item: CUBE_STRUCTURE_ITEM object (9984)
2025-05-07 14:17:59,492 - __main__ - INFO - cube_structure_item: CUBE_STRUCTURE_ITEM object (9985)
2025-05-07 14:17:59,492 - __main__ - INFO - cube_structure_item: CUBE_STRUCTURE_ITEM object (9990)
2025-05-07 14:17:59,492 - __main__ - INFO - cube_structure_item: CUBE_STRUCTURE_ITEM object (9993)
2025-05-07 14:17:59,492 - __main__ - INFO - cube_structure_item: CUBE_STRUCTURE_ITEM object (9999)
2025-05-07 14:17:59,492 - __main__ - INFO - cube_structure_item: CUBE_STRUCTURE_ITEM object (10000)
2025-05-07 14:17:59,493 - __main__ - INFO - cube_structure_item: CUBE_STRUCTURE_ITEM object (10005)
2025-05-07 14:17:59,493 - __main__ - INFO - cube_structure_item: CUBE_STRUCTURE_ITEM object (10009)
2025-05-07 14:17:59,494 - __main__ - INFO - cube_structure_item: CUBE_STRUCTURE_ITEM object (10011)
2025-05-07 14:17:59,494 - __main__ - INFO - cube_structure_item: CUBE_STRUCTURE_ITEM object (10012)
2025-05-07 14:17:59,494 - __main__ - INFO - cube_structure_item: CUBE_STRUCTURE_ITEM object (10013)
2025-05-07 14:17:59,494 - __main__ - INFO - cube_structure_item: CUBE_STRUCTURE_ITEM object (10020)
2025-05-07 14:17:59,495 - __main__ - INFO - cube_structure_item: CUBE_STRUCTURE_ITEM object (10021)
2025-05-07 14:17:59,495 - __main__ - INFO - cube_structure_item: CUBE_STRUCTURE_ITEM object (10024)
2025-05-07 14:17:59,495 - __main__ - INFO - cube_structure_item: CUBE_STRUCTURE_ITEM object (10025)
2025-05-07 14:17:59,495 - __main__ - INFO - cube_structure_item: CUBE_STRUCTURE_ITEM object (10026)
2025-05-07 14:17:59,495 - __main__ - INFO - cube_structure_item: CUBE_STRUCTURE_ITEM object (10029)
2025-05-07 14:17:59,496 - __main__ - INFO - cube_structure_item: CUBE_STRUCTURE_ITEM object (10030)
2025-05-07 14:17:59,496 - __main__ - INFO - cube_structure_item: CUBE_STRUCTURE_ITEM object (10032)
2025-05-07 14:17:59,496 - __main__ - INFO - cube_structure_item: CUBE_STRUCTURE_ITEM object (10033)
2025-05-07 14:17:59,496 - __main__ - INFO - cube_structure_item: CUBE_STRUCTURE_ITEM object (10053)
2025-05-07 14:17:59,496 - __main__ - INFO - cube_structure_item: CUBE_STRUCTURE_ITEM object (10056)
2025-05-07 14:17:59,497 - __main__ - INFO - cube_structure_item: CUBE_STRUCTURE_ITEM object (10057)
2025-05-07 14:17:59,497 - __main__ - INFO - cube_structure_item: CUBE_STRUCTURE_ITEM object (10062)
2025-05-07 14:17:59,497 - __main__ - INFO - cube_structure_item: CUBE_STRUCTURE_ITEM object (10066)
2025-05-07 14:17:59,497 - __main__ - INFO - cube_structure_item: CUBE_STRUCTURE_ITEM object (10069)
2025-05-07 14:17:59,498 - __main__ - INFO - cube_structure_item: CUBE_STRUCTURE_ITEM object (10070)
2025-05-07 14:17:59,498 - __main__ - INFO - cube_structure_item: CUBE_STRUCTURE_ITEM object (10071)
2025-05-07 14:17:59,498 - __main__ - INFO - cube_structure_item: CUBE_STRUCTURE_ITEM object (10073)
2025-05-07 14:17:59,498 - __main__ - INFO - cube_structure_item: CUBE_STRUCTURE_ITEM object (10075)
2025-05-07 14:17:59,498 - __main__ - INFO - cube_structure_item: CUBE_STRUCTURE_ITEM object (10081)
2025-05-07 14:17:59,499 - __main__ - INFO - cube_structure_item: CUBE_STRUCTURE_ITEM object (10082)
2025-05-07 14:17:59,499 - __main__ - INFO - cube_structure_item: CUBE_STRUCTURE_ITEM object (10084)
2025-05-07 14:17:59,499 - __main__ - INFO - cube_structure_item: CUBE_STRUCTURE_ITEM object (10085)
2025-05-07 14:17:59,499 - __main__ - INFO - cube_structure_item: CUBE_STRUCTURE_ITEM object (10092)
2025-05-07 14:17:59,499 - __main__ - INFO - cube_structure_item: CUBE_STRUCTURE_ITEM object (10094)
2025-05-07 14:17:59,500 - __main__ - INFO - cube_structure_item: CUBE_STRUCTURE_ITEM object (10105)
2025-05-07 14:17:59,500 - __main__ - INFO - cube_structure_item: CUBE_STRUCTURE_ITEM object (10107)
2025-05-07 14:17:59,500 - __main__ - INFO - cube_structure_item: CUBE_STRUCTURE_ITEM object (10108)
2025-05-07 14:17:59,500 - __main__ - INFO - cube_structure_item: CUBE_STRUCTURE_ITEM object (10115)
2025-05-07 14:17:59,501 - __main__ - INFO - cube_structure_item: CUBE_STRUCTURE_ITEM object (10117)
2025-05-07 14:17:59,501 - __main__ - INFO - cube_structure_item: CUBE_STRUCTURE_ITEM object (10127)
2025-05-07 14:17:59,501 - __main__ - INFO - cube_structure_item: CUBE_STRUCTURE_ITEM object (10128)
2025-05-07 14:17:59,501 - __main__ - INFO - cube_structure_item: CUBE_STRUCTURE_ITEM object (10137)
2025-05-07 14:17:59,501 - __main__ - INFO - cube_structure_item: CUBE_STRUCTURE_ITEM object (9965)
2025-05-07 14:17:59,502 - __main__ - INFO - cube_structure_item: CUBE_STRUCTURE_ITEM object (9967)
2025-05-07 14:17:59,502 - __main__ - INFO - cube_structure_item: CUBE_STRUCTURE_ITEM object (9977)
2025-05-07 14:17:59,502 - __main__ - INFO - cube_structure_item: CUBE_STRUCTURE_ITEM object (9978)
2025-05-07 14:17:59,502 - __main__ - INFO - cube_structure_item: CUBE_STRUCTURE_ITEM object (9979)
2025-05-07 14:17:59,502 - __main__ - INFO - cube_structure_item: CUBE_STRUCTURE_ITEM object (9981)
2025-05-07 14:17:59,503 - __main__ - INFO - cube_structure_item: CUBE_STRUCTURE_ITEM object (9984)
2025-05-07 14:17:59,503 - __main__ - INFO - cube_structure_item: CUBE_STRUCTURE_ITEM object (9985)
2025-05-07 14:17:59,503 - __main__ - INFO - cube_structure_item: CUBE_STRUCTURE_ITEM object (9990)
2025-05-07 14:17:59,503 - __main__ - INFO - cube_structure_item: CUBE_STRUCTURE_ITEM object (9993)
2025-05-07 14:17:59,503 - __main__ - INFO - cube_structure_item: CUBE_STRUCTURE_ITEM object (9999)
2025-05-07 14:17:59,504 - __main__ - INFO - cube_structure_item: CUBE_STRUCTURE_ITEM object (10000)
2025-05-07 14:17:59,504 - __main__ - INFO - cube_structure_item: CUBE_STRUCTURE_ITEM object (10005)
2025-05-07 14:17:59,504 - __main__ - INFO - cube_structure_item: CUBE_STRUCTURE_ITEM object (10009)
2025-05-07 14:17:59,504 - __main__ - INFO - cube_structure_item: CUBE_STRUCTURE_ITEM object (10011)
2025-05-07 14:17:59,504 - __main__ - INFO - cube_structure_item: CUBE_STRUCTURE_ITEM object (10012)
2025-05-07 14:17:59,505 - __main__ - INFO - cube_structure_item: CUBE_STRUCTURE_ITEM object (10013)
2025-05-07 14:17:59,505 - __main__ - INFO - cube_structure_item: CUBE_STRUCTURE_ITEM object (10020)
2025-05-07 14:17:59,505 - __main__ - INFO - cube_structure_item: CUBE_STRUCTURE_ITEM object (10021)
2025-05-07 14:17:59,505 - __main__ - INFO - cube_structure_item: CUBE_STRUCTURE_ITEM object (10024)
2025-05-07 14:17:59,505 - __main__ - INFO - cube_structure_item: CUBE_STRUCTURE_ITEM object (10025)
2025-05-07 14:17:59,506 - __main__ - INFO - cube_structure_item: CUBE_STRUCTURE_ITEM object (10026)
2025-05-07 14:17:59,506 - __main__ - INFO - cube_structure_item: CUBE_STRUCTURE_ITEM object (10029)
2025-05-07 14:17:59,506 - __main__ - INFO - cube_structure_item: CUBE_STRUCTURE_ITEM object (10030)
2025-05-07 14:17:59,506 - __main__ - INFO - cube_structure_item: CUBE_STRUCTURE_ITEM object (10032)
2025-05-07 14:17:59,506 - __main__ - INFO - cube_structure_item: CUBE_STRUCTURE_ITEM object (10033)
2025-05-07 14:17:59,507 - __main__ - INFO - cube_structure_item: CUBE_STRUCTURE_ITEM object (10053)
2025-05-07 14:17:59,510 - __main__ - INFO - cube_structure_item: CUBE_STRUCTURE_ITEM object (10056)
2025-05-07 14:17:59,510 - __main__ - INFO - cube_structure_item: CUBE_STRUCTURE_ITEM object (10057)
2025-05-07 14:17:59,510 - __main__ - INFO - cube_structure_item: CUBE_STRUCTURE_ITEM object (10062)
2025-05-07 14:17:59,511 - __main__ - INFO - cube_structure_item: CUBE_STRUCTURE_ITEM object (10066)
2025-05-07 14:17:59,511 - __main__ - INFO - cube_structure_item: CUBE_STRUCTURE_ITEM object (10069)
2025-05-07 14:17:59,511 - __main__ - INFO - cube_structure_item: CUBE_STRUCTURE_ITEM object (10070)
2025-05-07 14:17:59,511 - __main__ - INFO - cube_structure_item: CUBE_STRUCTURE_ITEM object (10071)
2025-05-07 14:17:59,511 - __main__ - INFO - cube_structure_item: CUBE_STRUCTURE_ITEM object (10073)
2025-05-07 14:17:59,512 - __main__ - INFO - cube_structure_item: CUBE_STRUCTURE_ITEM object (10075)
2025-05-07 14:17:59,512 - __main__ - INFO - cube_structure_item: CUBE_STRUCTURE_ITEM object (10081)
2025-05-07 14:17:59,512 - __main__ - INFO - cube_structure_item: CUBE_STRUCTURE_ITEM object (10082)
2025-05-07 14:17:59,512 - __main__ - INFO - cube_structure_item: CUBE_STRUCTURE_ITEM object (10084)
2025-05-07 14:17:59,512 - __main__ - INFO - cube_structure_item: CUBE_STRUCTURE_ITEM object (10085)
2025-05-07 14:17:59,513 - __main__ - INFO - cube_structure_item: CUBE_STRUCTURE_ITEM object (10092)
2025-05-07 14:17:59,513 - __main__ - INFO - cube_structure_item: CUBE_STRUCTURE_ITEM object (10094)
2025-05-07 14:17:59,515 - __main__ - INFO - cube_structure_item: CUBE_STRUCTURE_ITEM object (10105)
2025-05-07 14:17:59,515 - __main__ - INFO - cube_structure_item: CUBE_STRUCTURE_ITEM object (10107)
2025-05-07 14:17:59,515 - __main__ - INFO - cube_structure_item: CUBE_STRUCTURE_ITEM object (10108)
2025-05-07 14:17:59,516 - __main__ - INFO - cube_structure_item: CUBE_STRUCTURE_ITEM object (10115)
2025-05-07 14:17:59,516 - __main__ - INFO - cube_structure_item: CUBE_STRUCTURE_ITEM object (10117)
2025-05-07 14:17:59,516 - __main__ - INFO - cube_structure_item: CUBE_STRUCTURE_ITEM object (10127)
2025-05-07 14:17:59,516 - __main__ - INFO - cube_structure_item: CUBE_STRUCTURE_ITEM object (10128)
2025-05-07 14:17:59,517 - __main__ - INFO - cube_structure_item: CUBE_STRUCTURE_ITEM object (10137)
2025-05-07 14:17:59,517 - __main__ - INFO - {'ANCRDT_INSTRMNT_C_1:Loans and advances': [<CUBE_LINK: CUBE_LINK object (INSTRMNT:Loans and advances:ANCRDT_INSTRMNT_C_1)>, <CUBE_LINK: CUBE_LINK object (INSTRMNT_RL:Loans and advances:ANCRDT_INSTRMNT_C_1)>, <CUBE_LINK: CUBE_LINK object (CLLTRL:Loans and advances:ANCRDT_INSTRMNT_C_1)>]}
2025-05-07 14:17:59,662 - __main__ - INFO - cube_structure_item: CUBE_STRUCTURE_ITEM object (9965)
2025-05-07 14:17:59,663 - __main__ - INFO - cube_structure_item: CUBE_STRUCTURE_ITEM object (9967)
2025-05-07 14:17:59,663 - __main__ - INFO - cube_structure_item: CUBE_STRUCTURE_ITEM object (9977)
2025-05-07 14:17:59,663 - __main__ - INFO - cube_structure_item: CUBE_STRUCTURE_ITEM object (9978)
2025-05-07 14:17:59,664 - __main__ - INFO - cube_structure_item: CUBE_STRUCTURE_ITEM object (9979)
2025-05-07 14:17:59,664 - __main__ - INFO - cube_structure_item: CUBE_STRUCTURE_ITEM object (9981)
2025-05-07 14:17:59,664 - __main__ - INFO - cube_structure_item: CUBE_STRUCTURE_ITEM object (9984)
2025-05-07 14:17:59,664 - __main__ - INFO - cube_structure_item: CUBE_STRUCTURE_ITEM object (9985)
2025-05-07 14:17:59,664 - __main__ - INFO - cube_structure_item: CUBE_STRUCTURE_ITEM object (9990)
2025-05-07 14:17:59,665 - __main__ - INFO - cube_structure_item: CUBE_STRUCTURE_ITEM object (9993)
2025-05-07 14:17:59,665 - __main__ - INFO - cube_structure_item: CUBE_STRUCTURE_ITEM object (9999)
2025-05-07 14:17:59,665 - __main__ - INFO - cube_structure_item: CUBE_STRUCTURE_ITEM object (10000)
2025-05-07 14:17:59,665 - __main__ - INFO - cube_structure_item: CUBE_STRUCTURE_ITEM object (10005)
2025-05-07 14:17:59,666 - __main__ - INFO - cube_structure_item: CUBE_STRUCTURE_ITEM object (10009)
2025-05-07 14:17:59,666 - __main__ - INFO - cube_structure_item: CUBE_STRUCTURE_ITEM object (10011)
2025-05-07 14:17:59,666 - __main__ - INFO - cube_structure_item: CUBE_STRUCTURE_ITEM object (10012)
2025-05-07 14:17:59,666 - __main__ - INFO - cube_structure_item: CUBE_STRUCTURE_ITEM object (10013)
2025-05-07 14:17:59,666 - __main__ - INFO - cube_structure_item: CUBE_STRUCTURE_ITEM object (10020)
2025-05-07 14:17:59,667 - __main__ - INFO - cube_structure_item: CUBE_STRUCTURE_ITEM object (10021)
2025-05-07 14:17:59,667 - __main__ - INFO - cube_structure_item: CUBE_STRUCTURE_ITEM object (10024)
2025-05-07 14:17:59,667 - __main__ - INFO - cube_structure_item: CUBE_STRUCTURE_ITEM object (10025)
2025-05-07 14:17:59,667 - __main__ - INFO - cube_structure_item: CUBE_STRUCTURE_ITEM object (10026)
2025-05-07 14:17:59,668 - __main__ - INFO - cube_structure_item: CUBE_STRUCTURE_ITEM object (10029)
2025-05-07 14:17:59,668 - __main__ - INFO - cube_structure_item: CUBE_STRUCTURE_ITEM object (10030)
2025-05-07 14:17:59,668 - __main__ - INFO - cube_structure_item: CUBE_STRUCTURE_ITEM object (10032)
2025-05-07 14:17:59,668 - __main__ - INFO - cube_structure_item: CUBE_STRUCTURE_ITEM object (10033)
2025-05-07 14:17:59,668 - __main__ - INFO - cube_structure_item: CUBE_STRUCTURE_ITEM object (10053)
2025-05-07 14:17:59,669 - __main__ - INFO - cube_structure_item: CUBE_STRUCTURE_ITEM object (10056)
2025-05-07 14:17:59,669 - __main__ - INFO - cube_structure_item: CUBE_STRUCTURE_ITEM object (10057)
2025-05-07 14:17:59,669 - __main__ - INFO - cube_structure_item: CUBE_STRUCTURE_ITEM object (10062)
2025-05-07 14:17:59,669 - __main__ - INFO - cube_structure_item: CUBE_STRUCTURE_ITEM object (10066)
2025-05-07 14:17:59,669 - __main__ - INFO - cube_structure_item: CUBE_STRUCTURE_ITEM object (10069)
2025-05-07 14:17:59,669 - __main__ - INFO - cube_structure_item: CUBE_STRUCTURE_ITEM object (10070)
2025-05-07 14:17:59,670 - __main__ - INFO - cube_structure_item: CUBE_STRUCTURE_ITEM object (10071)
2025-05-07 14:17:59,671 - __main__ - INFO - cube_structure_item: CUBE_STRUCTURE_ITEM object (10073)
2025-05-07 14:17:59,671 - __main__ - INFO - cube_structure_item: CUBE_STRUCTURE_ITEM object (10075)
2025-05-07 14:17:59,671 - __main__ - INFO - cube_structure_item: CUBE_STRUCTURE_ITEM object (10081)
2025-05-07 14:17:59,672 - __main__ - INFO - cube_structure_item: CUBE_STRUCTURE_ITEM object (10082)
2025-05-07 14:17:59,674 - __main__ - INFO - cube_structure_item: CUBE_STRUCTURE_ITEM object (10084)
2025-05-07 14:17:59,674 - __main__ - INFO - cube_structure_item: CUBE_STRUCTURE_ITEM object (10085)
2025-05-07 14:17:59,674 - __main__ - INFO - cube_structure_item: CUBE_STRUCTURE_ITEM object (10092)
2025-05-07 14:17:59,675 - __main__ - INFO - cube_structure_item: CUBE_STRUCTURE_ITEM object (10094)
2025-05-07 14:17:59,675 - __main__ - INFO - cube_structure_item: CUBE_STRUCTURE_ITEM object (10105)
2025-05-07 14:17:59,675 - __main__ - INFO - cube_structure_item: CUBE_STRUCTURE_ITEM object (10107)
2025-05-07 14:17:59,675 - __main__ - INFO - cube_structure_item: CUBE_STRUCTURE_ITEM object (10108)
2025-05-07 14:17:59,675 - __main__ - INFO - cube_structure_item: CUBE_STRUCTURE_ITEM object (10115)
2025-05-07 14:17:59,675 - __main__ - INFO - cube_structure_item: CUBE_STRUCTURE_ITEM object (10117)
2025-05-07 14:17:59,676 - __main__ - INFO - cube_structure_item: CUBE_STRUCTURE_ITEM object (10127)
2025-05-07 14:17:59,676 - __main__ - INFO - cube_structure_item: CUBE_STRUCTURE_ITEM object (10128)
2025-05-07 14:17:59,676 - __main__ - INFO - cube_structure_item: CUBE_STRUCTURE_ITEM object (10137)
2025-05-07 14:18:01,454 - __main__ - INFO - cube_structure_item: CUBE_STRUCTURE_ITEM object (9965)
2025-05-07 14:18:01,454 - __main__ - INFO - cube_structure_item: CUBE_STRUCTURE_ITEM object (9967)
2025-05-07 14:18:01,454 - __main__ - INFO - cube_structure_item: CUBE_STRUCTURE_ITEM object (9977)
2025-05-07 14:18:01,454 - __main__ - INFO - cube_structure_item: CUBE_STRUCTURE_ITEM object (9978)
2025-05-07 14:18:01,455 - __main__ - INFO - cube_structure_item: CUBE_STRUCTURE_ITEM object (9979)
2025-05-07 14:18:01,455 - __main__ - INFO - cube_structure_item: CUBE_STRUCTURE_ITEM object (9981)
2025-05-07 14:18:01,455 - __main__ - INFO - cube_structure_item: CUBE_STRUCTURE_ITEM object (9984)
2025-05-07 14:18:01,455 - __main__ - INFO - cube_structure_item: CUBE_STRUCTURE_ITEM object (9985)
2025-05-07 14:18:01,456 - __main__ - INFO - cube_structure_item: CUBE_STRUCTURE_ITEM object (9990)
2025-05-07 14:18:01,456 - __main__ - INFO - cube_structure_item: CUBE_STRUCTURE_ITEM object (9993)
2025-05-07 14:18:01,456 - __main__ - INFO - cube_structure_item: CUBE_STRUCTURE_ITEM object (9999)
2025-05-07 14:18:01,456 - __main__ - INFO - cube_structure_item: CUBE_STRUCTURE_ITEM object (10000)
2025-05-07 14:18:01,457 - __main__ - INFO - cube_structure_item: CUBE_STRUCTURE_ITEM object (10005)
2025-05-07 14:18:01,457 - __main__ - INFO - cube_structure_item: CUBE_STRUCTURE_ITEM object (10009)
2025-05-07 14:18:01,457 - __main__ - INFO - cube_structure_item: CUBE_STRUCTURE_ITEM object (10011)
2025-05-07 14:18:01,457 - __main__ - INFO - cube_structure_item: CUBE_STRUCTURE_ITEM object (10012)
2025-05-07 14:18:01,458 - __main__ - INFO - cube_structure_item: CUBE_STRUCTURE_ITEM object (10013)
2025-05-07 14:18:01,458 - __main__ - INFO - cube_structure_item: CUBE_STRUCTURE_ITEM object (10020)
2025-05-07 14:18:01,458 - __main__ - INFO - cube_structure_item: CUBE_STRUCTURE_ITEM object (10021)
2025-05-07 14:18:01,458 - __main__ - INFO - cube_structure_item: CUBE_STRUCTURE_ITEM object (10024)
2025-05-07 14:18:01,458 - __main__ - INFO - cube_structure_item: CUBE_STRUCTURE_ITEM object (10025)
2025-05-07 14:18:01,459 - __main__ - INFO - cube_structure_item: CUBE_STRUCTURE_ITEM object (10026)
2025-05-07 14:18:01,459 - __main__ - INFO - cube_structure_item: CUBE_STRUCTURE_ITEM object (10029)
2025-05-07 14:18:01,459 - __main__ - INFO - cube_structure_item: CUBE_STRUCTURE_ITEM object (10030)
2025-05-07 14:18:01,459 - __main__ - INFO - cube_structure_item: CUBE_STRUCTURE_ITEM object (10032)
2025-05-07 14:18:01,460 - __main__ - INFO - cube_structure_item: CUBE_STRUCTURE_ITEM object (10033)
2025-05-07 14:18:01,460 - __main__ - INFO - cube_structure_item: CUBE_STRUCTURE_ITEM object (10053)
2025-05-07 14:18:01,460 - __main__ - INFO - cube_structure_item: CUBE_STRUCTURE_ITEM object (10056)
2025-05-07 14:18:01,460 - __main__ - INFO - cube_structure_item: CUBE_STRUCTURE_ITEM object (10057)
2025-05-07 14:18:01,460 - __main__ - INFO - cube_structure_item: CUBE_STRUCTURE_ITEM object (10062)
2025-05-07 14:18:01,461 - __main__ - INFO - cube_structure_item: CUBE_STRUCTURE_ITEM object (10066)
2025-05-07 14:18:01,461 - __main__ - INFO - cube_structure_item: CUBE_STRUCTURE_ITEM object (10069)
2025-05-07 14:18:01,461 - __main__ - INFO - cube_structure_item: CUBE_STRUCTURE_ITEM object (10070)
2025-05-07 14:18:01,461 - __main__ - INFO - cube_structure_item: CUBE_STRUCTURE_ITEM object (10071)
2025-05-07 14:18:01,461 - __main__ - INFO - cube_structure_item: CUBE_STRUCTURE_ITEM object (10073)
2025-05-07 14:18:01,462 - __main__ - INFO - cube_structure_item: CUBE_STRUCTURE_ITEM object (10075)
2025-05-07 14:18:01,462 - __main__ - INFO - cube_structure_item: CUBE_STRUCTURE_ITEM object (10081)
2025-05-07 14:18:01,462 - __main__ - INFO - cube_structure_item: CUBE_STRUCTURE_ITEM object (10082)
2025-05-07 14:18:01,462 - __main__ - INFO - cube_structure_item: CUBE_STRUCTURE_ITEM object (10084)
2025-05-07 14:18:01,462 - __main__ - INFO - cube_structure_item: CUBE_STRUCTURE_ITEM object (10085)
2025-05-07 14:18:01,463 - __main__ - INFO - cube_structure_item: CUBE_STRUCTURE_ITEM object (10092)
2025-05-07 14:18:01,463 - __main__ - INFO - cube_structure_item: CUBE_STRUCTURE_ITEM object (10094)
2025-05-07 14:18:01,463 - __main__ - INFO - cube_structure_item: CUBE_STRUCTURE_ITEM object (10105)
2025-05-07 14:18:01,463 - __main__ - INFO - cube_structure_item: CUBE_STRUCTURE_ITEM object (10107)
2025-05-07 14:18:01,464 - __main__ - INFO - cube_structure_item: CUBE_STRUCTURE_ITEM object (10108)
2025-05-07 14:18:01,464 - __main__ - INFO - cube_structure_item: CUBE_STRUCTURE_ITEM object (10115)
2025-05-07 14:18:01,464 - __main__ - INFO - cube_structure_item: CUBE_STRUCTURE_ITEM object (10117)
2025-05-07 14:18:01,464 - __main__ - INFO - cube_structure_item: CUBE_STRUCTURE_ITEM object (10127)
2025-05-07 14:18:01,464 - __main__ - INFO - cube_structure_item: CUBE_STRUCTURE_ITEM object (10128)
2025-05-07 14:18:01,465 - __main__ - INFO - cube_structure_item: CUBE_STRUCTURE_ITEM object (10137)
2025-05-07 14:18:37,398 - __main__ - INFO - Django configured successfully with settings module: birds_nest.settings
2025-05-07 14:18:42,635 - __main__ - INFO - rolc_id: ANCRDT_INSTRMNT_C_1
2025-05-07 14:18:42,635 - __main__ - INFO - cube_structure_item: CUBE_STRUCTURE_ITEM object (9965)
2025-05-07 14:18:42,639 - __main__ - INFO - cube_structure_item: CUBE_STRUCTURE_ITEM object (9967)
2025-05-07 14:18:42,643 - __main__ - INFO - cube_structure_item: CUBE_STRUCTURE_ITEM object (9977)
2025-05-07 14:18:42,647 - __main__ - INFO - cube_structure_item: CUBE_STRUCTURE_ITEM object (9978)
2025-05-07 14:18:42,652 - __main__ - INFO - cube_structure_item: CUBE_STRUCTURE_ITEM object (9979)
2025-05-07 14:18:42,656 - __main__ - INFO - cube_structure_item: CUBE_STRUCTURE_ITEM object (9981)
2025-05-07 14:18:42,659 - __main__ - INFO - cube_structure_item: CUBE_STRUCTURE_ITEM object (9984)
2025-05-07 14:18:42,662 - __main__ - INFO - cube_structure_item: CUBE_STRUCTURE_ITEM object (9985)
2025-05-07 14:18:42,666 - __main__ - INFO - cube_structure_item: CUBE_STRUCTURE_ITEM object (9990)
2025-05-07 14:18:42,670 - __main__ - INFO - cube_structure_item: CUBE_STRUCTURE_ITEM object (9993)
2025-05-07 14:18:42,673 - __main__ - INFO - cube_structure_item: CUBE_STRUCTURE_ITEM object (9999)
2025-05-07 14:18:42,675 - __main__ - INFO - cube_structure_item: CUBE_STRUCTURE_ITEM object (10000)
2025-05-07 14:18:42,677 - __main__ - INFO - cube_structure_item: CUBE_STRUCTURE_ITEM object (10005)
2025-05-07 14:18:42,680 - __main__ - INFO - cube_structure_item: CUBE_STRUCTURE_ITEM object (10009)
2025-05-07 14:18:42,684 - __main__ - INFO - cube_structure_item: CUBE_STRUCTURE_ITEM object (10011)
2025-05-07 14:18:42,688 - __main__ - INFO - cube_structure_item: CUBE_STRUCTURE_ITEM object (10012)
2025-05-07 14:18:42,691 - __main__ - INFO - cube_structure_item: CUBE_STRUCTURE_ITEM object (10013)
2025-05-07 14:18:42,694 - __main__ - INFO - cube_structure_item: CUBE_STRUCTURE_ITEM object (10020)
2025-05-07 14:18:42,698 - __main__ - INFO - cube_structure_item: CUBE_STRUCTURE_ITEM object (10021)
2025-05-07 14:18:42,702 - __main__ - INFO - cube_structure_item: CUBE_STRUCTURE_ITEM object (10024)
2025-05-07 14:18:42,706 - __main__ - INFO - cube_structure_item: CUBE_STRUCTURE_ITEM object (10025)
2025-05-07 14:18:42,710 - __main__ - INFO - cube_structure_item: CUBE_STRUCTURE_ITEM object (10026)
2025-05-07 14:18:42,714 - __main__ - INFO - cube_structure_item: CUBE_STRUCTURE_ITEM object (10029)
2025-05-07 14:18:42,718 - __main__ - INFO - cube_structure_item: CUBE_STRUCTURE_ITEM object (10030)
2025-05-07 14:18:42,721 - __main__ - INFO - cube_structure_item: CUBE_STRUCTURE_ITEM object (10032)
2025-05-07 14:18:42,723 - __main__ - INFO - cube_structure_item: CUBE_STRUCTURE_ITEM object (10033)
2025-05-07 14:18:42,727 - __main__ - INFO - cube_structure_item: CUBE_STRUCTURE_ITEM object (10053)
2025-05-07 14:18:42,731 - __main__ - INFO - cube_structure_item: CUBE_STRUCTURE_ITEM object (10056)
2025-05-07 14:18:42,736 - __main__ - INFO - cube_structure_item: CUBE_STRUCTURE_ITEM object (10057)
2025-05-07 14:18:42,740 - __main__ - INFO - cube_structure_item: CUBE_STRUCTURE_ITEM object (10062)
2025-05-07 14:18:42,744 - __main__ - INFO - cube_structure_item: CUBE_STRUCTURE_ITEM object (10066)
2025-05-07 14:18:42,747 - __main__ - INFO - cube_structure_item: CUBE_STRUCTURE_ITEM object (10069)
2025-05-07 14:18:42,751 - __main__ - INFO - cube_structure_item: CUBE_STRUCTURE_ITEM object (10070)
2025-05-07 14:18:42,754 - __main__ - INFO - cube_structure_item: CUBE_STRUCTURE_ITEM object (10071)
2025-05-07 14:18:42,759 - __main__ - INFO - cube_structure_item: CUBE_STRUCTURE_ITEM object (10073)
2025-05-07 14:18:42,763 - __main__ - INFO - cube_structure_item: CUBE_STRUCTURE_ITEM object (10075)
2025-05-07 14:18:42,767 - __main__ - INFO - cube_structure_item: CUBE_STRUCTURE_ITEM object (10081)
2025-05-07 14:18:42,771 - __main__ - INFO - cube_structure_item: CUBE_STRUCTURE_ITEM object (10082)
2025-05-07 14:18:42,774 - __main__ - INFO - cube_structure_item: CUBE_STRUCTURE_ITEM object (10084)
2025-05-07 14:18:42,779 - __main__ - INFO - cube_structure_item: CUBE_STRUCTURE_ITEM object (10085)
2025-05-07 14:18:42,793 - __main__ - INFO - cube_structure_item: CUBE_STRUCTURE_ITEM object (10092)
2025-05-07 14:18:42,806 - __main__ - INFO - cube_structure_item: CUBE_STRUCTURE_ITEM object (10094)
2025-05-07 14:18:42,811 - __main__ - INFO - cube_structure_item: CUBE_STRUCTURE_ITEM object (10105)
2025-05-07 14:18:42,816 - __main__ - INFO - cube_structure_item: CUBE_STRUCTURE_ITEM object (10107)
2025-05-07 14:18:42,820 - __main__ - INFO - cube_structure_item: CUBE_STRUCTURE_ITEM object (10108)
2025-05-07 14:18:42,825 - __main__ - INFO - cube_structure_item: CUBE_STRUCTURE_ITEM object (10115)
2025-05-07 14:18:42,830 - __main__ - INFO - cube_structure_item: CUBE_STRUCTURE_ITEM object (10117)
2025-05-07 14:18:42,834 - __main__ - INFO - cube_structure_item: CUBE_STRUCTURE_ITEM object (10127)
2025-05-07 14:18:42,839 - __main__ - INFO - cube_structure_item: CUBE_STRUCTURE_ITEM object (10128)
2025-05-07 14:18:42,843 - __main__ - INFO - cube_structure_item: CUBE_STRUCTURE_ITEM object (10137)
2025-05-07 14:18:42,850 - __main__ - INFO - cube_structure_item: CUBE_STRUCTURE_ITEM object (9965)
2025-05-07 14:18:42,850 - __main__ - INFO - cube_structure_item: CUBE_STRUCTURE_ITEM object (9967)
2025-05-07 14:18:42,851 - __main__ - INFO - cube_structure_item: CUBE_STRUCTURE_ITEM object (9977)
2025-05-07 14:18:42,852 - __main__ - INFO - cube_structure_item: CUBE_STRUCTURE_ITEM object (9978)
2025-05-07 14:18:42,852 - __main__ - INFO - cube_structure_item: CUBE_STRUCTURE_ITEM object (9979)
2025-05-07 14:18:42,853 - __main__ - INFO - cube_structure_item: CUBE_STRUCTURE_ITEM object (9981)
2025-05-07 14:18:42,854 - __main__ - INFO - cube_structure_item: CUBE_STRUCTURE_ITEM object (9984)
2025-05-07 14:18:42,854 - __main__ - INFO - cube_structure_item: CUBE_STRUCTURE_ITEM object (9985)
2025-05-07 14:18:42,855 - __main__ - INFO - cube_structure_item: CUBE_STRUCTURE_ITEM object (9990)
2025-05-07 14:18:42,856 - __main__ - INFO - cube_structure_item: CUBE_STRUCTURE_ITEM object (9993)
2025-05-07 14:18:42,856 - __main__ - INFO - cube_structure_item: CUBE_STRUCTURE_ITEM object (9999)
2025-05-07 14:18:42,857 - __main__ - INFO - cube_structure_item: CUBE_STRUCTURE_ITEM object (10000)
2025-05-07 14:18:42,858 - __main__ - INFO - cube_structure_item: CUBE_STRUCTURE_ITEM object (10005)
2025-05-07 14:18:42,858 - __main__ - INFO - cube_structure_item: CUBE_STRUCTURE_ITEM object (10009)
2025-05-07 14:18:42,859 - __main__ - INFO - cube_structure_item: CUBE_STRUCTURE_ITEM object (10011)
2025-05-07 14:18:42,859 - __main__ - INFO - cube_structure_item: CUBE_STRUCTURE_ITEM object (10012)
2025-05-07 14:18:42,859 - __main__ - INFO - cube_structure_item: CUBE_STRUCTURE_ITEM object (10013)
2025-05-07 14:18:42,859 - __main__ - INFO - cube_structure_item: CUBE_STRUCTURE_ITEM object (10020)
2025-05-07 14:18:42,859 - __main__ - INFO - cube_structure_item: CUBE_STRUCTURE_ITEM object (10021)
2025-05-07 14:18:42,860 - __main__ - INFO - cube_structure_item: CUBE_STRUCTURE_ITEM object (10024)
2025-05-07 14:18:42,860 - __main__ - INFO - cube_structure_item: CUBE_STRUCTURE_ITEM object (10025)
2025-05-07 14:18:42,860 - __main__ - INFO - cube_structure_item: CUBE_STRUCTURE_ITEM object (10026)
2025-05-07 14:18:42,860 - __main__ - INFO - cube_structure_item: CUBE_STRUCTURE_ITEM object (10029)
2025-05-07 14:18:42,860 - __main__ - INFO - cube_structure_item: CUBE_STRUCTURE_ITEM object (10030)
2025-05-07 14:18:42,861 - __main__ - INFO - cube_structure_item: CUBE_STRUCTURE_ITEM object (10032)
2025-05-07 14:18:42,862 - __main__ - INFO - cube_structure_item: CUBE_STRUCTURE_ITEM object (10033)
2025-05-07 14:18:42,863 - __main__ - INFO - cube_structure_item: CUBE_STRUCTURE_ITEM object (10053)
2025-05-07 14:18:42,864 - __main__ - INFO - cube_structure_item: CUBE_STRUCTURE_ITEM object (10056)
2025-05-07 14:18:42,864 - __main__ - INFO - cube_structure_item: CUBE_STRUCTURE_ITEM object (10057)
2025-05-07 14:18:42,865 - __main__ - INFO - cube_structure_item: CUBE_STRUCTURE_ITEM object (10062)
2025-05-07 14:18:42,866 - __main__ - INFO - cube_structure_item: CUBE_STRUCTURE_ITEM object (10066)
2025-05-07 14:18:42,866 - __main__ - INFO - cube_structure_item: CUBE_STRUCTURE_ITEM object (10069)
2025-05-07 14:18:42,867 - __main__ - INFO - cube_structure_item: CUBE_STRUCTURE_ITEM object (10070)
2025-05-07 14:18:42,867 - __main__ - INFO - cube_structure_item: CUBE_STRUCTURE_ITEM object (10071)
2025-05-07 14:18:42,868 - __main__ - INFO - cube_structure_item: CUBE_STRUCTURE_ITEM object (10073)
2025-05-07 14:18:42,868 - __main__ - INFO - cube_structure_item: CUBE_STRUCTURE_ITEM object (10075)
2025-05-07 14:18:42,868 - __main__ - INFO - cube_structure_item: CUBE_STRUCTURE_ITEM object (10081)
2025-05-07 14:18:42,868 - __main__ - INFO - cube_structure_item: CUBE_STRUCTURE_ITEM object (10082)
2025-05-07 14:18:42,869 - __main__ - INFO - cube_structure_item: CUBE_STRUCTURE_ITEM object (10084)
2025-05-07 14:18:42,869 - __main__ - INFO - cube_structure_item: CUBE_STRUCTURE_ITEM object (10085)
2025-05-07 14:18:42,869 - __main__ - INFO - cube_structure_item: CUBE_STRUCTURE_ITEM object (10092)
2025-05-07 14:18:42,870 - __main__ - INFO - cube_structure_item: CUBE_STRUCTURE_ITEM object (10094)
2025-05-07 14:18:42,871 - __main__ - INFO - cube_structure_item: CUBE_STRUCTURE_ITEM object (10105)
2025-05-07 14:18:42,871 - __main__ - INFO - cube_structure_item: CUBE_STRUCTURE_ITEM object (10107)
2025-05-07 14:18:42,872 - __main__ - INFO - cube_structure_item: CUBE_STRUCTURE_ITEM object (10108)
2025-05-07 14:18:42,872 - __main__ - INFO - cube_structure_item: CUBE_STRUCTURE_ITEM object (10115)
2025-05-07 14:18:42,872 - __main__ - INFO - cube_structure_item: CUBE_STRUCTURE_ITEM object (10117)
2025-05-07 14:18:42,873 - __main__ - INFO - cube_structure_item: CUBE_STRUCTURE_ITEM object (10127)
2025-05-07 14:18:42,873 - __main__ - INFO - cube_structure_item: CUBE_STRUCTURE_ITEM object (10128)
2025-05-07 14:18:42,873 - __main__ - INFO - cube_structure_item: CUBE_STRUCTURE_ITEM object (10137)
2025-05-07 14:18:42,873 - __main__ - INFO - cube_structure_item: CUBE_STRUCTURE_ITEM object (9965)
2025-05-07 14:18:42,874 - __main__ - INFO - cube_structure_item: CUBE_STRUCTURE_ITEM object (9967)
2025-05-07 14:18:42,874 - __main__ - INFO - cube_structure_item: CUBE_STRUCTURE_ITEM object (9977)
2025-05-07 14:18:42,874 - __main__ - INFO - cube_structure_item: CUBE_STRUCTURE_ITEM object (9978)
2025-05-07 14:18:42,874 - __main__ - INFO - cube_structure_item: CUBE_STRUCTURE_ITEM object (9979)
2025-05-07 14:18:42,875 - __main__ - INFO - cube_structure_item: CUBE_STRUCTURE_ITEM object (9981)
2025-05-07 14:18:42,875 - __main__ - INFO - cube_structure_item: CUBE_STRUCTURE_ITEM object (9984)
2025-05-07 14:18:42,875 - __main__ - INFO - cube_structure_item: CUBE_STRUCTURE_ITEM object (9985)
2025-05-07 14:18:42,875 - __main__ - INFO - cube_structure_item: CUBE_STRUCTURE_ITEM object (9990)
2025-05-07 14:18:42,875 - __main__ - INFO - cube_structure_item: CUBE_STRUCTURE_ITEM object (9993)
2025-05-07 14:18:42,876 - __main__ - INFO - cube_structure_item: CUBE_STRUCTURE_ITEM object (9999)
2025-05-07 14:18:42,876 - __main__ - INFO - cube_structure_item: CUBE_STRUCTURE_ITEM object (10000)
2025-05-07 14:18:42,876 - __main__ - INFO - cube_structure_item: CUBE_STRUCTURE_ITEM object (10005)
2025-05-07 14:18:42,876 - __main__ - INFO - cube_structure_item: CUBE_STRUCTURE_ITEM object (10009)
2025-05-07 14:18:42,876 - __main__ - INFO - cube_structure_item: CUBE_STRUCTURE_ITEM object (10011)
2025-05-07 14:18:42,877 - __main__ - INFO - cube_structure_item: CUBE_STRUCTURE_ITEM object (10012)
2025-05-07 14:18:42,877 - __main__ - INFO - cube_structure_item: CUBE_STRUCTURE_ITEM object (10013)
2025-05-07 14:18:42,877 - __main__ - INFO - cube_structure_item: CUBE_STRUCTURE_ITEM object (10020)
2025-05-07 14:18:42,877 - __main__ - INFO - cube_structure_item: CUBE_STRUCTURE_ITEM object (10021)
2025-05-07 14:18:42,878 - __main__ - INFO - cube_structure_item: CUBE_STRUCTURE_ITEM object (10024)
2025-05-07 14:18:42,878 - __main__ - INFO - cube_structure_item: CUBE_STRUCTURE_ITEM object (10025)
2025-05-07 14:18:42,878 - __main__ - INFO - cube_structure_item: CUBE_STRUCTURE_ITEM object (10026)
2025-05-07 14:18:42,878 - __main__ - INFO - cube_structure_item: CUBE_STRUCTURE_ITEM object (10029)
2025-05-07 14:18:42,879 - __main__ - INFO - cube_structure_item: CUBE_STRUCTURE_ITEM object (10030)
2025-05-07 14:18:42,879 - __main__ - INFO - cube_structure_item: CUBE_STRUCTURE_ITEM object (10032)
2025-05-07 14:18:42,879 - __main__ - INFO - cube_structure_item: CUBE_STRUCTURE_ITEM object (10033)
2025-05-07 14:18:42,879 - __main__ - INFO - cube_structure_item: CUBE_STRUCTURE_ITEM object (10053)
2025-05-07 14:18:42,879 - __main__ - INFO - cube_structure_item: CUBE_STRUCTURE_ITEM object (10056)
2025-05-07 14:18:42,880 - __main__ - INFO - cube_structure_item: CUBE_STRUCTURE_ITEM object (10057)
2025-05-07 14:18:42,880 - __main__ - INFO - cube_structure_item: CUBE_STRUCTURE_ITEM object (10062)
2025-05-07 14:18:42,880 - __main__ - INFO - cube_structure_item: CUBE_STRUCTURE_ITEM object (10066)
2025-05-07 14:18:42,880 - __main__ - INFO - cube_structure_item: CUBE_STRUCTURE_ITEM object (10069)
2025-05-07 14:18:42,880 - __main__ - INFO - cube_structure_item: CUBE_STRUCTURE_ITEM object (10070)
2025-05-07 14:18:42,881 - __main__ - INFO - cube_structure_item: CUBE_STRUCTURE_ITEM object (10071)
2025-05-07 14:18:42,881 - __main__ - INFO - cube_structure_item: CUBE_STRUCTURE_ITEM object (10073)
2025-05-07 14:18:42,881 - __main__ - INFO - cube_structure_item: CUBE_STRUCTURE_ITEM object (10075)
2025-05-07 14:18:42,881 - __main__ - INFO - cube_structure_item: CUBE_STRUCTURE_ITEM object (10081)
2025-05-07 14:18:42,882 - __main__ - INFO - cube_structure_item: CUBE_STRUCTURE_ITEM object (10082)
2025-05-07 14:18:42,882 - __main__ - INFO - cube_structure_item: CUBE_STRUCTURE_ITEM object (10084)
2025-05-07 14:18:42,882 - __main__ - INFO - cube_structure_item: CUBE_STRUCTURE_ITEM object (10085)
2025-05-07 14:18:42,882 - __main__ - INFO - cube_structure_item: CUBE_STRUCTURE_ITEM object (10092)
2025-05-07 14:18:42,882 - __main__ - INFO - cube_structure_item: CUBE_STRUCTURE_ITEM object (10094)
2025-05-07 14:18:42,883 - __main__ - INFO - cube_structure_item: CUBE_STRUCTURE_ITEM object (10105)
2025-05-07 14:18:42,883 - __main__ - INFO - cube_structure_item: CUBE_STRUCTURE_ITEM object (10107)
2025-05-07 14:18:42,883 - __main__ - INFO - cube_structure_item: CUBE_STRUCTURE_ITEM object (10108)
2025-05-07 14:18:42,883 - __main__ - INFO - cube_structure_item: CUBE_STRUCTURE_ITEM object (10115)
2025-05-07 14:18:42,883 - __main__ - INFO - cube_structure_item: CUBE_STRUCTURE_ITEM object (10117)
2025-05-07 14:18:42,884 - __main__ - INFO - cube_structure_item: CUBE_STRUCTURE_ITEM object (10127)
2025-05-07 14:18:42,884 - __main__ - INFO - cube_structure_item: CUBE_STRUCTURE_ITEM object (10128)
2025-05-07 14:18:42,884 - __main__ - INFO - cube_structure_item: CUBE_STRUCTURE_ITEM object (10137)
2025-05-07 14:18:42,884 - __main__ - INFO - {'ANCRDT_INSTRMNT_C_1:Loans and advances': [<CUBE_LINK: CUBE_LINK object (INSTRMNT:Loans and advances:ANCRDT_INSTRMNT_C_1)>, <CUBE_LINK: CUBE_LINK object (INSTRMNT_RL:Loans and advances:ANCRDT_INSTRMNT_C_1)>, <CUBE_LINK: CUBE_LINK object (CLLTRL:Loans and advances:ANCRDT_INSTRMNT_C_1)>]}
2025-05-07 14:18:42,985 - __main__ - INFO - cube_structure_item: CUBE_STRUCTURE_ITEM object (9965)
2025-05-07 14:18:42,986 - __main__ - INFO - cube_structure_item: CUBE_STRUCTURE_ITEM object (9967)
2025-05-07 14:18:42,986 - __main__ - INFO - cube_structure_item: CUBE_STRUCTURE_ITEM object (9977)
2025-05-07 14:18:42,987 - __main__ - INFO - cube_structure_item: CUBE_STRUCTURE_ITEM object (9978)
2025-05-07 14:18:42,987 - __main__ - INFO - cube_structure_item: CUBE_STRUCTURE_ITEM object (9979)
2025-05-07 14:18:42,987 - __main__ - INFO - cube_structure_item: CUBE_STRUCTURE_ITEM object (9981)
2025-05-07 14:18:42,988 - __main__ - INFO - cube_structure_item: CUBE_STRUCTURE_ITEM object (9984)
2025-05-07 14:18:42,988 - __main__ - INFO - cube_structure_item: CUBE_STRUCTURE_ITEM object (9985)
2025-05-07 14:18:42,988 - __main__ - INFO - cube_structure_item: CUBE_STRUCTURE_ITEM object (9990)
2025-05-07 14:18:42,988 - __main__ - INFO - cube_structure_item: CUBE_STRUCTURE_ITEM object (9993)
2025-05-07 14:18:42,989 - __main__ - INFO - cube_structure_item: CUBE_STRUCTURE_ITEM object (9999)
2025-05-07 14:18:42,989 - __main__ - INFO - cube_structure_item: CUBE_STRUCTURE_ITEM object (10000)
2025-05-07 14:18:42,989 - __main__ - INFO - cube_structure_item: CUBE_STRUCTURE_ITEM object (10005)
2025-05-07 14:18:42,989 - __main__ - INFO - cube_structure_item: CUBE_STRUCTURE_ITEM object (10009)
2025-05-07 14:18:42,989 - __main__ - INFO - cube_structure_item: CUBE_STRUCTURE_ITEM object (10011)
2025-05-07 14:18:42,990 - __main__ - INFO - cube_structure_item: CUBE_STRUCTURE_ITEM object (10012)
2025-05-07 14:18:42,990 - __main__ - INFO - cube_structure_item: CUBE_STRUCTURE_ITEM object (10013)
2025-05-07 14:18:42,990 - __main__ - INFO - cube_structure_item: CUBE_STRUCTURE_ITEM object (10020)
2025-05-07 14:18:42,990 - __main__ - INFO - cube_structure_item: CUBE_STRUCTURE_ITEM object (10021)
2025-05-07 14:18:42,990 - __main__ - INFO - cube_structure_item: CUBE_STRUCTURE_ITEM object (10024)
2025-05-07 14:18:42,991 - __main__ - INFO - cube_structure_item: CUBE_STRUCTURE_ITEM object (10025)
2025-05-07 14:18:42,991 - __main__ - INFO - cube_structure_item: CUBE_STRUCTURE_ITEM object (10026)
2025-05-07 14:18:42,991 - __main__ - INFO - cube_structure_item: CUBE_STRUCTURE_ITEM object (10029)
2025-05-07 14:18:42,991 - __main__ - INFO - cube_structure_item: CUBE_STRUCTURE_ITEM object (10030)
2025-05-07 14:18:42,992 - __main__ - INFO - cube_structure_item: CUBE_STRUCTURE_ITEM object (10032)
2025-05-07 14:18:42,992 - __main__ - INFO - cube_structure_item: CUBE_STRUCTURE_ITEM object (10033)
2025-05-07 14:18:42,992 - __main__ - INFO - cube_structure_item: CUBE_STRUCTURE_ITEM object (10053)
2025-05-07 14:18:42,992 - __main__ - INFO - cube_structure_item: CUBE_STRUCTURE_ITEM object (10056)
2025-05-07 14:18:42,992 - __main__ - INFO - cube_structure_item: CUBE_STRUCTURE_ITEM object (10057)
2025-05-07 14:18:42,993 - __main__ - INFO - cube_structure_item: CUBE_STRUCTURE_ITEM object (10062)
2025-05-07 14:18:42,993 - __main__ - INFO - cube_structure_item: CUBE_STRUCTURE_ITEM object (10066)
2025-05-07 14:18:42,993 - __main__ - INFO - cube_structure_item: CUBE_STRUCTURE_ITEM object (10069)
2025-05-07 14:18:42,993 - __main__ - INFO - cube_structure_item: CUBE_STRUCTURE_ITEM object (10070)
2025-05-07 14:18:42,993 - __main__ - INFO - cube_structure_item: CUBE_STRUCTURE_ITEM object (10071)
2025-05-07 14:18:42,994 - __main__ - INFO - cube_structure_item: CUBE_STRUCTURE_ITEM object (10073)
2025-05-07 14:18:42,994 - __main__ - INFO - cube_structure_item: CUBE_STRUCTURE_ITEM object (10075)
2025-05-07 14:18:42,994 - __main__ - INFO - cube_structure_item: CUBE_STRUCTURE_ITEM object (10081)
2025-05-07 14:18:42,994 - __main__ - INFO - cube_structure_item: CUBE_STRUCTURE_ITEM object (10082)
2025-05-07 14:18:42,994 - __main__ - INFO - cube_structure_item: CUBE_STRUCTURE_ITEM object (10084)
2025-05-07 14:18:42,995 - __main__ - INFO - cube_structure_item: CUBE_STRUCTURE_ITEM object (10085)
2025-05-07 14:18:42,995 - __main__ - INFO - cube_structure_item: CUBE_STRUCTURE_ITEM object (10092)
2025-05-07 14:18:42,995 - __main__ - INFO - cube_structure_item: CUBE_STRUCTURE_ITEM object (10094)
2025-05-07 14:18:42,995 - __main__ - INFO - cube_structure_item: CUBE_STRUCTURE_ITEM object (10105)
2025-05-07 14:18:42,995 - __main__ - INFO - cube_structure_item: CUBE_STRUCTURE_ITEM object (10107)
2025-05-07 14:18:42,996 - __main__ - INFO - cube_structure_item: CUBE_STRUCTURE_ITEM object (10108)
2025-05-07 14:18:42,996 - __main__ - INFO - cube_structure_item: CUBE_STRUCTURE_ITEM object (10115)
2025-05-07 14:18:42,996 - __main__ - INFO - cube_structure_item: CUBE_STRUCTURE_ITEM object (10117)
2025-05-07 14:18:42,996 - __main__ - INFO - cube_structure_item: CUBE_STRUCTURE_ITEM object (10127)
2025-05-07 14:18:42,996 - __main__ - INFO - cube_structure_item: CUBE_STRUCTURE_ITEM object (10128)
2025-05-07 14:18:42,997 - __main__ - INFO - cube_structure_item: CUBE_STRUCTURE_ITEM object (10137)
2025-05-07 14:18:44,817 - __main__ - INFO - cube_structure_item: CUBE_STRUCTURE_ITEM object (9965)
2025-05-07 14:18:44,818 - __main__ - INFO - cube_structure_item: CUBE_STRUCTURE_ITEM object (9967)
2025-05-07 14:18:44,818 - __main__ - INFO - cube_structure_item: CUBE_STRUCTURE_ITEM object (9977)
2025-05-07 14:18:44,819 - __main__ - INFO - cube_structure_item: CUBE_STRUCTURE_ITEM object (9978)
2025-05-07 14:18:44,819 - __main__ - INFO - cube_structure_item: CUBE_STRUCTURE_ITEM object (9979)
2025-05-07 14:18:44,819 - __main__ - INFO - cube_structure_item: CUBE_STRUCTURE_ITEM object (9981)
2025-05-07 14:18:44,819 - __main__ - INFO - cube_structure_item: CUBE_STRUCTURE_ITEM object (9984)
2025-05-07 14:18:44,820 - __main__ - INFO - cube_structure_item: CUBE_STRUCTURE_ITEM object (9985)
2025-05-07 14:18:44,820 - __main__ - INFO - cube_structure_item: CUBE_STRUCTURE_ITEM object (9990)
2025-05-07 14:18:44,820 - __main__ - INFO - cube_structure_item: CUBE_STRUCTURE_ITEM object (9993)
2025-05-07 14:18:44,821 - __main__ - INFO - cube_structure_item: CUBE_STRUCTURE_ITEM object (9999)
2025-05-07 14:18:44,821 - __main__ - INFO - cube_structure_item: CUBE_STRUCTURE_ITEM object (10000)
2025-05-07 14:18:44,821 - __main__ - INFO - cube_structure_item: CUBE_STRUCTURE_ITEM object (10005)
2025-05-07 14:18:44,822 - __main__ - INFO - cube_structure_item: CUBE_STRUCTURE_ITEM object (10009)
2025-05-07 14:18:44,822 - __main__ - INFO - cube_structure_item: CUBE_STRUCTURE_ITEM object (10011)
2025-05-07 14:18:44,822 - __main__ - INFO - cube_structure_item: CUBE_STRUCTURE_ITEM object (10012)
2025-05-07 14:18:44,823 - __main__ - INFO - cube_structure_item: CUBE_STRUCTURE_ITEM object (10013)
2025-05-07 14:18:44,823 - __main__ - INFO - cube_structure_item: CUBE_STRUCTURE_ITEM object (10020)
2025-05-07 14:18:44,823 - __main__ - INFO - cube_structure_item: CUBE_STRUCTURE_ITEM object (10021)
2025-05-07 14:18:44,824 - __main__ - INFO - cube_structure_item: CUBE_STRUCTURE_ITEM object (10024)
2025-05-07 14:18:44,824 - __main__ - INFO - cube_structure_item: CUBE_STRUCTURE_ITEM object (10025)
2025-05-07 14:18:44,824 - __main__ - INFO - cube_structure_item: CUBE_STRUCTURE_ITEM object (10026)
2025-05-07 14:18:44,825 - __main__ - INFO - cube_structure_item: CUBE_STRUCTURE_ITEM object (10029)
2025-05-07 14:18:44,825 - __main__ - INFO - cube_structure_item: CUBE_STRUCTURE_ITEM object (10030)
2025-05-07 14:18:44,825 - __main__ - INFO - cube_structure_item: CUBE_STRUCTURE_ITEM object (10032)
2025-05-07 14:18:44,826 - __main__ - INFO - cube_structure_item: CUBE_STRUCTURE_ITEM object (10033)
2025-05-07 14:18:44,826 - __main__ - INFO - cube_structure_item: CUBE_STRUCTURE_ITEM object (10053)
2025-05-07 14:18:44,826 - __main__ - INFO - cube_structure_item: CUBE_STRUCTURE_ITEM object (10056)
2025-05-07 14:18:44,827 - __main__ - INFO - cube_structure_item: CUBE_STRUCTURE_ITEM object (10057)
2025-05-07 14:18:44,827 - __main__ - INFO - cube_structure_item: CUBE_STRUCTURE_ITEM object (10062)
2025-05-07 14:18:44,827 - __main__ - INFO - cube_structure_item: CUBE_STRUCTURE_ITEM object (10066)
2025-05-07 14:18:44,828 - __main__ - INFO - cube_structure_item: CUBE_STRUCTURE_ITEM object (10069)
2025-05-07 14:18:44,828 - __main__ - INFO - cube_structure_item: CUBE_STRUCTURE_ITEM object (10070)
2025-05-07 14:18:44,829 - __main__ - INFO - cube_structure_item: CUBE_STRUCTURE_ITEM object (10071)
2025-05-07 14:18:44,829 - __main__ - INFO - cube_structure_item: CUBE_STRUCTURE_ITEM object (10073)
2025-05-07 14:18:44,829 - __main__ - INFO - cube_structure_item: CUBE_STRUCTURE_ITEM object (10075)
2025-05-07 14:18:44,829 - __main__ - INFO - cube_structure_item: CUBE_STRUCTURE_ITEM object (10081)
2025-05-07 14:18:44,830 - __main__ - INFO - cube_structure_item: CUBE_STRUCTURE_ITEM object (10082)
2025-05-07 14:18:44,830 - __main__ - INFO - cube_structure_item: CUBE_STRUCTURE_ITEM object (10084)
2025-05-07 14:18:44,830 - __main__ - INFO - cube_structure_item: CUBE_STRUCTURE_ITEM object (10085)
2025-05-07 14:18:44,831 - __main__ - INFO - cube_structure_item: CUBE_STRUCTURE_ITEM object (10092)
2025-05-07 14:18:44,831 - __main__ - INFO - cube_structure_item: CUBE_STRUCTURE_ITEM object (10094)
2025-05-07 14:18:44,831 - __main__ - INFO - cube_structure_item: CUBE_STRUCTURE_ITEM object (10105)
2025-05-07 14:18:44,832 - __main__ - INFO - cube_structure_item: CUBE_STRUCTURE_ITEM object (10107)
2025-05-07 14:18:44,832 - __main__ - INFO - cube_structure_item: CUBE_STRUCTURE_ITEM object (10108)
2025-05-07 14:18:44,832 - __main__ - INFO - cube_structure_item: CUBE_STRUCTURE_ITEM object (10115)
2025-05-07 14:18:44,833 - __main__ - INFO - cube_structure_item: CUBE_STRUCTURE_ITEM object (10117)
2025-05-07 14:18:44,833 - __main__ - INFO - cube_structure_item: CUBE_STRUCTURE_ITEM object (10127)
2025-05-07 14:18:44,833 - __main__ - INFO - cube_structure_item: CUBE_STRUCTURE_ITEM object (10128)
2025-05-07 14:18:44,833 - __main__ - INFO - cube_structure_item: CUBE_STRUCTURE_ITEM object (10137)
2025-05-07 14:20:45,361 - __main__ - INFO - Django configured successfully with settings module: birds_nest.settings
2025-05-07 14:20:50,299 - __main__ - INFO - rolc_id: ANCRDT_INSTRMNT_C_1
2025-05-07 14:20:50,299 - __main__ - INFO - cube_structure_item: CUBE_STRUCTURE_ITEM object (9965)
2025-05-07 14:20:50,304 - __main__ - INFO - cube_structure_item: CUBE_STRUCTURE_ITEM object (9967)
2025-05-07 14:20:50,308 - __main__ - INFO - cube_structure_item: CUBE_STRUCTURE_ITEM object (9977)
2025-05-07 14:20:50,312 - __main__ - INFO - cube_structure_item: CUBE_STRUCTURE_ITEM object (9978)
2025-05-07 14:20:50,315 - __main__ - INFO - cube_structure_item: CUBE_STRUCTURE_ITEM object (9979)
2025-05-07 14:20:50,318 - __main__ - INFO - cube_structure_item: CUBE_STRUCTURE_ITEM object (9981)
2025-05-07 14:20:50,321 - __main__ - INFO - cube_structure_item: CUBE_STRUCTURE_ITEM object (9984)
2025-05-07 14:20:50,324 - __main__ - INFO - cube_structure_item: CUBE_STRUCTURE_ITEM object (9985)
2025-05-07 14:20:50,327 - __main__ - INFO - cube_structure_item: CUBE_STRUCTURE_ITEM object (9990)
2025-05-07 14:20:50,329 - __main__ - INFO - cube_structure_item: CUBE_STRUCTURE_ITEM object (9993)
2025-05-07 14:20:50,332 - __main__ - INFO - cube_structure_item: CUBE_STRUCTURE_ITEM object (9999)
2025-05-07 14:20:50,334 - __main__ - INFO - cube_structure_item: CUBE_STRUCTURE_ITEM object (10000)
2025-05-07 14:20:50,337 - __main__ - INFO - cube_structure_item: CUBE_STRUCTURE_ITEM object (10005)
2025-05-07 14:20:50,340 - __main__ - INFO - cube_structure_item: CUBE_STRUCTURE_ITEM object (10009)
2025-05-07 14:20:50,342 - __main__ - INFO - cube_structure_item: CUBE_STRUCTURE_ITEM object (10011)
2025-05-07 14:20:50,345 - __main__ - INFO - cube_structure_item: CUBE_STRUCTURE_ITEM object (10012)
2025-05-07 14:20:50,348 - __main__ - INFO - cube_structure_item: CUBE_STRUCTURE_ITEM object (10013)
2025-05-07 14:20:50,352 - __main__ - INFO - cube_structure_item: CUBE_STRUCTURE_ITEM object (10020)
2025-05-07 14:20:50,354 - __main__ - INFO - cube_structure_item: CUBE_STRUCTURE_ITEM object (10021)
2025-05-07 14:20:50,357 - __main__ - INFO - cube_structure_item: CUBE_STRUCTURE_ITEM object (10024)
2025-05-07 14:20:50,361 - __main__ - INFO - cube_structure_item: CUBE_STRUCTURE_ITEM object (10025)
2025-05-07 14:20:50,365 - __main__ - INFO - cube_structure_item: CUBE_STRUCTURE_ITEM object (10026)
2025-05-07 14:20:50,369 - __main__ - INFO - cube_structure_item: CUBE_STRUCTURE_ITEM object (10029)
2025-05-07 14:20:50,373 - __main__ - INFO - cube_structure_item: CUBE_STRUCTURE_ITEM object (10030)
2025-05-07 14:20:50,377 - __main__ - INFO - cube_structure_item: CUBE_STRUCTURE_ITEM object (10032)
2025-05-07 14:20:50,380 - __main__ - INFO - cube_structure_item: CUBE_STRUCTURE_ITEM object (10033)
2025-05-07 14:20:50,383 - __main__ - INFO - cube_structure_item: CUBE_STRUCTURE_ITEM object (10053)
2025-05-07 14:20:50,385 - __main__ - INFO - cube_structure_item: CUBE_STRUCTURE_ITEM object (10056)
2025-05-07 14:20:50,387 - __main__ - INFO - cube_structure_item: CUBE_STRUCTURE_ITEM object (10057)
2025-05-07 14:20:50,390 - __main__ - INFO - cube_structure_item: CUBE_STRUCTURE_ITEM object (10062)
2025-05-07 14:20:50,392 - __main__ - INFO - cube_structure_item: CUBE_STRUCTURE_ITEM object (10066)
2025-05-07 14:20:50,394 - __main__ - INFO - cube_structure_item: CUBE_STRUCTURE_ITEM object (10069)
2025-05-07 14:20:50,396 - __main__ - INFO - cube_structure_item: CUBE_STRUCTURE_ITEM object (10070)
2025-05-07 14:20:50,398 - __main__ - INFO - cube_structure_item: CUBE_STRUCTURE_ITEM object (10071)
2025-05-07 14:20:50,402 - __main__ - INFO - cube_structure_item: CUBE_STRUCTURE_ITEM object (10073)
2025-05-07 14:20:50,405 - __main__ - INFO - cube_structure_item: CUBE_STRUCTURE_ITEM object (10075)
2025-05-07 14:20:50,408 - __main__ - INFO - cube_structure_item: CUBE_STRUCTURE_ITEM object (10081)
2025-05-07 14:20:50,410 - __main__ - INFO - cube_structure_item: CUBE_STRUCTURE_ITEM object (10082)
2025-05-07 14:20:50,412 - __main__ - INFO - cube_structure_item: CUBE_STRUCTURE_ITEM object (10084)
2025-05-07 14:20:50,415 - __main__ - INFO - cube_structure_item: CUBE_STRUCTURE_ITEM object (10085)
2025-05-07 14:20:50,417 - __main__ - INFO - cube_structure_item: CUBE_STRUCTURE_ITEM object (10092)
2025-05-07 14:20:50,419 - __main__ - INFO - cube_structure_item: CUBE_STRUCTURE_ITEM object (10094)
2025-05-07 14:20:50,421 - __main__ - INFO - cube_structure_item: CUBE_STRUCTURE_ITEM object (10105)
2025-05-07 14:20:50,423 - __main__ - INFO - cube_structure_item: CUBE_STRUCTURE_ITEM object (10107)
2025-05-07 14:20:50,426 - __main__ - INFO - cube_structure_item: CUBE_STRUCTURE_ITEM object (10108)
2025-05-07 14:20:50,428 - __main__ - INFO - cube_structure_item: CUBE_STRUCTURE_ITEM object (10115)
2025-05-07 14:20:50,430 - __main__ - INFO - cube_structure_item: CUBE_STRUCTURE_ITEM object (10117)
2025-05-07 14:20:50,433 - __main__ - INFO - cube_structure_item: CUBE_STRUCTURE_ITEM object (10127)
2025-05-07 14:20:50,435 - __main__ - INFO - cube_structure_item: CUBE_STRUCTURE_ITEM object (10128)
2025-05-07 14:20:50,439 - __main__ - INFO - cube_structure_item: CUBE_STRUCTURE_ITEM object (10137)
2025-05-07 14:20:50,442 - __main__ - INFO - cube_structure_item: CUBE_STRUCTURE_ITEM object (9965)
2025-05-07 14:20:50,442 - __main__ - INFO - cube_structure_item: CUBE_STRUCTURE_ITEM object (9967)
2025-05-07 14:20:50,443 - __main__ - INFO - cube_structure_item: CUBE_STRUCTURE_ITEM object (9977)
2025-05-07 14:20:50,443 - __main__ - INFO - cube_structure_item: CUBE_STRUCTURE_ITEM object (9978)
2025-05-07 14:20:50,443 - __main__ - INFO - cube_structure_item: CUBE_STRUCTURE_ITEM object (9979)
2025-05-07 14:20:50,443 - __main__ - INFO - cube_structure_item: CUBE_STRUCTURE_ITEM object (9981)
2025-05-07 14:20:50,443 - __main__ - INFO - cube_structure_item: CUBE_STRUCTURE_ITEM object (9984)
2025-05-07 14:20:50,443 - __main__ - INFO - cube_structure_item: CUBE_STRUCTURE_ITEM object (9985)
2025-05-07 14:20:50,443 - __main__ - INFO - cube_structure_item: CUBE_STRUCTURE_ITEM object (9990)
2025-05-07 14:20:50,444 - __main__ - INFO - cube_structure_item: CUBE_STRUCTURE_ITEM object (9993)
2025-05-07 14:20:50,444 - __main__ - INFO - cube_structure_item: CUBE_STRUCTURE_ITEM object (9999)
2025-05-07 14:20:50,444 - __main__ - INFO - cube_structure_item: CUBE_STRUCTURE_ITEM object (10000)
2025-05-07 14:20:50,444 - __main__ - INFO - cube_structure_item: CUBE_STRUCTURE_ITEM object (10005)
2025-05-07 14:20:50,444 - __main__ - INFO - cube_structure_item: CUBE_STRUCTURE_ITEM object (10009)
2025-05-07 14:20:50,444 - __main__ - INFO - cube_structure_item: CUBE_STRUCTURE_ITEM object (10011)
2025-05-07 14:20:50,444 - __main__ - INFO - cube_structure_item: CUBE_STRUCTURE_ITEM object (10012)
2025-05-07 14:20:50,445 - __main__ - INFO - cube_structure_item: CUBE_STRUCTURE_ITEM object (10013)
2025-05-07 14:20:50,445 - __main__ - INFO - cube_structure_item: CUBE_STRUCTURE_ITEM object (10020)
2025-05-07 14:20:50,445 - __main__ - INFO - cube_structure_item: CUBE_STRUCTURE_ITEM object (10021)
2025-05-07 14:20:50,445 - __main__ - INFO - cube_structure_item: CUBE_STRUCTURE_ITEM object (10024)
2025-05-07 14:20:50,445 - __main__ - INFO - cube_structure_item: CUBE_STRUCTURE_ITEM object (10025)
2025-05-07 14:20:50,445 - __main__ - INFO - cube_structure_item: CUBE_STRUCTURE_ITEM object (10026)
2025-05-07 14:20:50,445 - __main__ - INFO - cube_structure_item: CUBE_STRUCTURE_ITEM object (10029)
2025-05-07 14:20:50,445 - __main__ - INFO - cube_structure_item: CUBE_STRUCTURE_ITEM object (10030)
2025-05-07 14:20:50,446 - __main__ - INFO - cube_structure_item: CUBE_STRUCTURE_ITEM object (10032)
2025-05-07 14:20:50,446 - __main__ - INFO - cube_structure_item: CUBE_STRUCTURE_ITEM object (10033)
2025-05-07 14:20:50,446 - __main__ - INFO - cube_structure_item: CUBE_STRUCTURE_ITEM object (10053)
2025-05-07 14:20:50,446 - __main__ - INFO - cube_structure_item: CUBE_STRUCTURE_ITEM object (10056)
2025-05-07 14:20:50,446 - __main__ - INFO - cube_structure_item: CUBE_STRUCTURE_ITEM object (10057)
2025-05-07 14:20:50,446 - __main__ - INFO - cube_structure_item: CUBE_STRUCTURE_ITEM object (10062)
2025-05-07 14:20:50,447 - __main__ - INFO - cube_structure_item: CUBE_STRUCTURE_ITEM object (10066)
2025-05-07 14:20:50,447 - __main__ - INFO - cube_structure_item: CUBE_STRUCTURE_ITEM object (10069)
2025-05-07 14:20:50,447 - __main__ - INFO - cube_structure_item: CUBE_STRUCTURE_ITEM object (10070)
2025-05-07 14:20:50,447 - __main__ - INFO - cube_structure_item: CUBE_STRUCTURE_ITEM object (10071)
2025-05-07 14:20:50,447 - __main__ - INFO - cube_structure_item: CUBE_STRUCTURE_ITEM object (10073)
2025-05-07 14:20:50,447 - __main__ - INFO - cube_structure_item: CUBE_STRUCTURE_ITEM object (10075)
2025-05-07 14:20:50,447 - __main__ - INFO - cube_structure_item: CUBE_STRUCTURE_ITEM object (10081)
2025-05-07 14:20:50,448 - __main__ - INFO - cube_structure_item: CUBE_STRUCTURE_ITEM object (10082)
2025-05-07 14:20:50,448 - __main__ - INFO - cube_structure_item: CUBE_STRUCTURE_ITEM object (10084)
2025-05-07 14:20:50,448 - __main__ - INFO - cube_structure_item: CUBE_STRUCTURE_ITEM object (10085)
2025-05-07 14:20:50,448 - __main__ - INFO - cube_structure_item: CUBE_STRUCTURE_ITEM object (10092)
2025-05-07 14:20:50,449 - __main__ - INFO - cube_structure_item: CUBE_STRUCTURE_ITEM object (10094)
2025-05-07 14:20:50,449 - __main__ - INFO - cube_structure_item: CUBE_STRUCTURE_ITEM object (10105)
2025-05-07 14:20:50,449 - __main__ - INFO - cube_structure_item: CUBE_STRUCTURE_ITEM object (10107)
2025-05-07 14:20:50,449 - __main__ - INFO - cube_structure_item: CUBE_STRUCTURE_ITEM object (10108)
2025-05-07 14:20:50,450 - __main__ - INFO - cube_structure_item: CUBE_STRUCTURE_ITEM object (10115)
2025-05-07 14:20:50,450 - __main__ - INFO - cube_structure_item: CUBE_STRUCTURE_ITEM object (10117)
2025-05-07 14:20:50,450 - __main__ - INFO - cube_structure_item: CUBE_STRUCTURE_ITEM object (10127)
2025-05-07 14:20:50,450 - __main__ - INFO - cube_structure_item: CUBE_STRUCTURE_ITEM object (10128)
2025-05-07 14:20:50,451 - __main__ - INFO - cube_structure_item: CUBE_STRUCTURE_ITEM object (10137)
2025-05-07 14:20:50,451 - __main__ - INFO - cube_structure_item: CUBE_STRUCTURE_ITEM object (9965)
2025-05-07 14:20:50,451 - __main__ - INFO - cube_structure_item: CUBE_STRUCTURE_ITEM object (9967)
2025-05-07 14:20:50,451 - __main__ - INFO - cube_structure_item: CUBE_STRUCTURE_ITEM object (9977)
2025-05-07 14:20:50,451 - __main__ - INFO - cube_structure_item: CUBE_STRUCTURE_ITEM object (9978)
2025-05-07 14:20:50,452 - __main__ - INFO - cube_structure_item: CUBE_STRUCTURE_ITEM object (9979)
2025-05-07 14:20:50,452 - __main__ - INFO - cube_structure_item: CUBE_STRUCTURE_ITEM object (9981)
2025-05-07 14:20:50,452 - __main__ - INFO - cube_structure_item: CUBE_STRUCTURE_ITEM object (9984)
2025-05-07 14:20:50,452 - __main__ - INFO - cube_structure_item: CUBE_STRUCTURE_ITEM object (9985)
2025-05-07 14:20:50,452 - __main__ - INFO - cube_structure_item: CUBE_STRUCTURE_ITEM object (9990)
2025-05-07 14:20:50,453 - __main__ - INFO - cube_structure_item: CUBE_STRUCTURE_ITEM object (9993)
2025-05-07 14:20:50,453 - __main__ - INFO - cube_structure_item: CUBE_STRUCTURE_ITEM object (9999)
2025-05-07 14:20:50,453 - __main__ - INFO - cube_structure_item: CUBE_STRUCTURE_ITEM object (10000)
2025-05-07 14:20:50,453 - __main__ - INFO - cube_structure_item: CUBE_STRUCTURE_ITEM object (10005)
2025-05-07 14:20:50,453 - __main__ - INFO - cube_structure_item: CUBE_STRUCTURE_ITEM object (10009)
2025-05-07 14:20:50,454 - __main__ - INFO - cube_structure_item: CUBE_STRUCTURE_ITEM object (10011)
2025-05-07 14:20:50,454 - __main__ - INFO - cube_structure_item: CUBE_STRUCTURE_ITEM object (10012)
2025-05-07 14:20:50,454 - __main__ - INFO - cube_structure_item: CUBE_STRUCTURE_ITEM object (10013)
2025-05-07 14:20:50,454 - __main__ - INFO - cube_structure_item: CUBE_STRUCTURE_ITEM object (10020)
2025-05-07 14:20:50,454 - __main__ - INFO - cube_structure_item: CUBE_STRUCTURE_ITEM object (10021)
2025-05-07 14:20:50,455 - __main__ - INFO - cube_structure_item: CUBE_STRUCTURE_ITEM object (10024)
2025-05-07 14:20:50,455 - __main__ - INFO - cube_structure_item: CUBE_STRUCTURE_ITEM object (10025)
2025-05-07 14:20:50,455 - __main__ - INFO - cube_structure_item: CUBE_STRUCTURE_ITEM object (10026)
2025-05-07 14:20:50,455 - __main__ - INFO - cube_structure_item: CUBE_STRUCTURE_ITEM object (10029)
2025-05-07 14:20:50,455 - __main__ - INFO - cube_structure_item: CUBE_STRUCTURE_ITEM object (10030)
2025-05-07 14:20:50,456 - __main__ - INFO - cube_structure_item: CUBE_STRUCTURE_ITEM object (10032)
2025-05-07 14:20:50,456 - __main__ - INFO - cube_structure_item: CUBE_STRUCTURE_ITEM object (10033)
2025-05-07 14:20:50,456 - __main__ - INFO - cube_structure_item: CUBE_STRUCTURE_ITEM object (10053)
2025-05-07 14:20:50,456 - __main__ - INFO - cube_structure_item: CUBE_STRUCTURE_ITEM object (10056)
2025-05-07 14:20:50,456 - __main__ - INFO - cube_structure_item: CUBE_STRUCTURE_ITEM object (10057)
2025-05-07 14:20:50,457 - __main__ - INFO - cube_structure_item: CUBE_STRUCTURE_ITEM object (10062)
2025-05-07 14:20:50,457 - __main__ - INFO - cube_structure_item: CUBE_STRUCTURE_ITEM object (10066)
2025-05-07 14:20:50,457 - __main__ - INFO - cube_structure_item: CUBE_STRUCTURE_ITEM object (10069)
2025-05-07 14:20:50,457 - __main__ - INFO - cube_structure_item: CUBE_STRUCTURE_ITEM object (10070)
2025-05-07 14:20:50,457 - __main__ - INFO - cube_structure_item: CUBE_STRUCTURE_ITEM object (10071)
2025-05-07 14:20:50,458 - __main__ - INFO - cube_structure_item: CUBE_STRUCTURE_ITEM object (10073)
2025-05-07 14:20:50,458 - __main__ - INFO - cube_structure_item: CUBE_STRUCTURE_ITEM object (10075)
2025-05-07 14:20:50,458 - __main__ - INFO - cube_structure_item: CUBE_STRUCTURE_ITEM object (10081)
2025-05-07 14:20:50,458 - __main__ - INFO - cube_structure_item: CUBE_STRUCTURE_ITEM object (10082)
2025-05-07 14:20:50,458 - __main__ - INFO - cube_structure_item: CUBE_STRUCTURE_ITEM object (10084)
2025-05-07 14:20:50,458 - __main__ - INFO - cube_structure_item: CUBE_STRUCTURE_ITEM object (10085)
2025-05-07 14:20:50,459 - __main__ - INFO - cube_structure_item: CUBE_STRUCTURE_ITEM object (10092)
2025-05-07 14:20:50,459 - __main__ - INFO - cube_structure_item: CUBE_STRUCTURE_ITEM object (10094)
2025-05-07 14:20:50,459 - __main__ - INFO - cube_structure_item: CUBE_STRUCTURE_ITEM object (10105)
2025-05-07 14:20:50,459 - __main__ - INFO - cube_structure_item: CUBE_STRUCTURE_ITEM object (10107)
2025-05-07 14:20:50,459 - __main__ - INFO - cube_structure_item: CUBE_STRUCTURE_ITEM object (10108)
2025-05-07 14:20:50,460 - __main__ - INFO - cube_structure_item: CUBE_STRUCTURE_ITEM object (10115)
2025-05-07 14:20:50,460 - __main__ - INFO - cube_structure_item: CUBE_STRUCTURE_ITEM object (10117)
2025-05-07 14:20:50,460 - __main__ - INFO - cube_structure_item: CUBE_STRUCTURE_ITEM object (10127)
2025-05-07 14:20:50,460 - __main__ - INFO - cube_structure_item: CUBE_STRUCTURE_ITEM object (10128)
2025-05-07 14:20:50,460 - __main__ - INFO - cube_structure_item: CUBE_STRUCTURE_ITEM object (10137)
2025-05-07 14:20:50,461 - __main__ - INFO - {'ANCRDT_INSTRMNT_C_1:Loans and advances': [<CUBE_LINK: CUBE_LINK object (INSTRMNT:Loans and advances:ANCRDT_INSTRMNT_C_1)>, <CUBE_LINK: CUBE_LINK object (INSTRMNT_RL:Loans and advances:ANCRDT_INSTRMNT_C_1)>, <CUBE_LINK: CUBE_LINK object (CLLTRL:Loans and advances:ANCRDT_INSTRMNT_C_1)>]}
2025-05-07 14:20:50,558 - __main__ - INFO - cube_structure_item: CUBE_STRUCTURE_ITEM object (9965)
2025-05-07 14:20:50,558 - __main__ - INFO - cube_structure_item: CUBE_STRUCTURE_ITEM object (9967)
2025-05-07 14:20:50,558 - __main__ - INFO - cube_structure_item: CUBE_STRUCTURE_ITEM object (9977)
2025-05-07 14:20:50,558 - __main__ - INFO - cube_structure_item: CUBE_STRUCTURE_ITEM object (9978)
2025-05-07 14:20:50,559 - __main__ - INFO - cube_structure_item: CUBE_STRUCTURE_ITEM object (9979)
2025-05-07 14:20:50,559 - __main__ - INFO - cube_structure_item: CUBE_STRUCTURE_ITEM object (9981)
2025-05-07 14:20:50,559 - __main__ - INFO - cube_structure_item: CUBE_STRUCTURE_ITEM object (9984)
2025-05-07 14:20:50,559 - __main__ - INFO - cube_structure_item: CUBE_STRUCTURE_ITEM object (9985)
2025-05-07 14:20:50,559 - __main__ - INFO - cube_structure_item: CUBE_STRUCTURE_ITEM object (9990)
2025-05-07 14:20:50,560 - __main__ - INFO - cube_structure_item: CUBE_STRUCTURE_ITEM object (9993)
2025-05-07 14:20:50,560 - __main__ - INFO - cube_structure_item: CUBE_STRUCTURE_ITEM object (9999)
2025-05-07 14:20:50,560 - __main__ - INFO - cube_structure_item: CUBE_STRUCTURE_ITEM object (10000)
2025-05-07 14:20:50,560 - __main__ - INFO - cube_structure_item: CUBE_STRUCTURE_ITEM object (10005)
2025-05-07 14:20:50,561 - __main__ - INFO - cube_structure_item: CUBE_STRUCTURE_ITEM object (10009)
2025-05-07 14:20:50,561 - __main__ - INFO - cube_structure_item: CUBE_STRUCTURE_ITEM object (10011)
2025-05-07 14:20:50,561 - __main__ - INFO - cube_structure_item: CUBE_STRUCTURE_ITEM object (10012)
2025-05-07 14:20:50,561 - __main__ - INFO - cube_structure_item: CUBE_STRUCTURE_ITEM object (10013)
2025-05-07 14:20:50,561 - __main__ - INFO - cube_structure_item: CUBE_STRUCTURE_ITEM object (10020)
2025-05-07 14:20:50,562 - __main__ - INFO - cube_structure_item: CUBE_STRUCTURE_ITEM object (10021)
2025-05-07 14:20:50,562 - __main__ - INFO - cube_structure_item: CUBE_STRUCTURE_ITEM object (10024)
2025-05-07 14:20:50,562 - __main__ - INFO - cube_structure_item: CUBE_STRUCTURE_ITEM object (10025)
2025-05-07 14:20:50,562 - __main__ - INFO - cube_structure_item: CUBE_STRUCTURE_ITEM object (10026)
2025-05-07 14:20:50,563 - __main__ - INFO - cube_structure_item: CUBE_STRUCTURE_ITEM object (10029)
2025-05-07 14:20:50,563 - __main__ - INFO - cube_structure_item: CUBE_STRUCTURE_ITEM object (10030)
2025-05-07 14:20:50,563 - __main__ - INFO - cube_structure_item: CUBE_STRUCTURE_ITEM object (10032)
2025-05-07 14:20:50,563 - __main__ - INFO - cube_structure_item: CUBE_STRUCTURE_ITEM object (10033)
2025-05-07 14:20:50,564 - __main__ - INFO - cube_structure_item: CUBE_STRUCTURE_ITEM object (10053)
2025-05-07 14:20:50,564 - __main__ - INFO - cube_structure_item: CUBE_STRUCTURE_ITEM object (10056)
2025-05-07 14:20:50,564 - __main__ - INFO - cube_structure_item: CUBE_STRUCTURE_ITEM object (10057)
2025-05-07 14:20:50,564 - __main__ - INFO - cube_structure_item: CUBE_STRUCTURE_ITEM object (10062)
2025-05-07 14:20:50,565 - __main__ - INFO - cube_structure_item: CUBE_STRUCTURE_ITEM object (10066)
2025-05-07 14:20:50,565 - __main__ - INFO - cube_structure_item: CUBE_STRUCTURE_ITEM object (10069)
2025-05-07 14:20:50,565 - __main__ - INFO - cube_structure_item: CUBE_STRUCTURE_ITEM object (10070)
2025-05-07 14:20:50,565 - __main__ - INFO - cube_structure_item: CUBE_STRUCTURE_ITEM object (10071)
2025-05-07 14:20:50,566 - __main__ - INFO - cube_structure_item: CUBE_STRUCTURE_ITEM object (10073)
2025-05-07 14:20:50,566 - __main__ - INFO - cube_structure_item: CUBE_STRUCTURE_ITEM object (10075)
2025-05-07 14:20:50,566 - __main__ - INFO - cube_structure_item: CUBE_STRUCTURE_ITEM object (10081)
2025-05-07 14:20:50,566 - __main__ - INFO - cube_structure_item: CUBE_STRUCTURE_ITEM object (10082)
2025-05-07 14:20:50,567 - __main__ - INFO - cube_structure_item: CUBE_STRUCTURE_ITEM object (10084)
2025-05-07 14:20:50,567 - __main__ - INFO - cube_structure_item: CUBE_STRUCTURE_ITEM object (10085)
2025-05-07 14:20:50,567 - __main__ - INFO - cube_structure_item: CUBE_STRUCTURE_ITEM object (10092)
2025-05-07 14:20:50,568 - __main__ - INFO - cube_structure_item: CUBE_STRUCTURE_ITEM object (10094)
2025-05-07 14:20:50,568 - __main__ - INFO - cube_structure_item: CUBE_STRUCTURE_ITEM object (10105)
2025-05-07 14:20:50,568 - __main__ - INFO - cube_structure_item: CUBE_STRUCTURE_ITEM object (10107)
2025-05-07 14:20:50,568 - __main__ - INFO - cube_structure_item: CUBE_STRUCTURE_ITEM object (10108)
2025-05-07 14:20:50,569 - __main__ - INFO - cube_structure_item: CUBE_STRUCTURE_ITEM object (10115)
2025-05-07 14:20:50,569 - __main__ - INFO - cube_structure_item: CUBE_STRUCTURE_ITEM object (10117)
2025-05-07 14:20:50,569 - __main__ - INFO - cube_structure_item: CUBE_STRUCTURE_ITEM object (10127)
2025-05-07 14:20:50,569 - __main__ - INFO - cube_structure_item: CUBE_STRUCTURE_ITEM object (10128)
2025-05-07 14:20:50,570 - __main__ - INFO - cube_structure_item: CUBE_STRUCTURE_ITEM object (10137)
2025-05-07 14:20:52,145 - __main__ - INFO - cube_structure_item: CUBE_STRUCTURE_ITEM object (9965)
2025-05-07 14:20:52,145 - __main__ - INFO - cube_structure_item: CUBE_STRUCTURE_ITEM object (9967)
2025-05-07 14:20:52,145 - __main__ - INFO - cube_structure_item: CUBE_STRUCTURE_ITEM object (9977)
2025-05-07 14:20:52,146 - __main__ - INFO - cube_structure_item: CUBE_STRUCTURE_ITEM object (9978)
2025-05-07 14:20:52,146 - __main__ - INFO - cube_structure_item: CUBE_STRUCTURE_ITEM object (9979)
2025-05-07 14:20:52,146 - __main__ - INFO - cube_structure_item: CUBE_STRUCTURE_ITEM object (9981)
2025-05-07 14:20:52,146 - __main__ - INFO - cube_structure_item: CUBE_STRUCTURE_ITEM object (9984)
2025-05-07 14:20:52,147 - __main__ - INFO - cube_structure_item: CUBE_STRUCTURE_ITEM object (9985)
2025-05-07 14:20:52,147 - __main__ - INFO - cube_structure_item: CUBE_STRUCTURE_ITEM object (9990)
2025-05-07 14:20:52,147 - __main__ - INFO - cube_structure_item: CUBE_STRUCTURE_ITEM object (9993)
2025-05-07 14:20:52,147 - __main__ - INFO - cube_structure_item: CUBE_STRUCTURE_ITEM object (9999)
2025-05-07 14:20:52,148 - __main__ - INFO - cube_structure_item: CUBE_STRUCTURE_ITEM object (10000)
2025-05-07 14:20:52,148 - __main__ - INFO - cube_structure_item: CUBE_STRUCTURE_ITEM object (10005)
2025-05-07 14:20:52,148 - __main__ - INFO - cube_structure_item: CUBE_STRUCTURE_ITEM object (10009)
2025-05-07 14:20:52,148 - __main__ - INFO - cube_structure_item: CUBE_STRUCTURE_ITEM object (10011)
2025-05-07 14:20:52,149 - __main__ - INFO - cube_structure_item: CUBE_STRUCTURE_ITEM object (10012)
2025-05-07 14:20:52,149 - __main__ - INFO - cube_structure_item: CUBE_STRUCTURE_ITEM object (10013)
2025-05-07 14:20:52,149 - __main__ - INFO - cube_structure_item: CUBE_STRUCTURE_ITEM object (10020)
2025-05-07 14:20:52,149 - __main__ - INFO - cube_structure_item: CUBE_STRUCTURE_ITEM object (10021)
2025-05-07 14:20:52,150 - __main__ - INFO - cube_structure_item: CUBE_STRUCTURE_ITEM object (10024)
2025-05-07 14:20:52,150 - __main__ - INFO - cube_structure_item: CUBE_STRUCTURE_ITEM object (10025)
2025-05-07 14:20:52,150 - __main__ - INFO - cube_structure_item: CUBE_STRUCTURE_ITEM object (10026)
2025-05-07 14:20:52,151 - __main__ - INFO - cube_structure_item: CUBE_STRUCTURE_ITEM object (10029)
2025-05-07 14:20:52,155 - __main__ - INFO - cube_structure_item: CUBE_STRUCTURE_ITEM object (10030)
2025-05-07 14:20:52,156 - __main__ - INFO - cube_structure_item: CUBE_STRUCTURE_ITEM object (10032)
2025-05-07 14:20:52,156 - __main__ - INFO - cube_structure_item: CUBE_STRUCTURE_ITEM object (10033)
2025-05-07 14:20:52,157 - __main__ - INFO - cube_structure_item: CUBE_STRUCTURE_ITEM object (10053)
2025-05-07 14:20:52,157 - __main__ - INFO - cube_structure_item: CUBE_STRUCTURE_ITEM object (10056)
2025-05-07 14:20:52,157 - __main__ - INFO - cube_structure_item: CUBE_STRUCTURE_ITEM object (10057)
2025-05-07 14:20:52,157 - __main__ - INFO - cube_structure_item: CUBE_STRUCTURE_ITEM object (10062)
2025-05-07 14:20:52,158 - __main__ - INFO - cube_structure_item: CUBE_STRUCTURE_ITEM object (10066)
2025-05-07 14:20:52,164 - __main__ - INFO - cube_structure_item: CUBE_STRUCTURE_ITEM object (10069)
2025-05-07 14:20:52,164 - __main__ - INFO - cube_structure_item: CUBE_STRUCTURE_ITEM object (10070)
2025-05-07 14:20:52,164 - __main__ - INFO - cube_structure_item: CUBE_STRUCTURE_ITEM object (10071)
2025-05-07 14:20:52,165 - __main__ - INFO - cube_structure_item: CUBE_STRUCTURE_ITEM object (10073)
2025-05-07 14:20:52,165 - __main__ - INFO - cube_structure_item: CUBE_STRUCTURE_ITEM object (10075)
2025-05-07 14:20:52,165 - __main__ - INFO - cube_structure_item: CUBE_STRUCTURE_ITEM object (10081)
2025-05-07 14:20:52,165 - __main__ - INFO - cube_structure_item: CUBE_STRUCTURE_ITEM object (10082)
2025-05-07 14:20:52,165 - __main__ - INFO - cube_structure_item: CUBE_STRUCTURE_ITEM object (10084)
2025-05-07 14:20:52,166 - __main__ - INFO - cube_structure_item: CUBE_STRUCTURE_ITEM object (10085)
2025-05-07 14:20:52,166 - __main__ - INFO - cube_structure_item: CUBE_STRUCTURE_ITEM object (10092)
2025-05-07 14:20:52,166 - __main__ - INFO - cube_structure_item: CUBE_STRUCTURE_ITEM object (10094)
2025-05-07 14:20:52,166 - __main__ - INFO - cube_structure_item: CUBE_STRUCTURE_ITEM object (10105)
2025-05-07 14:20:52,166 - __main__ - INFO - cube_structure_item: CUBE_STRUCTURE_ITEM object (10107)
2025-05-07 14:20:52,167 - __main__ - INFO - cube_structure_item: CUBE_STRUCTURE_ITEM object (10108)
2025-05-07 14:20:52,167 - __main__ - INFO - cube_structure_item: CUBE_STRUCTURE_ITEM object (10115)
2025-05-07 14:20:52,167 - __main__ - INFO - cube_structure_item: CUBE_STRUCTURE_ITEM object (10117)
2025-05-07 14:20:52,167 - __main__ - INFO - cube_structure_item: CUBE_STRUCTURE_ITEM object (10127)
2025-05-07 14:20:52,167 - __main__ - INFO - cube_structure_item: CUBE_STRUCTURE_ITEM object (10128)
2025-05-07 14:20:52,168 - __main__ - INFO - cube_structure_item: CUBE_STRUCTURE_ITEM object (10137)
2025-05-07 14:21:54,389 - __main__ - INFO - Django configured successfully with settings module: birds_nest.settings
2025-05-07 14:21:59,318 - __main__ - INFO - rolc_id: ANCRDT_INSTRMNT_C_1
2025-05-07 14:21:59,318 - __main__ - INFO - cube_structure_item: CUBE_STRUCTURE_ITEM object (9965)
2025-05-07 14:21:59,322 - __main__ - INFO - cube_structure_item: CUBE_STRUCTURE_ITEM object (9967)
2025-05-07 14:21:59,325 - __main__ - INFO - cube_structure_item: CUBE_STRUCTURE_ITEM object (9977)
2025-05-07 14:21:59,328 - __main__ - INFO - cube_structure_item: CUBE_STRUCTURE_ITEM object (9978)
2025-05-07 14:21:59,332 - __main__ - INFO - cube_structure_item: CUBE_STRUCTURE_ITEM object (9979)
2025-05-07 14:21:59,336 - __main__ - INFO - cube_structure_item: CUBE_STRUCTURE_ITEM object (9981)
2025-05-07 14:21:59,338 - __main__ - INFO - cube_structure_item: CUBE_STRUCTURE_ITEM object (9984)
2025-05-07 14:21:59,341 - __main__ - INFO - cube_structure_item: CUBE_STRUCTURE_ITEM object (9985)
2025-05-07 14:21:59,344 - __main__ - INFO - cube_structure_item: CUBE_STRUCTURE_ITEM object (9990)
2025-05-07 14:21:59,346 - __main__ - INFO - cube_structure_item: CUBE_STRUCTURE_ITEM object (9993)
2025-05-07 14:21:59,348 - __main__ - INFO - cube_structure_item: CUBE_STRUCTURE_ITEM object (9999)
2025-05-07 14:21:59,350 - __main__ - INFO - cube_structure_item: CUBE_STRUCTURE_ITEM object (10000)
2025-05-07 14:21:59,352 - __main__ - INFO - cube_structure_item: CUBE_STRUCTURE_ITEM object (10005)
2025-05-07 14:21:59,353 - __main__ - INFO - cube_structure_item: CUBE_STRUCTURE_ITEM object (10009)
2025-05-07 14:21:59,356 - __main__ - INFO - cube_structure_item: CUBE_STRUCTURE_ITEM object (10011)
2025-05-07 14:21:59,358 - __main__ - INFO - cube_structure_item: CUBE_STRUCTURE_ITEM object (10012)
2025-05-07 14:21:59,360 - __main__ - INFO - cube_structure_item: CUBE_STRUCTURE_ITEM object (10013)
2025-05-07 14:21:59,362 - __main__ - INFO - cube_structure_item: CUBE_STRUCTURE_ITEM object (10020)
2025-05-07 14:21:59,363 - __main__ - INFO - cube_structure_item: CUBE_STRUCTURE_ITEM object (10021)
2025-05-07 14:21:59,366 - __main__ - INFO - cube_structure_item: CUBE_STRUCTURE_ITEM object (10024)
2025-05-07 14:21:59,368 - __main__ - INFO - cube_structure_item: CUBE_STRUCTURE_ITEM object (10025)
2025-05-07 14:21:59,370 - __main__ - INFO - cube_structure_item: CUBE_STRUCTURE_ITEM object (10026)
2025-05-07 14:21:59,372 - __main__ - INFO - cube_structure_item: CUBE_STRUCTURE_ITEM object (10029)
2025-05-07 14:21:59,376 - __main__ - INFO - cube_structure_item: CUBE_STRUCTURE_ITEM object (10030)
2025-05-07 14:21:59,379 - __main__ - INFO - cube_structure_item: CUBE_STRUCTURE_ITEM object (10032)
2025-05-07 14:21:59,382 - __main__ - INFO - cube_structure_item: CUBE_STRUCTURE_ITEM object (10033)
2025-05-07 14:21:59,386 - __main__ - INFO - cube_structure_item: CUBE_STRUCTURE_ITEM object (10053)
2025-05-07 14:21:59,389 - __main__ - INFO - cube_structure_item: CUBE_STRUCTURE_ITEM object (10056)
2025-05-07 14:21:59,392 - __main__ - INFO - cube_structure_item: CUBE_STRUCTURE_ITEM object (10057)
2025-05-07 14:21:59,394 - __main__ - INFO - cube_structure_item: CUBE_STRUCTURE_ITEM object (10062)
2025-05-07 14:21:59,397 - __main__ - INFO - cube_structure_item: CUBE_STRUCTURE_ITEM object (10066)
2025-05-07 14:21:59,399 - __main__ - INFO - cube_structure_item: CUBE_STRUCTURE_ITEM object (10069)
2025-05-07 14:21:59,402 - __main__ - INFO - cube_structure_item: CUBE_STRUCTURE_ITEM object (10070)
2025-05-07 14:21:59,405 - __main__ - INFO - cube_structure_item: CUBE_STRUCTURE_ITEM object (10071)
2025-05-07 14:21:59,408 - __main__ - INFO - cube_structure_item: CUBE_STRUCTURE_ITEM object (10073)
2025-05-07 14:21:59,411 - __main__ - INFO - cube_structure_item: CUBE_STRUCTURE_ITEM object (10075)
2025-05-07 14:21:59,414 - __main__ - INFO - cube_structure_item: CUBE_STRUCTURE_ITEM object (10081)
2025-05-07 14:21:59,417 - __main__ - INFO - cube_structure_item: CUBE_STRUCTURE_ITEM object (10082)
2025-05-07 14:21:59,420 - __main__ - INFO - cube_structure_item: CUBE_STRUCTURE_ITEM object (10084)
2025-05-07 14:21:59,423 - __main__ - INFO - cube_structure_item: CUBE_STRUCTURE_ITEM object (10085)
2025-05-07 14:21:59,425 - __main__ - INFO - cube_structure_item: CUBE_STRUCTURE_ITEM object (10092)
2025-05-07 14:21:59,428 - __main__ - INFO - cube_structure_item: CUBE_STRUCTURE_ITEM object (10094)
2025-05-07 14:21:59,431 - __main__ - INFO - cube_structure_item: CUBE_STRUCTURE_ITEM object (10105)
2025-05-07 14:21:59,433 - __main__ - INFO - cube_structure_item: CUBE_STRUCTURE_ITEM object (10107)
2025-05-07 14:21:59,436 - __main__ - INFO - cube_structure_item: CUBE_STRUCTURE_ITEM object (10108)
2025-05-07 14:21:59,439 - __main__ - INFO - cube_structure_item: CUBE_STRUCTURE_ITEM object (10115)
2025-05-07 14:21:59,443 - __main__ - INFO - cube_structure_item: CUBE_STRUCTURE_ITEM object (10117)
2025-05-07 14:21:59,447 - __main__ - INFO - cube_structure_item: CUBE_STRUCTURE_ITEM object (10127)
2025-05-07 14:21:59,451 - __main__ - INFO - cube_structure_item: CUBE_STRUCTURE_ITEM object (10128)
2025-05-07 14:21:59,454 - __main__ - INFO - cube_structure_item: CUBE_STRUCTURE_ITEM object (10137)
2025-05-07 14:21:59,459 - __main__ - INFO - cube_structure_item: CUBE_STRUCTURE_ITEM object (9965)
2025-05-07 14:21:59,459 - __main__ - INFO - cube_structure_item: CUBE_STRUCTURE_ITEM object (9967)
2025-05-07 14:21:59,459 - __main__ - INFO - cube_structure_item: CUBE_STRUCTURE_ITEM object (9977)
2025-05-07 14:21:59,460 - __main__ - INFO - cube_structure_item: CUBE_STRUCTURE_ITEM object (9978)
2025-05-07 14:21:59,460 - __main__ - INFO - cube_structure_item: CUBE_STRUCTURE_ITEM object (9979)
2025-05-07 14:21:59,460 - __main__ - INFO - cube_structure_item: CUBE_STRUCTURE_ITEM object (9981)
2025-05-07 14:21:59,460 - __main__ - INFO - cube_structure_item: CUBE_STRUCTURE_ITEM object (9984)
2025-05-07 14:21:59,461 - __main__ - INFO - cube_structure_item: CUBE_STRUCTURE_ITEM object (9985)
2025-05-07 14:21:59,461 - __main__ - INFO - cube_structure_item: CUBE_STRUCTURE_ITEM object (9990)
2025-05-07 14:21:59,461 - __main__ - INFO - cube_structure_item: CUBE_STRUCTURE_ITEM object (9993)
2025-05-07 14:21:59,461 - __main__ - INFO - cube_structure_item: CUBE_STRUCTURE_ITEM object (9999)
2025-05-07 14:21:59,461 - __main__ - INFO - cube_structure_item: CUBE_STRUCTURE_ITEM object (10000)
2025-05-07 14:21:59,462 - __main__ - INFO - cube_structure_item: CUBE_STRUCTURE_ITEM object (10005)
2025-05-07 14:21:59,462 - __main__ - INFO - cube_structure_item: CUBE_STRUCTURE_ITEM object (10009)
2025-05-07 14:21:59,462 - __main__ - INFO - cube_structure_item: CUBE_STRUCTURE_ITEM object (10011)
2025-05-07 14:21:59,462 - __main__ - INFO - cube_structure_item: CUBE_STRUCTURE_ITEM object (10012)
2025-05-07 14:21:59,462 - __main__ - INFO - cube_structure_item: CUBE_STRUCTURE_ITEM object (10013)
2025-05-07 14:21:59,463 - __main__ - INFO - cube_structure_item: CUBE_STRUCTURE_ITEM object (10020)
2025-05-07 14:21:59,463 - __main__ - INFO - cube_structure_item: CUBE_STRUCTURE_ITEM object (10021)
2025-05-07 14:21:59,463 - __main__ - INFO - cube_structure_item: CUBE_STRUCTURE_ITEM object (10024)
2025-05-07 14:21:59,463 - __main__ - INFO - cube_structure_item: CUBE_STRUCTURE_ITEM object (10025)
2025-05-07 14:21:59,463 - __main__ - INFO - cube_structure_item: CUBE_STRUCTURE_ITEM object (10026)
2025-05-07 14:21:59,464 - __main__ - INFO - cube_structure_item: CUBE_STRUCTURE_ITEM object (10029)
2025-05-07 14:21:59,464 - __main__ - INFO - cube_structure_item: CUBE_STRUCTURE_ITEM object (10030)
2025-05-07 14:21:59,464 - __main__ - INFO - cube_structure_item: CUBE_STRUCTURE_ITEM object (10032)
2025-05-07 14:21:59,464 - __main__ - INFO - cube_structure_item: CUBE_STRUCTURE_ITEM object (10033)
2025-05-07 14:21:59,464 - __main__ - INFO - cube_structure_item: CUBE_STRUCTURE_ITEM object (10053)
2025-05-07 14:21:59,464 - __main__ - INFO - cube_structure_item: CUBE_STRUCTURE_ITEM object (10056)
2025-05-07 14:21:59,465 - __main__ - INFO - cube_structure_item: CUBE_STRUCTURE_ITEM object (10057)
2025-05-07 14:21:59,465 - __main__ - INFO - cube_structure_item: CUBE_STRUCTURE_ITEM object (10062)
2025-05-07 14:21:59,465 - __main__ - INFO - cube_structure_item: CUBE_STRUCTURE_ITEM object (10066)
2025-05-07 14:21:59,465 - __main__ - INFO - cube_structure_item: CUBE_STRUCTURE_ITEM object (10069)
2025-05-07 14:21:59,465 - __main__ - INFO - cube_structure_item: CUBE_STRUCTURE_ITEM object (10070)
2025-05-07 14:21:59,465 - __main__ - INFO - cube_structure_item: CUBE_STRUCTURE_ITEM object (10071)
2025-05-07 14:21:59,465 - __main__ - INFO - cube_structure_item: CUBE_STRUCTURE_ITEM object (10073)
2025-05-07 14:21:59,466 - __main__ - INFO - cube_structure_item: CUBE_STRUCTURE_ITEM object (10075)
2025-05-07 14:21:59,466 - __main__ - INFO - cube_structure_item: CUBE_STRUCTURE_ITEM object (10081)
2025-05-07 14:21:59,466 - __main__ - INFO - cube_structure_item: CUBE_STRUCTURE_ITEM object (10082)
2025-05-07 14:21:59,466 - __main__ - INFO - cube_structure_item: CUBE_STRUCTURE_ITEM object (10084)
2025-05-07 14:21:59,466 - __main__ - INFO - cube_structure_item: CUBE_STRUCTURE_ITEM object (10085)
2025-05-07 14:21:59,466 - __main__ - INFO - cube_structure_item: CUBE_STRUCTURE_ITEM object (10092)
2025-05-07 14:21:59,466 - __main__ - INFO - cube_structure_item: CUBE_STRUCTURE_ITEM object (10094)
2025-05-07 14:21:59,466 - __main__ - INFO - cube_structure_item: CUBE_STRUCTURE_ITEM object (10105)
2025-05-07 14:21:59,467 - __main__ - INFO - cube_structure_item: CUBE_STRUCTURE_ITEM object (10107)
2025-05-07 14:21:59,467 - __main__ - INFO - cube_structure_item: CUBE_STRUCTURE_ITEM object (10108)
2025-05-07 14:21:59,467 - __main__ - INFO - cube_structure_item: CUBE_STRUCTURE_ITEM object (10115)
2025-05-07 14:21:59,467 - __main__ - INFO - cube_structure_item: CUBE_STRUCTURE_ITEM object (10117)
2025-05-07 14:21:59,467 - __main__ - INFO - cube_structure_item: CUBE_STRUCTURE_ITEM object (10127)
2025-05-07 14:21:59,467 - __main__ - INFO - cube_structure_item: CUBE_STRUCTURE_ITEM object (10128)
2025-05-07 14:21:59,468 - __main__ - INFO - cube_structure_item: CUBE_STRUCTURE_ITEM object (10137)
2025-05-07 14:21:59,468 - __main__ - INFO - cube_structure_item: CUBE_STRUCTURE_ITEM object (9965)
2025-05-07 14:21:59,468 - __main__ - INFO - cube_structure_item: CUBE_STRUCTURE_ITEM object (9967)
2025-05-07 14:21:59,468 - __main__ - INFO - cube_structure_item: CUBE_STRUCTURE_ITEM object (9977)
2025-05-07 14:21:59,469 - __main__ - INFO - cube_structure_item: CUBE_STRUCTURE_ITEM object (9978)
2025-05-07 14:21:59,469 - __main__ - INFO - cube_structure_item: CUBE_STRUCTURE_ITEM object (9979)
2025-05-07 14:21:59,469 - __main__ - INFO - cube_structure_item: CUBE_STRUCTURE_ITEM object (9981)
2025-05-07 14:21:59,469 - __main__ - INFO - cube_structure_item: CUBE_STRUCTURE_ITEM object (9984)
2025-05-07 14:21:59,469 - __main__ - INFO - cube_structure_item: CUBE_STRUCTURE_ITEM object (9985)
2025-05-07 14:21:59,469 - __main__ - INFO - cube_structure_item: CUBE_STRUCTURE_ITEM object (9990)
2025-05-07 14:21:59,470 - __main__ - INFO - cube_structure_item: CUBE_STRUCTURE_ITEM object (9993)
2025-05-07 14:21:59,470 - __main__ - INFO - cube_structure_item: CUBE_STRUCTURE_ITEM object (9999)
2025-05-07 14:21:59,470 - __main__ - INFO - cube_structure_item: CUBE_STRUCTURE_ITEM object (10000)
2025-05-07 14:21:59,470 - __main__ - INFO - cube_structure_item: CUBE_STRUCTURE_ITEM object (10005)
2025-05-07 14:21:59,470 - __main__ - INFO - cube_structure_item: CUBE_STRUCTURE_ITEM object (10009)
2025-05-07 14:21:59,470 - __main__ - INFO - cube_structure_item: CUBE_STRUCTURE_ITEM object (10011)
2025-05-07 14:21:59,470 - __main__ - INFO - cube_structure_item: CUBE_STRUCTURE_ITEM object (10012)
2025-05-07 14:21:59,471 - __main__ - INFO - cube_structure_item: CUBE_STRUCTURE_ITEM object (10013)
2025-05-07 14:21:59,471 - __main__ - INFO - cube_structure_item: CUBE_STRUCTURE_ITEM object (10020)
2025-05-07 14:21:59,471 - __main__ - INFO - cube_structure_item: CUBE_STRUCTURE_ITEM object (10021)
2025-05-07 14:21:59,471 - __main__ - INFO - cube_structure_item: CUBE_STRUCTURE_ITEM object (10024)
2025-05-07 14:21:59,471 - __main__ - INFO - cube_structure_item: CUBE_STRUCTURE_ITEM object (10025)
2025-05-07 14:21:59,471 - __main__ - INFO - cube_structure_item: CUBE_STRUCTURE_ITEM object (10026)
2025-05-07 14:21:59,471 - __main__ - INFO - cube_structure_item: CUBE_STRUCTURE_ITEM object (10029)
2025-05-07 14:21:59,472 - __main__ - INFO - cube_structure_item: CUBE_STRUCTURE_ITEM object (10030)
2025-05-07 14:21:59,472 - __main__ - INFO - cube_structure_item: CUBE_STRUCTURE_ITEM object (10032)
2025-05-07 14:21:59,472 - __main__ - INFO - cube_structure_item: CUBE_STRUCTURE_ITEM object (10033)
2025-05-07 14:21:59,472 - __main__ - INFO - cube_structure_item: CUBE_STRUCTURE_ITEM object (10053)
2025-05-07 14:21:59,472 - __main__ - INFO - cube_structure_item: CUBE_STRUCTURE_ITEM object (10056)
2025-05-07 14:21:59,472 - __main__ - INFO - cube_structure_item: CUBE_STRUCTURE_ITEM object (10057)
2025-05-07 14:21:59,473 - __main__ - INFO - cube_structure_item: CUBE_STRUCTURE_ITEM object (10062)
2025-05-07 14:21:59,473 - __main__ - INFO - cube_structure_item: CUBE_STRUCTURE_ITEM object (10066)
2025-05-07 14:21:59,473 - __main__ - INFO - cube_structure_item: CUBE_STRUCTURE_ITEM object (10069)
2025-05-07 14:21:59,473 - __main__ - INFO - cube_structure_item: CUBE_STRUCTURE_ITEM object (10070)
2025-05-07 14:21:59,473 - __main__ - INFO - cube_structure_item: CUBE_STRUCTURE_ITEM object (10071)
2025-05-07 14:21:59,474 - __main__ - INFO - cube_structure_item: CUBE_STRUCTURE_ITEM object (10073)
2025-05-07 14:21:59,474 - __main__ - INFO - cube_structure_item: CUBE_STRUCTURE_ITEM object (10075)
2025-05-07 14:21:59,474 - __main__ - INFO - cube_structure_item: CUBE_STRUCTURE_ITEM object (10081)
2025-05-07 14:21:59,474 - __main__ - INFO - cube_structure_item: CUBE_STRUCTURE_ITEM object (10082)
2025-05-07 14:21:59,474 - __main__ - INFO - cube_structure_item: CUBE_STRUCTURE_ITEM object (10084)
2025-05-07 14:21:59,474 - __main__ - INFO - cube_structure_item: CUBE_STRUCTURE_ITEM object (10085)
2025-05-07 14:21:59,474 - __main__ - INFO - cube_structure_item: CUBE_STRUCTURE_ITEM object (10092)
2025-05-07 14:21:59,474 - __main__ - INFO - cube_structure_item: CUBE_STRUCTURE_ITEM object (10094)
2025-05-07 14:21:59,475 - __main__ - INFO - cube_structure_item: CUBE_STRUCTURE_ITEM object (10105)
2025-05-07 14:21:59,475 - __main__ - INFO - cube_structure_item: CUBE_STRUCTURE_ITEM object (10107)
2025-05-07 14:21:59,475 - __main__ - INFO - cube_structure_item: CUBE_STRUCTURE_ITEM object (10108)
2025-05-07 14:21:59,475 - __main__ - INFO - cube_structure_item: CUBE_STRUCTURE_ITEM object (10115)
2025-05-07 14:21:59,475 - __main__ - INFO - cube_structure_item: CUBE_STRUCTURE_ITEM object (10117)
2025-05-07 14:21:59,475 - __main__ - INFO - cube_structure_item: CUBE_STRUCTURE_ITEM object (10127)
2025-05-07 14:21:59,475 - __main__ - INFO - cube_structure_item: CUBE_STRUCTURE_ITEM object (10128)
2025-05-07 14:21:59,476 - __main__ - INFO - cube_structure_item: CUBE_STRUCTURE_ITEM object (10137)
2025-05-07 14:21:59,476 - __main__ - INFO - {'ANCRDT_INSTRMNT_C_1:Loans and advances': [<CUBE_LINK: CUBE_LINK object (INSTRMNT:Loans and advances:ANCRDT_INSTRMNT_C_1)>, <CUBE_LINK: CUBE_LINK object (INSTRMNT_RL:Loans and advances:ANCRDT_INSTRMNT_C_1)>, <CUBE_LINK: CUBE_LINK object (CLLTRL:Loans and advances:ANCRDT_INSTRMNT_C_1)>]}
2025-05-07 14:21:59,566 - __main__ - INFO - cube_structure_item: CUBE_STRUCTURE_ITEM object (9965)
2025-05-07 14:21:59,566 - __main__ - INFO - cube_structure_item: CUBE_STRUCTURE_ITEM object (9967)
2025-05-07 14:21:59,566 - __main__ - INFO - cube_structure_item: CUBE_STRUCTURE_ITEM object (9977)
2025-05-07 14:21:59,567 - __main__ - INFO - cube_structure_item: CUBE_STRUCTURE_ITEM object (9978)
2025-05-07 14:21:59,567 - __main__ - INFO - cube_structure_item: CUBE_STRUCTURE_ITEM object (9979)
2025-05-07 14:21:59,567 - __main__ - INFO - cube_structure_item: CUBE_STRUCTURE_ITEM object (9981)
2025-05-07 14:21:59,567 - __main__ - INFO - cube_structure_item: CUBE_STRUCTURE_ITEM object (9984)
2025-05-07 14:21:59,567 - __main__ - INFO - cube_structure_item: CUBE_STRUCTURE_ITEM object (9985)
2025-05-07 14:21:59,567 - __main__ - INFO - cube_structure_item: CUBE_STRUCTURE_ITEM object (9990)
2025-05-07 14:21:59,568 - __main__ - INFO - cube_structure_item: CUBE_STRUCTURE_ITEM object (9993)
2025-05-07 14:21:59,568 - __main__ - INFO - cube_structure_item: CUBE_STRUCTURE_ITEM object (9999)
2025-05-07 14:21:59,568 - __main__ - INFO - cube_structure_item: CUBE_STRUCTURE_ITEM object (10000)
2025-05-07 14:21:59,568 - __main__ - INFO - cube_structure_item: CUBE_STRUCTURE_ITEM object (10005)
2025-05-07 14:21:59,568 - __main__ - INFO - cube_structure_item: CUBE_STRUCTURE_ITEM object (10009)
2025-05-07 14:21:59,568 - __main__ - INFO - cube_structure_item: CUBE_STRUCTURE_ITEM object (10011)
2025-05-07 14:21:59,569 - __main__ - INFO - cube_structure_item: CUBE_STRUCTURE_ITEM object (10012)
2025-05-07 14:21:59,569 - __main__ - INFO - cube_structure_item: CUBE_STRUCTURE_ITEM object (10013)
2025-05-07 14:21:59,569 - __main__ - INFO - cube_structure_item: CUBE_STRUCTURE_ITEM object (10020)
2025-05-07 14:21:59,569 - __main__ - INFO - cube_structure_item: CUBE_STRUCTURE_ITEM object (10021)
2025-05-07 14:21:59,569 - __main__ - INFO - cube_structure_item: CUBE_STRUCTURE_ITEM object (10024)
2025-05-07 14:21:59,569 - __main__ - INFO - cube_structure_item: CUBE_STRUCTURE_ITEM object (10025)
2025-05-07 14:21:59,570 - __main__ - INFO - cube_structure_item: CUBE_STRUCTURE_ITEM object (10026)
2025-05-07 14:21:59,570 - __main__ - INFO - cube_structure_item: CUBE_STRUCTURE_ITEM object (10029)
2025-05-07 14:21:59,570 - __main__ - INFO - cube_structure_item: CUBE_STRUCTURE_ITEM object (10030)
2025-05-07 14:21:59,570 - __main__ - INFO - cube_structure_item: CUBE_STRUCTURE_ITEM object (10032)
2025-05-07 14:21:59,570 - __main__ - INFO - cube_structure_item: CUBE_STRUCTURE_ITEM object (10033)
2025-05-07 14:21:59,570 - __main__ - INFO - cube_structure_item: CUBE_STRUCTURE_ITEM object (10053)
2025-05-07 14:21:59,571 - __main__ - INFO - cube_structure_item: CUBE_STRUCTURE_ITEM object (10056)
2025-05-07 14:21:59,571 - __main__ - INFO - cube_structure_item: CUBE_STRUCTURE_ITEM object (10057)
2025-05-07 14:21:59,571 - __main__ - INFO - cube_structure_item: CUBE_STRUCTURE_ITEM object (10062)
2025-05-07 14:21:59,571 - __main__ - INFO - cube_structure_item: CUBE_STRUCTURE_ITEM object (10066)
2025-05-07 14:21:59,571 - __main__ - INFO - cube_structure_item: CUBE_STRUCTURE_ITEM object (10069)
2025-05-07 14:21:59,571 - __main__ - INFO - cube_structure_item: CUBE_STRUCTURE_ITEM object (10070)
2025-05-07 14:21:59,572 - __main__ - INFO - cube_structure_item: CUBE_STRUCTURE_ITEM object (10071)
2025-05-07 14:21:59,572 - __main__ - INFO - cube_structure_item: CUBE_STRUCTURE_ITEM object (10073)
2025-05-07 14:21:59,572 - __main__ - INFO - cube_structure_item: CUBE_STRUCTURE_ITEM object (10075)
2025-05-07 14:21:59,572 - __main__ - INFO - cube_structure_item: CUBE_STRUCTURE_ITEM object (10081)
2025-05-07 14:21:59,572 - __main__ - INFO - cube_structure_item: CUBE_STRUCTURE_ITEM object (10082)
2025-05-07 14:21:59,572 - __main__ - INFO - cube_structure_item: CUBE_STRUCTURE_ITEM object (10084)
2025-05-07 14:21:59,573 - __main__ - INFO - cube_structure_item: CUBE_STRUCTURE_ITEM object (10085)
2025-05-07 14:21:59,573 - __main__ - INFO - cube_structure_item: CUBE_STRUCTURE_ITEM object (10092)
2025-05-07 14:21:59,573 - __main__ - INFO - cube_structure_item: CUBE_STRUCTURE_ITEM object (10094)
2025-05-07 14:21:59,573 - __main__ - INFO - cube_structure_item: CUBE_STRUCTURE_ITEM object (10105)
2025-05-07 14:21:59,573 - __main__ - INFO - cube_structure_item: CUBE_STRUCTURE_ITEM object (10107)
2025-05-07 14:21:59,573 - __main__ - INFO - cube_structure_item: CUBE_STRUCTURE_ITEM object (10108)
2025-05-07 14:21:59,574 - __main__ - INFO - cube_structure_item: CUBE_STRUCTURE_ITEM object (10115)
2025-05-07 14:21:59,574 - __main__ - INFO - cube_structure_item: CUBE_STRUCTURE_ITEM object (10117)
2025-05-07 14:21:59,574 - __main__ - INFO - cube_structure_item: CUBE_STRUCTURE_ITEM object (10127)
2025-05-07 14:21:59,574 - __main__ - INFO - cube_structure_item: CUBE_STRUCTURE_ITEM object (10128)
2025-05-07 14:21:59,574 - __main__ - INFO - cube_structure_item: CUBE_STRUCTURE_ITEM object (10137)
2025-05-07 14:22:01,146 - __main__ - INFO - cube_structure_item: CUBE_STRUCTURE_ITEM object (9965)
2025-05-07 14:22:01,147 - __main__ - INFO - cube_structure_item: CUBE_STRUCTURE_ITEM object (9967)
2025-05-07 14:22:01,147 - __main__ - INFO - cube_structure_item: CUBE_STRUCTURE_ITEM object (9977)
2025-05-07 14:22:01,148 - __main__ - INFO - cube_structure_item: CUBE_STRUCTURE_ITEM object (9978)
2025-05-07 14:22:01,148 - __main__ - INFO - cube_structure_item: CUBE_STRUCTURE_ITEM object (9979)
2025-05-07 14:22:01,148 - __main__ - INFO - cube_structure_item: CUBE_STRUCTURE_ITEM object (9981)
2025-05-07 14:22:01,149 - __main__ - INFO - cube_structure_item: CUBE_STRUCTURE_ITEM object (9984)
2025-05-07 14:22:01,149 - __main__ - INFO - cube_structure_item: CUBE_STRUCTURE_ITEM object (9985)
2025-05-07 14:22:01,149 - __main__ - INFO - cube_structure_item: CUBE_STRUCTURE_ITEM object (9990)
2025-05-07 14:22:01,149 - __main__ - INFO - cube_structure_item: CUBE_STRUCTURE_ITEM object (9993)
2025-05-07 14:22:01,150 - __main__ - INFO - cube_structure_item: CUBE_STRUCTURE_ITEM object (9999)
2025-05-07 14:22:01,150 - __main__ - INFO - cube_structure_item: CUBE_STRUCTURE_ITEM object (10000)
2025-05-07 14:22:01,150 - __main__ - INFO - cube_structure_item: CUBE_STRUCTURE_ITEM object (10005)
2025-05-07 14:22:01,150 - __main__ - INFO - cube_structure_item: CUBE_STRUCTURE_ITEM object (10009)
2025-05-07 14:22:01,151 - __main__ - INFO - cube_structure_item: CUBE_STRUCTURE_ITEM object (10011)
2025-05-07 14:22:01,151 - __main__ - INFO - cube_structure_item: CUBE_STRUCTURE_ITEM object (10012)
2025-05-07 14:22:01,151 - __main__ - INFO - cube_structure_item: CUBE_STRUCTURE_ITEM object (10013)
2025-05-07 14:22:01,152 - __main__ - INFO - cube_structure_item: CUBE_STRUCTURE_ITEM object (10020)
2025-05-07 14:22:01,152 - __main__ - INFO - cube_structure_item: CUBE_STRUCTURE_ITEM object (10021)
2025-05-07 14:22:01,152 - __main__ - INFO - cube_structure_item: CUBE_STRUCTURE_ITEM object (10024)
2025-05-07 14:22:01,152 - __main__ - INFO - cube_structure_item: CUBE_STRUCTURE_ITEM object (10025)
2025-05-07 14:22:01,153 - __main__ - INFO - cube_structure_item: CUBE_STRUCTURE_ITEM object (10026)
2025-05-07 14:22:01,153 - __main__ - INFO - cube_structure_item: CUBE_STRUCTURE_ITEM object (10029)
2025-05-07 14:22:01,153 - __main__ - INFO - cube_structure_item: CUBE_STRUCTURE_ITEM object (10030)
2025-05-07 14:22:01,153 - __main__ - INFO - cube_structure_item: CUBE_STRUCTURE_ITEM object (10032)
2025-05-07 14:22:01,154 - __main__ - INFO - cube_structure_item: CUBE_STRUCTURE_ITEM object (10033)
2025-05-07 14:22:01,154 - __main__ - INFO - cube_structure_item: CUBE_STRUCTURE_ITEM object (10053)
2025-05-07 14:22:01,154 - __main__ - INFO - cube_structure_item: CUBE_STRUCTURE_ITEM object (10056)
2025-05-07 14:22:01,154 - __main__ - INFO - cube_structure_item: CUBE_STRUCTURE_ITEM object (10057)
2025-05-07 14:22:01,155 - __main__ - INFO - cube_structure_item: CUBE_STRUCTURE_ITEM object (10062)
2025-05-07 14:22:01,155 - __main__ - INFO - cube_structure_item: CUBE_STRUCTURE_ITEM object (10066)
2025-05-07 14:22:01,155 - __main__ - INFO - cube_structure_item: CUBE_STRUCTURE_ITEM object (10069)
2025-05-07 14:22:01,156 - __main__ - INFO - cube_structure_item: CUBE_STRUCTURE_ITEM object (10070)
2025-05-07 14:22:01,156 - __main__ - INFO - cube_structure_item: CUBE_STRUCTURE_ITEM object (10071)
2025-05-07 14:22:01,156 - __main__ - INFO - cube_structure_item: CUBE_STRUCTURE_ITEM object (10073)
2025-05-07 14:22:01,156 - __main__ - INFO - cube_structure_item: CUBE_STRUCTURE_ITEM object (10075)
2025-05-07 14:22:01,156 - __main__ - INFO - cube_structure_item: CUBE_STRUCTURE_ITEM object (10081)
2025-05-07 14:22:01,157 - __main__ - INFO - cube_structure_item: CUBE_STRUCTURE_ITEM object (10082)
2025-05-07 14:22:01,157 - __main__ - INFO - cube_structure_item: CUBE_STRUCTURE_ITEM object (10084)
2025-05-07 14:22:01,157 - __main__ - INFO - cube_structure_item: CUBE_STRUCTURE_ITEM object (10085)
2025-05-07 14:22:01,157 - __main__ - INFO - cube_structure_item: CUBE_STRUCTURE_ITEM object (10092)
2025-05-07 14:22:01,157 - __main__ - INFO - cube_structure_item: CUBE_STRUCTURE_ITEM object (10094)
2025-05-07 14:22:01,158 - __main__ - INFO - cube_structure_item: CUBE_STRUCTURE_ITEM object (10105)
2025-05-07 14:22:01,158 - __main__ - INFO - cube_structure_item: CUBE_STRUCTURE_ITEM object (10107)
2025-05-07 14:22:01,158 - __main__ - INFO - cube_structure_item: CUBE_STRUCTURE_ITEM object (10108)
2025-05-07 14:22:01,158 - __main__ - INFO - cube_structure_item: CUBE_STRUCTURE_ITEM object (10115)
2025-05-07 14:22:01,159 - __main__ - INFO - cube_structure_item: CUBE_STRUCTURE_ITEM object (10117)
2025-05-07 14:22:01,159 - __main__ - INFO - cube_structure_item: CUBE_STRUCTURE_ITEM object (10127)
2025-05-07 14:22:01,159 - __main__ - INFO - cube_structure_item: CUBE_STRUCTURE_ITEM object (10128)
2025-05-07 14:22:01,159 - __main__ - INFO - cube_structure_item: CUBE_STRUCTURE_ITEM object (10137)
2025-05-07 14:23:55,257 - __main__ - INFO - Django configured successfully with settings module: birds_nest.settings
2025-05-07 14:24:01,036 - __main__ - INFO - rolc_id: ANCRDT_INSTRMNT_C_1
2025-05-07 14:24:01,037 - __main__ - INFO - cube_structure_item: CUBE_STRUCTURE_ITEM object (9965)
2025-05-07 14:24:01,041 - __main__ - INFO - cube_structure_item: CUBE_STRUCTURE_ITEM object (9967)
2025-05-07 14:24:01,044 - __main__ - INFO - cube_structure_item: CUBE_STRUCTURE_ITEM object (9977)
2025-05-07 14:24:01,048 - __main__ - INFO - cube_structure_item: CUBE_STRUCTURE_ITEM object (9978)
2025-05-07 14:24:01,053 - __main__ - INFO - cube_structure_item: CUBE_STRUCTURE_ITEM object (9979)
2025-05-07 14:24:01,057 - __main__ - INFO - cube_structure_item: CUBE_STRUCTURE_ITEM object (9981)
2025-05-07 14:24:01,061 - __main__ - INFO - cube_structure_item: CUBE_STRUCTURE_ITEM object (9984)
2025-05-07 14:24:01,065 - __main__ - INFO - cube_structure_item: CUBE_STRUCTURE_ITEM object (9985)
2025-05-07 14:24:01,070 - __main__ - INFO - cube_structure_item: CUBE_STRUCTURE_ITEM object (9990)
2025-05-07 14:24:01,074 - __main__ - INFO - cube_structure_item: CUBE_STRUCTURE_ITEM object (9993)
2025-05-07 14:24:01,079 - __main__ - INFO - cube_structure_item: CUBE_STRUCTURE_ITEM object (9999)
2025-05-07 14:24:01,082 - __main__ - INFO - cube_structure_item: CUBE_STRUCTURE_ITEM object (10000)
2025-05-07 14:24:01,085 - __main__ - INFO - cube_structure_item: CUBE_STRUCTURE_ITEM object (10005)
2025-05-07 14:24:01,088 - __main__ - INFO - cube_structure_item: CUBE_STRUCTURE_ITEM object (10009)
2025-05-07 14:24:01,091 - __main__ - INFO - cube_structure_item: CUBE_STRUCTURE_ITEM object (10011)
2025-05-07 14:24:01,095 - __main__ - INFO - cube_structure_item: CUBE_STRUCTURE_ITEM object (10012)
2025-05-07 14:24:01,098 - __main__ - INFO - cube_structure_item: CUBE_STRUCTURE_ITEM object (10013)
2025-05-07 14:24:01,102 - __main__ - INFO - cube_structure_item: CUBE_STRUCTURE_ITEM object (10020)
2025-05-07 14:24:01,107 - __main__ - INFO - cube_structure_item: CUBE_STRUCTURE_ITEM object (10021)
2025-05-07 14:24:01,112 - __main__ - INFO - cube_structure_item: CUBE_STRUCTURE_ITEM object (10024)
2025-05-07 14:24:01,116 - __main__ - INFO - cube_structure_item: CUBE_STRUCTURE_ITEM object (10025)
2025-05-07 14:24:01,120 - __main__ - INFO - cube_structure_item: CUBE_STRUCTURE_ITEM object (10026)
2025-05-07 14:24:01,125 - __main__ - INFO - cube_structure_item: CUBE_STRUCTURE_ITEM object (10029)
2025-05-07 14:24:01,130 - __main__ - INFO - cube_structure_item: CUBE_STRUCTURE_ITEM object (10030)
2025-05-07 14:24:01,134 - __main__ - INFO - cube_structure_item: CUBE_STRUCTURE_ITEM object (10032)
2025-05-07 14:24:01,137 - __main__ - INFO - cube_structure_item: CUBE_STRUCTURE_ITEM object (10033)
2025-05-07 14:24:01,140 - __main__ - INFO - cube_structure_item: CUBE_STRUCTURE_ITEM object (10053)
2025-05-07 14:24:01,142 - __main__ - INFO - cube_structure_item: CUBE_STRUCTURE_ITEM object (10056)
2025-05-07 14:24:01,145 - __main__ - INFO - cube_structure_item: CUBE_STRUCTURE_ITEM object (10057)
2025-05-07 14:24:01,149 - __main__ - INFO - cube_structure_item: CUBE_STRUCTURE_ITEM object (10062)
2025-05-07 14:24:01,153 - __main__ - INFO - cube_structure_item: CUBE_STRUCTURE_ITEM object (10066)
2025-05-07 14:24:01,157 - __main__ - INFO - cube_structure_item: CUBE_STRUCTURE_ITEM object (10069)
2025-05-07 14:24:01,161 - __main__ - INFO - cube_structure_item: CUBE_STRUCTURE_ITEM object (10070)
2025-05-07 14:24:01,172 - __main__ - INFO - cube_structure_item: CUBE_STRUCTURE_ITEM object (10071)
2025-05-07 14:24:01,178 - __main__ - INFO - cube_structure_item: CUBE_STRUCTURE_ITEM object (10073)
2025-05-07 14:24:01,186 - __main__ - INFO - cube_structure_item: CUBE_STRUCTURE_ITEM object (10075)
2025-05-07 14:24:01,191 - __main__ - INFO - cube_structure_item: CUBE_STRUCTURE_ITEM object (10081)
2025-05-07 14:24:01,197 - __main__ - INFO - cube_structure_item: CUBE_STRUCTURE_ITEM object (10082)
2025-05-07 14:24:01,202 - __main__ - INFO - cube_structure_item: CUBE_STRUCTURE_ITEM object (10084)
2025-05-07 14:24:01,207 - __main__ - INFO - cube_structure_item: CUBE_STRUCTURE_ITEM object (10085)
2025-05-07 14:24:01,212 - __main__ - INFO - cube_structure_item: CUBE_STRUCTURE_ITEM object (10092)
2025-05-07 14:24:01,218 - __main__ - INFO - cube_structure_item: CUBE_STRUCTURE_ITEM object (10094)
2025-05-07 14:24:01,221 - __main__ - INFO - cube_structure_item: CUBE_STRUCTURE_ITEM object (10105)
2025-05-07 14:24:01,224 - __main__ - INFO - cube_structure_item: CUBE_STRUCTURE_ITEM object (10107)
2025-05-07 14:24:01,227 - __main__ - INFO - cube_structure_item: CUBE_STRUCTURE_ITEM object (10108)
2025-05-07 14:24:01,230 - __main__ - INFO - cube_structure_item: CUBE_STRUCTURE_ITEM object (10115)
2025-05-07 14:24:01,233 - __main__ - INFO - cube_structure_item: CUBE_STRUCTURE_ITEM object (10117)
2025-05-07 14:24:01,236 - __main__ - INFO - cube_structure_item: CUBE_STRUCTURE_ITEM object (10127)
2025-05-07 14:24:01,240 - __main__ - INFO - cube_structure_item: CUBE_STRUCTURE_ITEM object (10128)
2025-05-07 14:24:01,244 - __main__ - INFO - cube_structure_item: CUBE_STRUCTURE_ITEM object (10137)
2025-05-07 14:24:01,249 - __main__ - INFO - cube_structure_item: CUBE_STRUCTURE_ITEM object (9965)
2025-05-07 14:24:01,249 - __main__ - INFO - cube_structure_item: CUBE_STRUCTURE_ITEM object (9967)
2025-05-07 14:24:01,250 - __main__ - INFO - cube_structure_item: CUBE_STRUCTURE_ITEM object (9977)
2025-05-07 14:24:01,250 - __main__ - INFO - cube_structure_item: CUBE_STRUCTURE_ITEM object (9978)
2025-05-07 14:24:01,250 - __main__ - INFO - cube_structure_item: CUBE_STRUCTURE_ITEM object (9979)
2025-05-07 14:24:01,251 - __main__ - INFO - cube_structure_item: CUBE_STRUCTURE_ITEM object (9981)
2025-05-07 14:24:01,251 - __main__ - INFO - cube_structure_item: CUBE_STRUCTURE_ITEM object (9984)
2025-05-07 14:24:01,251 - __main__ - INFO - cube_structure_item: CUBE_STRUCTURE_ITEM object (9985)
2025-05-07 14:24:01,251 - __main__ - INFO - cube_structure_item: CUBE_STRUCTURE_ITEM object (9990)
2025-05-07 14:24:01,252 - __main__ - INFO - cube_structure_item: CUBE_STRUCTURE_ITEM object (9993)
2025-05-07 14:24:01,252 - __main__ - INFO - cube_structure_item: CUBE_STRUCTURE_ITEM object (9999)
2025-05-07 14:24:01,252 - __main__ - INFO - cube_structure_item: CUBE_STRUCTURE_ITEM object (10000)
2025-05-07 14:24:01,252 - __main__ - INFO - cube_structure_item: CUBE_STRUCTURE_ITEM object (10005)
2025-05-07 14:24:01,253 - __main__ - INFO - cube_structure_item: CUBE_STRUCTURE_ITEM object (10009)
2025-05-07 14:24:01,253 - __main__ - INFO - cube_structure_item: CUBE_STRUCTURE_ITEM object (10011)
2025-05-07 14:24:01,253 - __main__ - INFO - cube_structure_item: CUBE_STRUCTURE_ITEM object (10012)
2025-05-07 14:24:01,253 - __main__ - INFO - cube_structure_item: CUBE_STRUCTURE_ITEM object (10013)
2025-05-07 14:24:01,254 - __main__ - INFO - cube_structure_item: CUBE_STRUCTURE_ITEM object (10020)
2025-05-07 14:24:01,254 - __main__ - INFO - cube_structure_item: CUBE_STRUCTURE_ITEM object (10021)
2025-05-07 14:24:01,254 - __main__ - INFO - cube_structure_item: CUBE_STRUCTURE_ITEM object (10024)
2025-05-07 14:24:01,254 - __main__ - INFO - cube_structure_item: CUBE_STRUCTURE_ITEM object (10025)
2025-05-07 14:24:01,255 - __main__ - INFO - cube_structure_item: CUBE_STRUCTURE_ITEM object (10026)
2025-05-07 14:24:01,255 - __main__ - INFO - cube_structure_item: CUBE_STRUCTURE_ITEM object (10029)
2025-05-07 14:24:01,255 - __main__ - INFO - cube_structure_item: CUBE_STRUCTURE_ITEM object (10030)
2025-05-07 14:24:01,255 - __main__ - INFO - cube_structure_item: CUBE_STRUCTURE_ITEM object (10032)
2025-05-07 14:24:01,255 - __main__ - INFO - cube_structure_item: CUBE_STRUCTURE_ITEM object (10033)
2025-05-07 14:24:01,256 - __main__ - INFO - cube_structure_item: CUBE_STRUCTURE_ITEM object (10053)
2025-05-07 14:24:01,256 - __main__ - INFO - cube_structure_item: CUBE_STRUCTURE_ITEM object (10056)
2025-05-07 14:24:01,256 - __main__ - INFO - cube_structure_item: CUBE_STRUCTURE_ITEM object (10057)
2025-05-07 14:24:01,256 - __main__ - INFO - cube_structure_item: CUBE_STRUCTURE_ITEM object (10062)
2025-05-07 14:24:01,257 - __main__ - INFO - cube_structure_item: CUBE_STRUCTURE_ITEM object (10066)
2025-05-07 14:24:01,257 - __main__ - INFO - cube_structure_item: CUBE_STRUCTURE_ITEM object (10069)
2025-05-07 14:24:01,257 - __main__ - INFO - cube_structure_item: CUBE_STRUCTURE_ITEM object (10070)
2025-05-07 14:24:01,257 - __main__ - INFO - cube_structure_item: CUBE_STRUCTURE_ITEM object (10071)
2025-05-07 14:24:01,257 - __main__ - INFO - cube_structure_item: CUBE_STRUCTURE_ITEM object (10073)
2025-05-07 14:24:01,258 - __main__ - INFO - cube_structure_item: CUBE_STRUCTURE_ITEM object (10075)
2025-05-07 14:24:01,258 - __main__ - INFO - cube_structure_item: CUBE_STRUCTURE_ITEM object (10081)
2025-05-07 14:24:01,258 - __main__ - INFO - cube_structure_item: CUBE_STRUCTURE_ITEM object (10082)
2025-05-07 14:24:01,258 - __main__ - INFO - cube_structure_item: CUBE_STRUCTURE_ITEM object (10084)
2025-05-07 14:24:01,258 - __main__ - INFO - cube_structure_item: CUBE_STRUCTURE_ITEM object (10085)
2025-05-07 14:24:01,258 - __main__ - INFO - cube_structure_item: CUBE_STRUCTURE_ITEM object (10092)
2025-05-07 14:24:01,259 - __main__ - INFO - cube_structure_item: CUBE_STRUCTURE_ITEM object (10094)
2025-05-07 14:24:01,259 - __main__ - INFO - cube_structure_item: CUBE_STRUCTURE_ITEM object (10105)
2025-05-07 14:24:01,259 - __main__ - INFO - cube_structure_item: CUBE_STRUCTURE_ITEM object (10107)
2025-05-07 14:24:01,259 - __main__ - INFO - cube_structure_item: CUBE_STRUCTURE_ITEM object (10108)
2025-05-07 14:24:01,260 - __main__ - INFO - cube_structure_item: CUBE_STRUCTURE_ITEM object (10115)
2025-05-07 14:24:01,260 - __main__ - INFO - cube_structure_item: CUBE_STRUCTURE_ITEM object (10117)
2025-05-07 14:24:01,260 - __main__ - INFO - cube_structure_item: CUBE_STRUCTURE_ITEM object (10127)
2025-05-07 14:24:01,260 - __main__ - INFO - cube_structure_item: CUBE_STRUCTURE_ITEM object (10128)
2025-05-07 14:24:01,260 - __main__ - INFO - cube_structure_item: CUBE_STRUCTURE_ITEM object (10137)
2025-05-07 14:24:01,261 - __main__ - INFO - cube_structure_item: CUBE_STRUCTURE_ITEM object (9965)
2025-05-07 14:24:01,261 - __main__ - INFO - cube_structure_item: CUBE_STRUCTURE_ITEM object (9967)
2025-05-07 14:24:01,261 - __main__ - INFO - cube_structure_item: CUBE_STRUCTURE_ITEM object (9977)
2025-05-07 14:24:01,261 - __main__ - INFO - cube_structure_item: CUBE_STRUCTURE_ITEM object (9978)
2025-05-07 14:24:01,262 - __main__ - INFO - cube_structure_item: CUBE_STRUCTURE_ITEM object (9979)
2025-05-07 14:24:01,262 - __main__ - INFO - cube_structure_item: CUBE_STRUCTURE_ITEM object (9981)
2025-05-07 14:24:01,262 - __main__ - INFO - cube_structure_item: CUBE_STRUCTURE_ITEM object (9984)
2025-05-07 14:24:01,262 - __main__ - INFO - cube_structure_item: CUBE_STRUCTURE_ITEM object (9985)
2025-05-07 14:24:01,262 - __main__ - INFO - cube_structure_item: CUBE_STRUCTURE_ITEM object (9990)
2025-05-07 14:24:01,262 - __main__ - INFO - cube_structure_item: CUBE_STRUCTURE_ITEM object (9993)
2025-05-07 14:24:01,263 - __main__ - INFO - cube_structure_item: CUBE_STRUCTURE_ITEM object (9999)
2025-05-07 14:24:01,263 - __main__ - INFO - cube_structure_item: CUBE_STRUCTURE_ITEM object (10000)
2025-05-07 14:24:01,263 - __main__ - INFO - cube_structure_item: CUBE_STRUCTURE_ITEM object (10005)
2025-05-07 14:24:01,263 - __main__ - INFO - cube_structure_item: CUBE_STRUCTURE_ITEM object (10009)
2025-05-07 14:24:01,264 - __main__ - INFO - cube_structure_item: CUBE_STRUCTURE_ITEM object (10011)
2025-05-07 14:24:01,264 - __main__ - INFO - cube_structure_item: CUBE_STRUCTURE_ITEM object (10012)
2025-05-07 14:24:01,264 - __main__ - INFO - cube_structure_item: CUBE_STRUCTURE_ITEM object (10013)
2025-05-07 14:24:01,264 - __main__ - INFO - cube_structure_item: CUBE_STRUCTURE_ITEM object (10020)
2025-05-07 14:24:01,265 - __main__ - INFO - cube_structure_item: CUBE_STRUCTURE_ITEM object (10021)
2025-05-07 14:24:01,265 - __main__ - INFO - cube_structure_item: CUBE_STRUCTURE_ITEM object (10024)
2025-05-07 14:24:01,265 - __main__ - INFO - cube_structure_item: CUBE_STRUCTURE_ITEM object (10025)
2025-05-07 14:24:01,266 - __main__ - INFO - cube_structure_item: CUBE_STRUCTURE_ITEM object (10026)
2025-05-07 14:24:01,266 - __main__ - INFO - cube_structure_item: CUBE_STRUCTURE_ITEM object (10029)
2025-05-07 14:24:01,266 - __main__ - INFO - cube_structure_item: CUBE_STRUCTURE_ITEM object (10030)
2025-05-07 14:24:01,266 - __main__ - INFO - cube_structure_item: CUBE_STRUCTURE_ITEM object (10032)
2025-05-07 14:24:01,267 - __main__ - INFO - cube_structure_item: CUBE_STRUCTURE_ITEM object (10033)
2025-05-07 14:24:01,267 - __main__ - INFO - cube_structure_item: CUBE_STRUCTURE_ITEM object (10053)
2025-05-07 14:24:01,267 - __main__ - INFO - cube_structure_item: CUBE_STRUCTURE_ITEM object (10056)
2025-05-07 14:24:01,267 - __main__ - INFO - cube_structure_item: CUBE_STRUCTURE_ITEM object (10057)
2025-05-07 14:24:01,268 - __main__ - INFO - cube_structure_item: CUBE_STRUCTURE_ITEM object (10062)
2025-05-07 14:24:01,268 - __main__ - INFO - cube_structure_item: CUBE_STRUCTURE_ITEM object (10066)
2025-05-07 14:24:01,268 - __main__ - INFO - cube_structure_item: CUBE_STRUCTURE_ITEM object (10069)
2025-05-07 14:24:01,268 - __main__ - INFO - cube_structure_item: CUBE_STRUCTURE_ITEM object (10070)
2025-05-07 14:24:01,269 - __main__ - INFO - cube_structure_item: CUBE_STRUCTURE_ITEM object (10071)
2025-05-07 14:24:01,269 - __main__ - INFO - cube_structure_item: CUBE_STRUCTURE_ITEM object (10073)
2025-05-07 14:24:01,269 - __main__ - INFO - cube_structure_item: CUBE_STRUCTURE_ITEM object (10075)
2025-05-07 14:24:01,270 - __main__ - INFO - cube_structure_item: CUBE_STRUCTURE_ITEM object (10081)
2025-05-07 14:24:01,270 - __main__ - INFO - cube_structure_item: CUBE_STRUCTURE_ITEM object (10082)
2025-05-07 14:24:01,270 - __main__ - INFO - cube_structure_item: CUBE_STRUCTURE_ITEM object (10084)
2025-05-07 14:24:01,270 - __main__ - INFO - cube_structure_item: CUBE_STRUCTURE_ITEM object (10085)
2025-05-07 14:24:01,271 - __main__ - INFO - cube_structure_item: CUBE_STRUCTURE_ITEM object (10092)
2025-05-07 14:24:01,271 - __main__ - INFO - cube_structure_item: CUBE_STRUCTURE_ITEM object (10094)
2025-05-07 14:24:01,271 - __main__ - INFO - cube_structure_item: CUBE_STRUCTURE_ITEM object (10105)
2025-05-07 14:24:01,271 - __main__ - INFO - cube_structure_item: CUBE_STRUCTURE_ITEM object (10107)
2025-05-07 14:24:01,272 - __main__ - INFO - cube_structure_item: CUBE_STRUCTURE_ITEM object (10108)
2025-05-07 14:24:01,272 - __main__ - INFO - cube_structure_item: CUBE_STRUCTURE_ITEM object (10115)
2025-05-07 14:24:01,272 - __main__ - INFO - cube_structure_item: CUBE_STRUCTURE_ITEM object (10117)
2025-05-07 14:24:01,272 - __main__ - INFO - cube_structure_item: CUBE_STRUCTURE_ITEM object (10127)
2025-05-07 14:24:01,273 - __main__ - INFO - cube_structure_item: CUBE_STRUCTURE_ITEM object (10128)
2025-05-07 14:24:01,273 - __main__ - INFO - cube_structure_item: CUBE_STRUCTURE_ITEM object (10137)
2025-05-07 14:24:01,273 - __main__ - INFO - {'ANCRDT_INSTRMNT_C_1:Loans and advances': [<CUBE_LINK: CUBE_LINK object (INSTRMNT:Loans and advances:ANCRDT_INSTRMNT_C_1)>, <CUBE_LINK: CUBE_LINK object (INSTRMNT_RL:Loans and advances:ANCRDT_INSTRMNT_C_1)>, <CUBE_LINK: CUBE_LINK object (CLLTRL:Loans and advances:ANCRDT_INSTRMNT_C_1)>]}
2025-05-07 14:24:01,369 - __main__ - INFO - cube_structure_item: CUBE_STRUCTURE_ITEM object (9965)
2025-05-07 14:24:01,369 - __main__ - INFO - cube_structure_item: CUBE_STRUCTURE_ITEM object (9967)
2025-05-07 14:24:01,370 - __main__ - INFO - cube_structure_item: CUBE_STRUCTURE_ITEM object (9977)
2025-05-07 14:24:01,370 - __main__ - INFO - cube_structure_item: CUBE_STRUCTURE_ITEM object (9978)
2025-05-07 14:24:01,370 - __main__ - INFO - cube_structure_item: CUBE_STRUCTURE_ITEM object (9979)
2025-05-07 14:24:01,370 - __main__ - INFO - cube_structure_item: CUBE_STRUCTURE_ITEM object (9981)
2025-05-07 14:24:01,371 - __main__ - INFO - cube_structure_item: CUBE_STRUCTURE_ITEM object (9984)
2025-05-07 14:24:01,371 - __main__ - INFO - cube_structure_item: CUBE_STRUCTURE_ITEM object (9985)
2025-05-07 14:24:01,371 - __main__ - INFO - cube_structure_item: CUBE_STRUCTURE_ITEM object (9990)
2025-05-07 14:24:01,371 - __main__ - INFO - cube_structure_item: CUBE_STRUCTURE_ITEM object (9993)
2025-05-07 14:24:01,372 - __main__ - INFO - cube_structure_item: CUBE_STRUCTURE_ITEM object (9999)
2025-05-07 14:24:01,372 - __main__ - INFO - cube_structure_item: CUBE_STRUCTURE_ITEM object (10000)
2025-05-07 14:24:01,372 - __main__ - INFO - cube_structure_item: CUBE_STRUCTURE_ITEM object (10005)
2025-05-07 14:24:01,372 - __main__ - INFO - cube_structure_item: CUBE_STRUCTURE_ITEM object (10009)
2025-05-07 14:24:01,372 - __main__ - INFO - cube_structure_item: CUBE_STRUCTURE_ITEM object (10011)
2025-05-07 14:24:01,373 - __main__ - INFO - cube_structure_item: CUBE_STRUCTURE_ITEM object (10012)
2025-05-07 14:24:01,373 - __main__ - INFO - cube_structure_item: CUBE_STRUCTURE_ITEM object (10013)
2025-05-07 14:24:01,373 - __main__ - INFO - cube_structure_item: CUBE_STRUCTURE_ITEM object (10020)
2025-05-07 14:24:01,373 - __main__ - INFO - cube_structure_item: CUBE_STRUCTURE_ITEM object (10021)
2025-05-07 14:24:01,374 - __main__ - INFO - cube_structure_item: CUBE_STRUCTURE_ITEM object (10024)
2025-05-07 14:24:01,374 - __main__ - INFO - cube_structure_item: CUBE_STRUCTURE_ITEM object (10025)
2025-05-07 14:24:01,374 - __main__ - INFO - cube_structure_item: CUBE_STRUCTURE_ITEM object (10026)
2025-05-07 14:24:01,374 - __main__ - INFO - cube_structure_item: CUBE_STRUCTURE_ITEM object (10029)
2025-05-07 14:24:01,375 - __main__ - INFO - cube_structure_item: CUBE_STRUCTURE_ITEM object (10030)
2025-05-07 14:24:01,375 - __main__ - INFO - cube_structure_item: CUBE_STRUCTURE_ITEM object (10032)
2025-05-07 14:24:01,375 - __main__ - INFO - cube_structure_item: CUBE_STRUCTURE_ITEM object (10033)
2025-05-07 14:24:01,375 - __main__ - INFO - cube_structure_item: CUBE_STRUCTURE_ITEM object (10053)
2025-05-07 14:24:01,375 - __main__ - INFO - cube_structure_item: CUBE_STRUCTURE_ITEM object (10056)
2025-05-07 14:24:01,375 - __main__ - INFO - cube_structure_item: CUBE_STRUCTURE_ITEM object (10057)
2025-05-07 14:24:01,376 - __main__ - INFO - cube_structure_item: CUBE_STRUCTURE_ITEM object (10062)
2025-05-07 14:24:01,376 - __main__ - INFO - cube_structure_item: CUBE_STRUCTURE_ITEM object (10066)
2025-05-07 14:24:01,376 - __main__ - INFO - cube_structure_item: CUBE_STRUCTURE_ITEM object (10069)
2025-05-07 14:24:01,376 - __main__ - INFO - cube_structure_item: CUBE_STRUCTURE_ITEM object (10070)
2025-05-07 14:24:01,377 - __main__ - INFO - cube_structure_item: CUBE_STRUCTURE_ITEM object (10071)
2025-05-07 14:24:01,377 - __main__ - INFO - cube_structure_item: CUBE_STRUCTURE_ITEM object (10073)
2025-05-07 14:24:01,377 - __main__ - INFO - cube_structure_item: CUBE_STRUCTURE_ITEM object (10075)
2025-05-07 14:24:01,377 - __main__ - INFO - cube_structure_item: CUBE_STRUCTURE_ITEM object (10081)
2025-05-07 14:24:01,378 - __main__ - INFO - cube_structure_item: CUBE_STRUCTURE_ITEM object (10082)
2025-05-07 14:24:01,378 - __main__ - INFO - cube_structure_item: CUBE_STRUCTURE_ITEM object (10084)
2025-05-07 14:24:01,378 - __main__ - INFO - cube_structure_item: CUBE_STRUCTURE_ITEM object (10085)
2025-05-07 14:24:01,378 - __main__ - INFO - cube_structure_item: CUBE_STRUCTURE_ITEM object (10092)
2025-05-07 14:24:01,378 - __main__ - INFO - cube_structure_item: CUBE_STRUCTURE_ITEM object (10094)
2025-05-07 14:24:01,379 - __main__ - INFO - cube_structure_item: CUBE_STRUCTURE_ITEM object (10105)
2025-05-07 14:24:01,379 - __main__ - INFO - cube_structure_item: CUBE_STRUCTURE_ITEM object (10107)
2025-05-07 14:24:01,379 - __main__ - INFO - cube_structure_item: CUBE_STRUCTURE_ITEM object (10108)
2025-05-07 14:24:01,379 - __main__ - INFO - cube_structure_item: CUBE_STRUCTURE_ITEM object (10115)
2025-05-07 14:24:01,380 - __main__ - INFO - cube_structure_item: CUBE_STRUCTURE_ITEM object (10117)
2025-05-07 14:24:01,380 - __main__ - INFO - cube_structure_item: CUBE_STRUCTURE_ITEM object (10127)
2025-05-07 14:24:01,380 - __main__ - INFO - cube_structure_item: CUBE_STRUCTURE_ITEM object (10128)
2025-05-07 14:24:01,380 - __main__ - INFO - cube_structure_item: CUBE_STRUCTURE_ITEM object (10137)
2025-05-07 14:24:03,258 - __main__ - INFO - cube_structure_item: CUBE_STRUCTURE_ITEM object (9965)
2025-05-07 14:24:03,259 - __main__ - INFO - cube_structure_item: CUBE_STRUCTURE_ITEM object (9967)
2025-05-07 14:24:03,259 - __main__ - INFO - cube_structure_item: CUBE_STRUCTURE_ITEM object (9977)
2025-05-07 14:24:03,259 - __main__ - INFO - cube_structure_item: CUBE_STRUCTURE_ITEM object (9978)
2025-05-07 14:24:03,259 - __main__ - INFO - cube_structure_item: CUBE_STRUCTURE_ITEM object (9979)
2025-05-07 14:24:03,260 - __main__ - INFO - cube_structure_item: CUBE_STRUCTURE_ITEM object (9981)
2025-05-07 14:24:03,260 - __main__ - INFO - cube_structure_item: CUBE_STRUCTURE_ITEM object (9984)
2025-05-07 14:24:03,260 - __main__ - INFO - cube_structure_item: CUBE_STRUCTURE_ITEM object (9985)
2025-05-07 14:24:03,260 - __main__ - INFO - cube_structure_item: CUBE_STRUCTURE_ITEM object (9990)
2025-05-07 14:24:03,260 - __main__ - INFO - cube_structure_item: CUBE_STRUCTURE_ITEM object (9993)
2025-05-07 14:24:03,261 - __main__ - INFO - cube_structure_item: CUBE_STRUCTURE_ITEM object (9999)
2025-05-07 14:24:03,261 - __main__ - INFO - cube_structure_item: CUBE_STRUCTURE_ITEM object (10000)
2025-05-07 14:24:03,261 - __main__ - INFO - cube_structure_item: CUBE_STRUCTURE_ITEM object (10005)
2025-05-07 14:24:03,261 - __main__ - INFO - cube_structure_item: CUBE_STRUCTURE_ITEM object (10009)
2025-05-07 14:24:03,262 - __main__ - INFO - cube_structure_item: CUBE_STRUCTURE_ITEM object (10011)
2025-05-07 14:24:03,262 - __main__ - INFO - cube_structure_item: CUBE_STRUCTURE_ITEM object (10012)
2025-05-07 14:24:03,262 - __main__ - INFO - cube_structure_item: CUBE_STRUCTURE_ITEM object (10013)
2025-05-07 14:24:03,262 - __main__ - INFO - cube_structure_item: CUBE_STRUCTURE_ITEM object (10020)
2025-05-07 14:24:03,262 - __main__ - INFO - cube_structure_item: CUBE_STRUCTURE_ITEM object (10021)
2025-05-07 14:24:03,263 - __main__ - INFO - cube_structure_item: CUBE_STRUCTURE_ITEM object (10024)
2025-05-07 14:24:03,263 - __main__ - INFO - cube_structure_item: CUBE_STRUCTURE_ITEM object (10025)
2025-05-07 14:24:03,263 - __main__ - INFO - cube_structure_item: CUBE_STRUCTURE_ITEM object (10026)
2025-05-07 14:24:03,263 - __main__ - INFO - cube_structure_item: CUBE_STRUCTURE_ITEM object (10029)
2025-05-07 14:24:03,264 - __main__ - INFO - cube_structure_item: CUBE_STRUCTURE_ITEM object (10030)
2025-05-07 14:24:03,264 - __main__ - INFO - cube_structure_item: CUBE_STRUCTURE_ITEM object (10032)
2025-05-07 14:24:03,264 - __main__ - INFO - cube_structure_item: CUBE_STRUCTURE_ITEM object (10033)
2025-05-07 14:24:03,265 - __main__ - INFO - cube_structure_item: CUBE_STRUCTURE_ITEM object (10053)
2025-05-07 14:24:03,265 - __main__ - INFO - cube_structure_item: CUBE_STRUCTURE_ITEM object (10056)
2025-05-07 14:24:03,265 - __main__ - INFO - cube_structure_item: CUBE_STRUCTURE_ITEM object (10057)
2025-05-07 14:24:03,266 - __main__ - INFO - cube_structure_item: CUBE_STRUCTURE_ITEM object (10062)
2025-05-07 14:24:03,266 - __main__ - INFO - cube_structure_item: CUBE_STRUCTURE_ITEM object (10066)
2025-05-07 14:24:03,266 - __main__ - INFO - cube_structure_item: CUBE_STRUCTURE_ITEM object (10069)
2025-05-07 14:24:03,267 - __main__ - INFO - cube_structure_item: CUBE_STRUCTURE_ITEM object (10070)
2025-05-07 14:24:03,267 - __main__ - INFO - cube_structure_item: CUBE_STRUCTURE_ITEM object (10071)
2025-05-07 14:24:03,267 - __main__ - INFO - cube_structure_item: CUBE_STRUCTURE_ITEM object (10073)
2025-05-07 14:24:03,267 - __main__ - INFO - cube_structure_item: CUBE_STRUCTURE_ITEM object (10075)
2025-05-07 14:24:03,268 - __main__ - INFO - cube_structure_item: CUBE_STRUCTURE_ITEM object (10081)
2025-05-07 14:24:03,269 - __main__ - INFO - cube_structure_item: CUBE_STRUCTURE_ITEM object (10082)
2025-05-07 14:24:03,269 - __main__ - INFO - cube_structure_item: CUBE_STRUCTURE_ITEM object (10084)
2025-05-07 14:24:03,269 - __main__ - INFO - cube_structure_item: CUBE_STRUCTURE_ITEM object (10085)
2025-05-07 14:24:03,270 - __main__ - INFO - cube_structure_item: CUBE_STRUCTURE_ITEM object (10092)
2025-05-07 14:24:03,270 - __main__ - INFO - cube_structure_item: CUBE_STRUCTURE_ITEM object (10094)
2025-05-07 14:24:03,270 - __main__ - INFO - cube_structure_item: CUBE_STRUCTURE_ITEM object (10105)
2025-05-07 14:24:03,271 - __main__ - INFO - cube_structure_item: CUBE_STRUCTURE_ITEM object (10107)
2025-05-07 14:24:03,271 - __main__ - INFO - cube_structure_item: CUBE_STRUCTURE_ITEM object (10108)
2025-05-07 14:24:03,271 - __main__ - INFO - cube_structure_item: CUBE_STRUCTURE_ITEM object (10115)
2025-05-07 14:24:03,271 - __main__ - INFO - cube_structure_item: CUBE_STRUCTURE_ITEM object (10117)
2025-05-07 14:24:03,272 - __main__ - INFO - cube_structure_item: CUBE_STRUCTURE_ITEM object (10127)
2025-05-07 14:24:03,272 - __main__ - INFO - cube_structure_item: CUBE_STRUCTURE_ITEM object (10128)
2025-05-07 14:24:03,272 - __main__ - INFO - cube_structure_item: CUBE_STRUCTURE_ITEM object (10137)
2025-05-07 14:24:11,793 - __main__ - INFO - Django configured successfully with settings module: birds_nest.settings
2025-05-07 14:24:17,843 - __main__ - INFO - rolc_id: ANCRDT_INSTRMNT_C_1
2025-05-07 14:24:17,844 - __main__ - INFO - cube_structure_item: CUBE_STRUCTURE_ITEM object (9965)
2025-05-07 14:24:17,848 - __main__ - INFO - cube_structure_item: CUBE_STRUCTURE_ITEM object (9967)
2025-05-07 14:24:17,852 - __main__ - INFO - cube_structure_item: CUBE_STRUCTURE_ITEM object (9977)
2025-05-07 14:24:17,856 - __main__ - INFO - cube_structure_item: CUBE_STRUCTURE_ITEM object (9978)
2025-05-07 14:24:17,860 - __main__ - INFO - cube_structure_item: CUBE_STRUCTURE_ITEM object (9979)
2025-05-07 14:24:17,864 - __main__ - INFO - cube_structure_item: CUBE_STRUCTURE_ITEM object (9981)
2025-05-07 14:24:17,869 - __main__ - INFO - cube_structure_item: CUBE_STRUCTURE_ITEM object (9984)
2025-05-07 14:24:17,874 - __main__ - INFO - cube_structure_item: CUBE_STRUCTURE_ITEM object (9985)
2025-05-07 14:24:17,879 - __main__ - INFO - cube_structure_item: CUBE_STRUCTURE_ITEM object (9990)
2025-05-07 14:24:17,885 - __main__ - INFO - cube_structure_item: CUBE_STRUCTURE_ITEM object (9993)
2025-05-07 14:24:17,890 - __main__ - INFO - cube_structure_item: CUBE_STRUCTURE_ITEM object (9999)
2025-05-07 14:24:17,895 - __main__ - INFO - cube_structure_item: CUBE_STRUCTURE_ITEM object (10000)
2025-05-07 14:24:17,900 - __main__ - INFO - cube_structure_item: CUBE_STRUCTURE_ITEM object (10005)
2025-05-07 14:24:17,904 - __main__ - INFO - cube_structure_item: CUBE_STRUCTURE_ITEM object (10009)
2025-05-07 14:24:17,908 - __main__ - INFO - cube_structure_item: CUBE_STRUCTURE_ITEM object (10011)
2025-05-07 14:24:17,913 - __main__ - INFO - cube_structure_item: CUBE_STRUCTURE_ITEM object (10012)
2025-05-07 14:24:17,918 - __main__ - INFO - cube_structure_item: CUBE_STRUCTURE_ITEM object (10013)
2025-05-07 14:24:17,923 - __main__ - INFO - cube_structure_item: CUBE_STRUCTURE_ITEM object (10020)
2025-05-07 14:24:17,933 - __main__ - INFO - cube_structure_item: CUBE_STRUCTURE_ITEM object (10021)
2025-05-07 14:24:17,945 - __main__ - INFO - cube_structure_item: CUBE_STRUCTURE_ITEM object (10024)
2025-05-07 14:24:17,954 - __main__ - INFO - cube_structure_item: CUBE_STRUCTURE_ITEM object (10025)
2025-05-07 14:24:17,960 - __main__ - INFO - cube_structure_item: CUBE_STRUCTURE_ITEM object (10026)
2025-05-07 14:24:17,965 - __main__ - INFO - cube_structure_item: CUBE_STRUCTURE_ITEM object (10029)
2025-05-07 14:24:17,972 - __main__ - INFO - cube_structure_item: CUBE_STRUCTURE_ITEM object (10030)
2025-05-07 14:24:17,977 - __main__ - INFO - cube_structure_item: CUBE_STRUCTURE_ITEM object (10032)
2025-05-07 14:24:17,983 - __main__ - INFO - cube_structure_item: CUBE_STRUCTURE_ITEM object (10033)
2025-05-07 14:24:17,987 - __main__ - INFO - cube_structure_item: CUBE_STRUCTURE_ITEM object (10053)
2025-05-07 14:24:17,992 - __main__ - INFO - cube_structure_item: CUBE_STRUCTURE_ITEM object (10056)
2025-05-07 14:24:17,997 - __main__ - INFO - cube_structure_item: CUBE_STRUCTURE_ITEM object (10057)
2025-05-07 14:24:18,001 - __main__ - INFO - cube_structure_item: CUBE_STRUCTURE_ITEM object (10062)
2025-05-07 14:24:18,006 - __main__ - INFO - cube_structure_item: CUBE_STRUCTURE_ITEM object (10066)
2025-05-07 14:24:18,011 - __main__ - INFO - cube_structure_item: CUBE_STRUCTURE_ITEM object (10069)
2025-05-07 14:24:18,016 - __main__ - INFO - cube_structure_item: CUBE_STRUCTURE_ITEM object (10070)
2025-05-07 14:24:18,021 - __main__ - INFO - cube_structure_item: CUBE_STRUCTURE_ITEM object (10071)
2025-05-07 14:24:18,027 - __main__ - INFO - cube_structure_item: CUBE_STRUCTURE_ITEM object (10073)
2025-05-07 14:24:18,032 - __main__ - INFO - cube_structure_item: CUBE_STRUCTURE_ITEM object (10075)
2025-05-07 14:24:18,036 - __main__ - INFO - cube_structure_item: CUBE_STRUCTURE_ITEM object (10081)
2025-05-07 14:24:18,041 - __main__ - INFO - cube_structure_item: CUBE_STRUCTURE_ITEM object (10082)
2025-05-07 14:24:18,045 - __main__ - INFO - cube_structure_item: CUBE_STRUCTURE_ITEM object (10084)
2025-05-07 14:24:18,050 - __main__ - INFO - cube_structure_item: CUBE_STRUCTURE_ITEM object (10085)
2025-05-07 14:24:18,053 - __main__ - INFO - cube_structure_item: CUBE_STRUCTURE_ITEM object (10092)
2025-05-07 14:24:18,057 - __main__ - INFO - cube_structure_item: CUBE_STRUCTURE_ITEM object (10094)
2025-05-07 14:24:18,061 - __main__ - INFO - cube_structure_item: CUBE_STRUCTURE_ITEM object (10105)
2025-05-07 14:24:18,064 - __main__ - INFO - cube_structure_item: CUBE_STRUCTURE_ITEM object (10107)
2025-05-07 14:24:18,067 - __main__ - INFO - cube_structure_item: CUBE_STRUCTURE_ITEM object (10108)
2025-05-07 14:24:18,071 - __main__ - INFO - cube_structure_item: CUBE_STRUCTURE_ITEM object (10115)
2025-05-07 14:24:18,077 - __main__ - INFO - cube_structure_item: CUBE_STRUCTURE_ITEM object (10117)
2025-05-07 14:24:18,085 - __main__ - INFO - cube_structure_item: CUBE_STRUCTURE_ITEM object (10127)
2025-05-07 14:24:18,091 - __main__ - INFO - cube_structure_item: CUBE_STRUCTURE_ITEM object (10128)
2025-05-07 14:24:18,095 - __main__ - INFO - cube_structure_item: CUBE_STRUCTURE_ITEM object (10137)
2025-05-07 14:24:18,105 - __main__ - INFO - cube_structure_item: CUBE_STRUCTURE_ITEM object (9965)
2025-05-07 14:24:18,105 - __main__ - INFO - cube_structure_item: CUBE_STRUCTURE_ITEM object (9967)
2025-05-07 14:24:18,106 - __main__ - INFO - cube_structure_item: CUBE_STRUCTURE_ITEM object (9977)
2025-05-07 14:24:18,106 - __main__ - INFO - cube_structure_item: CUBE_STRUCTURE_ITEM object (9978)
2025-05-07 14:24:18,106 - __main__ - INFO - cube_structure_item: CUBE_STRUCTURE_ITEM object (9979)
2025-05-07 14:24:18,108 - __main__ - INFO - cube_structure_item: CUBE_STRUCTURE_ITEM object (9981)
2025-05-07 14:24:18,108 - __main__ - INFO - cube_structure_item: CUBE_STRUCTURE_ITEM object (9984)
2025-05-07 14:24:18,108 - __main__ - INFO - cube_structure_item: CUBE_STRUCTURE_ITEM object (9985)
2025-05-07 14:24:18,109 - __main__ - INFO - cube_structure_item: CUBE_STRUCTURE_ITEM object (9990)
2025-05-07 14:24:18,109 - __main__ - INFO - cube_structure_item: CUBE_STRUCTURE_ITEM object (9993)
2025-05-07 14:24:18,109 - __main__ - INFO - cube_structure_item: CUBE_STRUCTURE_ITEM object (9999)
2025-05-07 14:24:18,109 - __main__ - INFO - cube_structure_item: CUBE_STRUCTURE_ITEM object (10000)
2025-05-07 14:24:18,111 - __main__ - INFO - cube_structure_item: CUBE_STRUCTURE_ITEM object (10005)
2025-05-07 14:24:18,111 - __main__ - INFO - cube_structure_item: CUBE_STRUCTURE_ITEM object (10009)
2025-05-07 14:24:18,111 - __main__ - INFO - cube_structure_item: CUBE_STRUCTURE_ITEM object (10011)
2025-05-07 14:24:18,112 - __main__ - INFO - cube_structure_item: CUBE_STRUCTURE_ITEM object (10012)
2025-05-07 14:24:18,112 - __main__ - INFO - cube_structure_item: CUBE_STRUCTURE_ITEM object (10013)
2025-05-07 14:24:18,112 - __main__ - INFO - cube_structure_item: CUBE_STRUCTURE_ITEM object (10020)
2025-05-07 14:24:18,112 - __main__ - INFO - cube_structure_item: CUBE_STRUCTURE_ITEM object (10021)
2025-05-07 14:24:18,115 - __main__ - INFO - cube_structure_item: CUBE_STRUCTURE_ITEM object (10024)
2025-05-07 14:24:18,115 - __main__ - INFO - cube_structure_item: CUBE_STRUCTURE_ITEM object (10025)
2025-05-07 14:24:18,115 - __main__ - INFO - cube_structure_item: CUBE_STRUCTURE_ITEM object (10026)
2025-05-07 14:24:18,115 - __main__ - INFO - cube_structure_item: CUBE_STRUCTURE_ITEM object (10029)
2025-05-07 14:24:18,116 - __main__ - INFO - cube_structure_item: CUBE_STRUCTURE_ITEM object (10030)
2025-05-07 14:24:18,116 - __main__ - INFO - cube_structure_item: CUBE_STRUCTURE_ITEM object (10032)
2025-05-07 14:24:18,116 - __main__ - INFO - cube_structure_item: CUBE_STRUCTURE_ITEM object (10033)
2025-05-07 14:24:18,116 - __main__ - INFO - cube_structure_item: CUBE_STRUCTURE_ITEM object (10053)
2025-05-07 14:24:18,116 - __main__ - INFO - cube_structure_item: CUBE_STRUCTURE_ITEM object (10056)
2025-05-07 14:24:18,117 - __main__ - INFO - cube_structure_item: CUBE_STRUCTURE_ITEM object (10057)
2025-05-07 14:24:18,117 - __main__ - INFO - cube_structure_item: CUBE_STRUCTURE_ITEM object (10062)
2025-05-07 14:24:18,117 - __main__ - INFO - cube_structure_item: CUBE_STRUCTURE_ITEM object (10066)
2025-05-07 14:24:18,117 - __main__ - INFO - cube_structure_item: CUBE_STRUCTURE_ITEM object (10069)
2025-05-07 14:24:18,117 - __main__ - INFO - cube_structure_item: CUBE_STRUCTURE_ITEM object (10070)
2025-05-07 14:24:18,120 - __main__ - INFO - cube_structure_item: CUBE_STRUCTURE_ITEM object (10071)
2025-05-07 14:24:18,120 - __main__ - INFO - cube_structure_item: CUBE_STRUCTURE_ITEM object (10073)
2025-05-07 14:24:18,120 - __main__ - INFO - cube_structure_item: CUBE_STRUCTURE_ITEM object (10075)
2025-05-07 14:24:18,121 - __main__ - INFO - cube_structure_item: CUBE_STRUCTURE_ITEM object (10081)
2025-05-07 14:24:18,121 - __main__ - INFO - cube_structure_item: CUBE_STRUCTURE_ITEM object (10082)
2025-05-07 14:24:18,121 - __main__ - INFO - cube_structure_item: CUBE_STRUCTURE_ITEM object (10084)
2025-05-07 14:24:18,121 - __main__ - INFO - cube_structure_item: CUBE_STRUCTURE_ITEM object (10085)
2025-05-07 14:24:18,121 - __main__ - INFO - cube_structure_item: CUBE_STRUCTURE_ITEM object (10092)
2025-05-07 14:24:18,121 - __main__ - INFO - cube_structure_item: CUBE_STRUCTURE_ITEM object (10094)
2025-05-07 14:24:18,122 - __main__ - INFO - cube_structure_item: CUBE_STRUCTURE_ITEM object (10105)
2025-05-07 14:24:18,122 - __main__ - INFO - cube_structure_item: CUBE_STRUCTURE_ITEM object (10107)
2025-05-07 14:24:18,122 - __main__ - INFO - cube_structure_item: CUBE_STRUCTURE_ITEM object (10108)
2025-05-07 14:24:18,122 - __main__ - INFO - cube_structure_item: CUBE_STRUCTURE_ITEM object (10115)
2025-05-07 14:24:18,122 - __main__ - INFO - cube_structure_item: CUBE_STRUCTURE_ITEM object (10117)
2025-05-07 14:24:18,125 - __main__ - INFO - cube_structure_item: CUBE_STRUCTURE_ITEM object (10127)
2025-05-07 14:24:18,125 - __main__ - INFO - cube_structure_item: CUBE_STRUCTURE_ITEM object (10128)
2025-05-07 14:24:18,125 - __main__ - INFO - cube_structure_item: CUBE_STRUCTURE_ITEM object (10137)
2025-05-07 14:24:18,125 - __main__ - INFO - cube_structure_item: CUBE_STRUCTURE_ITEM object (9965)
2025-05-07 14:24:18,126 - __main__ - INFO - cube_structure_item: CUBE_STRUCTURE_ITEM object (9967)
2025-05-07 14:24:18,126 - __main__ - INFO - cube_structure_item: CUBE_STRUCTURE_ITEM object (9977)
2025-05-07 14:24:18,126 - __main__ - INFO - cube_structure_item: CUBE_STRUCTURE_ITEM object (9978)
2025-05-07 14:24:18,126 - __main__ - INFO - cube_structure_item: CUBE_STRUCTURE_ITEM object (9979)
2025-05-07 14:24:18,126 - __main__ - INFO - cube_structure_item: CUBE_STRUCTURE_ITEM object (9981)
2025-05-07 14:24:18,127 - __main__ - INFO - cube_structure_item: CUBE_STRUCTURE_ITEM object (9984)
2025-05-07 14:24:18,127 - __main__ - INFO - cube_structure_item: CUBE_STRUCTURE_ITEM object (9985)
2025-05-07 14:24:18,127 - __main__ - INFO - cube_structure_item: CUBE_STRUCTURE_ITEM object (9990)
2025-05-07 14:24:18,127 - __main__ - INFO - cube_structure_item: CUBE_STRUCTURE_ITEM object (9993)
2025-05-07 14:24:18,130 - __main__ - INFO - cube_structure_item: CUBE_STRUCTURE_ITEM object (9999)
2025-05-07 14:24:18,130 - __main__ - INFO - cube_structure_item: CUBE_STRUCTURE_ITEM object (10000)
2025-05-07 14:24:18,130 - __main__ - INFO - cube_structure_item: CUBE_STRUCTURE_ITEM object (10005)
2025-05-07 14:24:18,130 - __main__ - INFO - cube_structure_item: CUBE_STRUCTURE_ITEM object (10009)
2025-05-07 14:24:18,131 - __main__ - INFO - cube_structure_item: CUBE_STRUCTURE_ITEM object (10011)
2025-05-07 14:24:18,131 - __main__ - INFO - cube_structure_item: CUBE_STRUCTURE_ITEM object (10012)
2025-05-07 14:24:18,131 - __main__ - INFO - cube_structure_item: CUBE_STRUCTURE_ITEM object (10013)
2025-05-07 14:24:18,131 - __main__ - INFO - cube_structure_item: CUBE_STRUCTURE_ITEM object (10020)
2025-05-07 14:24:18,131 - __main__ - INFO - cube_structure_item: CUBE_STRUCTURE_ITEM object (10021)
2025-05-07 14:24:18,132 - __main__ - INFO - cube_structure_item: CUBE_STRUCTURE_ITEM object (10024)
2025-05-07 14:24:18,132 - __main__ - INFO - cube_structure_item: CUBE_STRUCTURE_ITEM object (10025)
2025-05-07 14:24:18,132 - __main__ - INFO - cube_structure_item: CUBE_STRUCTURE_ITEM object (10026)
2025-05-07 14:24:18,132 - __main__ - INFO - cube_structure_item: CUBE_STRUCTURE_ITEM object (10029)
2025-05-07 14:24:18,132 - __main__ - INFO - cube_structure_item: CUBE_STRUCTURE_ITEM object (10030)
2025-05-07 14:24:18,132 - __main__ - INFO - cube_structure_item: CUBE_STRUCTURE_ITEM object (10032)
2025-05-07 14:24:18,133 - __main__ - INFO - cube_structure_item: CUBE_STRUCTURE_ITEM object (10033)
2025-05-07 14:24:18,136 - __main__ - INFO - cube_structure_item: CUBE_STRUCTURE_ITEM object (10053)
2025-05-07 14:24:18,136 - __main__ - INFO - cube_structure_item: CUBE_STRUCTURE_ITEM object (10056)
2025-05-07 14:24:18,136 - __main__ - INFO - cube_structure_item: CUBE_STRUCTURE_ITEM object (10057)
2025-05-07 14:24:18,136 - __main__ - INFO - cube_structure_item: CUBE_STRUCTURE_ITEM object (10062)
2025-05-07 14:24:18,137 - __main__ - INFO - cube_structure_item: CUBE_STRUCTURE_ITEM object (10066)
2025-05-07 14:24:18,137 - __main__ - INFO - cube_structure_item: CUBE_STRUCTURE_ITEM object (10069)
2025-05-07 14:24:18,137 - __main__ - INFO - cube_structure_item: CUBE_STRUCTURE_ITEM object (10070)
2025-05-07 14:24:18,137 - __main__ - INFO - cube_structure_item: CUBE_STRUCTURE_ITEM object (10071)
2025-05-07 14:24:18,137 - __main__ - INFO - cube_structure_item: CUBE_STRUCTURE_ITEM object (10073)
2025-05-07 14:24:18,137 - __main__ - INFO - cube_structure_item: CUBE_STRUCTURE_ITEM object (10075)
2025-05-07 14:24:18,138 - __main__ - INFO - cube_structure_item: CUBE_STRUCTURE_ITEM object (10081)
2025-05-07 14:24:18,138 - __main__ - INFO - cube_structure_item: CUBE_STRUCTURE_ITEM object (10082)
2025-05-07 14:24:18,138 - __main__ - INFO - cube_structure_item: CUBE_STRUCTURE_ITEM object (10084)
2025-05-07 14:24:18,138 - __main__ - INFO - cube_structure_item: CUBE_STRUCTURE_ITEM object (10085)
2025-05-07 14:24:18,138 - __main__ - INFO - cube_structure_item: CUBE_STRUCTURE_ITEM object (10092)
2025-05-07 14:24:18,138 - __main__ - INFO - cube_structure_item: CUBE_STRUCTURE_ITEM object (10094)
2025-05-07 14:24:18,139 - __main__ - INFO - cube_structure_item: CUBE_STRUCTURE_ITEM object (10105)
2025-05-07 14:24:18,142 - __main__ - INFO - cube_structure_item: CUBE_STRUCTURE_ITEM object (10107)
2025-05-07 14:24:18,142 - __main__ - INFO - cube_structure_item: CUBE_STRUCTURE_ITEM object (10108)
2025-05-07 14:24:18,142 - __main__ - INFO - cube_structure_item: CUBE_STRUCTURE_ITEM object (10115)
2025-05-07 14:24:18,142 - __main__ - INFO - cube_structure_item: CUBE_STRUCTURE_ITEM object (10117)
2025-05-07 14:24:18,143 - __main__ - INFO - cube_structure_item: CUBE_STRUCTURE_ITEM object (10127)
2025-05-07 14:24:18,143 - __main__ - INFO - cube_structure_item: CUBE_STRUCTURE_ITEM object (10128)
2025-05-07 14:24:18,143 - __main__ - INFO - cube_structure_item: CUBE_STRUCTURE_ITEM object (10137)
2025-05-07 14:24:18,143 - __main__ - INFO - {'ANCRDT_INSTRMNT_C_1:Loans and advances': [<CUBE_LINK: CUBE_LINK object (INSTRMNT:Loans and advances:ANCRDT_INSTRMNT_C_1)>, <CUBE_LINK: CUBE_LINK object (INSTRMNT_RL:Loans and advances:ANCRDT_INSTRMNT_C_1)>, <CUBE_LINK: CUBE_LINK object (CLLTRL:Loans and advances:ANCRDT_INSTRMNT_C_1)>]}
2025-05-07 14:24:18,264 - __main__ - INFO - cube_structure_item: CUBE_STRUCTURE_ITEM object (9965)
2025-05-07 14:24:18,264 - __main__ - INFO - cube_structure_item: CUBE_STRUCTURE_ITEM object (9967)
2025-05-07 14:24:18,264 - __main__ - INFO - cube_structure_item: CUBE_STRUCTURE_ITEM object (9977)
2025-05-07 14:24:18,264 - __main__ - INFO - cube_structure_item: CUBE_STRUCTURE_ITEM object (9978)
2025-05-07 14:24:18,265 - __main__ - INFO - cube_structure_item: CUBE_STRUCTURE_ITEM object (9979)
2025-05-07 14:24:18,265 - __main__ - INFO - cube_structure_item: CUBE_STRUCTURE_ITEM object (9981)
2025-05-07 14:24:18,265 - __main__ - INFO - cube_structure_item: CUBE_STRUCTURE_ITEM object (9984)
2025-05-07 14:24:18,265 - __main__ - INFO - cube_structure_item: CUBE_STRUCTURE_ITEM object (9985)
2025-05-07 14:24:18,266 - __main__ - INFO - cube_structure_item: CUBE_STRUCTURE_ITEM object (9990)
2025-05-07 14:24:18,266 - __main__ - INFO - cube_structure_item: CUBE_STRUCTURE_ITEM object (9993)
2025-05-07 14:24:18,266 - __main__ - INFO - cube_structure_item: CUBE_STRUCTURE_ITEM object (9999)
2025-05-07 14:24:18,266 - __main__ - INFO - cube_structure_item: CUBE_STRUCTURE_ITEM object (10000)
2025-05-07 14:24:18,266 - __main__ - INFO - cube_structure_item: CUBE_STRUCTURE_ITEM object (10005)
2025-05-07 14:24:18,267 - __main__ - INFO - cube_structure_item: CUBE_STRUCTURE_ITEM object (10009)
2025-05-07 14:24:18,270 - __main__ - INFO - cube_structure_item: CUBE_STRUCTURE_ITEM object (10011)
2025-05-07 14:24:18,270 - __main__ - INFO - cube_structure_item: CUBE_STRUCTURE_ITEM object (10012)
2025-05-07 14:24:18,272 - __main__ - INFO - cube_structure_item: CUBE_STRUCTURE_ITEM object (10013)
2025-05-07 14:24:18,272 - __main__ - INFO - cube_structure_item: CUBE_STRUCTURE_ITEM object (10020)
2025-05-07 14:24:18,272 - __main__ - INFO - cube_structure_item: CUBE_STRUCTURE_ITEM object (10021)
2025-05-07 14:24:18,273 - __main__ - INFO - cube_structure_item: CUBE_STRUCTURE_ITEM object (10024)
2025-05-07 14:24:18,274 - __main__ - INFO - cube_structure_item: CUBE_STRUCTURE_ITEM object (10025)
2025-05-07 14:24:18,275 - __main__ - INFO - cube_structure_item: CUBE_STRUCTURE_ITEM object (10026)
2025-05-07 14:24:18,276 - __main__ - INFO - cube_structure_item: CUBE_STRUCTURE_ITEM object (10029)
2025-05-07 14:24:18,277 - __main__ - INFO - cube_structure_item: CUBE_STRUCTURE_ITEM object (10030)
2025-05-07 14:24:18,277 - __main__ - INFO - cube_structure_item: CUBE_STRUCTURE_ITEM object (10032)
2025-05-07 14:24:18,277 - __main__ - INFO - cube_structure_item: CUBE_STRUCTURE_ITEM object (10033)
2025-05-07 14:24:18,278 - __main__ - INFO - cube_structure_item: CUBE_STRUCTURE_ITEM object (10053)
2025-05-07 14:24:18,278 - __main__ - INFO - cube_structure_item: CUBE_STRUCTURE_ITEM object (10056)
2025-05-07 14:24:18,278 - __main__ - INFO - cube_structure_item: CUBE_STRUCTURE_ITEM object (10057)
2025-05-07 14:24:18,279 - __main__ - INFO - cube_structure_item: CUBE_STRUCTURE_ITEM object (10062)
2025-05-07 14:24:18,279 - __main__ - INFO - cube_structure_item: CUBE_STRUCTURE_ITEM object (10066)
2025-05-07 14:24:18,279 - __main__ - INFO - cube_structure_item: CUBE_STRUCTURE_ITEM object (10069)
2025-05-07 14:24:18,280 - __main__ - INFO - cube_structure_item: CUBE_STRUCTURE_ITEM object (10070)
2025-05-07 14:24:18,281 - __main__ - INFO - cube_structure_item: CUBE_STRUCTURE_ITEM object (10071)
2025-05-07 14:24:18,282 - __main__ - INFO - cube_structure_item: CUBE_STRUCTURE_ITEM object (10073)
2025-05-07 14:24:18,283 - __main__ - INFO - cube_structure_item: CUBE_STRUCTURE_ITEM object (10075)
2025-05-07 14:24:18,284 - __main__ - INFO - cube_structure_item: CUBE_STRUCTURE_ITEM object (10081)
2025-05-07 14:24:18,285 - __main__ - INFO - cube_structure_item: CUBE_STRUCTURE_ITEM object (10082)
2025-05-07 14:24:18,285 - __main__ - INFO - cube_structure_item: CUBE_STRUCTURE_ITEM object (10084)
2025-05-07 14:24:18,286 - __main__ - INFO - cube_structure_item: CUBE_STRUCTURE_ITEM object (10085)
2025-05-07 14:24:18,287 - __main__ - INFO - cube_structure_item: CUBE_STRUCTURE_ITEM object (10092)
2025-05-07 14:24:18,287 - __main__ - INFO - cube_structure_item: CUBE_STRUCTURE_ITEM object (10094)
2025-05-07 14:24:18,287 - __main__ - INFO - cube_structure_item: CUBE_STRUCTURE_ITEM object (10105)
2025-05-07 14:24:18,288 - __main__ - INFO - cube_structure_item: CUBE_STRUCTURE_ITEM object (10107)
2025-05-07 14:24:18,288 - __main__ - INFO - cube_structure_item: CUBE_STRUCTURE_ITEM object (10108)
2025-05-07 14:24:18,288 - __main__ - INFO - cube_structure_item: CUBE_STRUCTURE_ITEM object (10115)
2025-05-07 14:24:18,289 - __main__ - INFO - cube_structure_item: CUBE_STRUCTURE_ITEM object (10117)
2025-05-07 14:24:18,290 - __main__ - INFO - cube_structure_item: CUBE_STRUCTURE_ITEM object (10127)
2025-05-07 14:24:18,291 - __main__ - INFO - cube_structure_item: CUBE_STRUCTURE_ITEM object (10128)
2025-05-07 14:24:18,292 - __main__ - INFO - cube_structure_item: CUBE_STRUCTURE_ITEM object (10137)
2025-05-07 14:24:20,198 - __main__ - INFO - cube_structure_item: CUBE_STRUCTURE_ITEM object (9965)
2025-05-07 14:24:20,199 - __main__ - INFO - cube_structure_item: CUBE_STRUCTURE_ITEM object (9967)
2025-05-07 14:24:20,200 - __main__ - INFO - cube_structure_item: CUBE_STRUCTURE_ITEM object (9977)
2025-05-07 14:24:20,200 - __main__ - INFO - cube_structure_item: CUBE_STRUCTURE_ITEM object (9978)
2025-05-07 14:24:20,203 - __main__ - INFO - cube_structure_item: CUBE_STRUCTURE_ITEM object (9979)
2025-05-07 14:24:20,209 - __main__ - INFO - cube_structure_item: CUBE_STRUCTURE_ITEM object (9981)
2025-05-07 14:24:20,210 - __main__ - INFO - cube_structure_item: CUBE_STRUCTURE_ITEM object (9984)
2025-05-07 14:24:20,210 - __main__ - INFO - cube_structure_item: CUBE_STRUCTURE_ITEM object (9985)
2025-05-07 14:24:20,210 - __main__ - INFO - cube_structure_item: CUBE_STRUCTURE_ITEM object (9990)
2025-05-07 14:24:20,210 - __main__ - INFO - cube_structure_item: CUBE_STRUCTURE_ITEM object (9993)
2025-05-07 14:24:20,211 - __main__ - INFO - cube_structure_item: CUBE_STRUCTURE_ITEM object (9999)
2025-05-07 14:24:20,211 - __main__ - INFO - cube_structure_item: CUBE_STRUCTURE_ITEM object (10000)
2025-05-07 14:24:20,214 - __main__ - INFO - cube_structure_item: CUBE_STRUCTURE_ITEM object (10005)
2025-05-07 14:24:20,216 - __main__ - INFO - cube_structure_item: CUBE_STRUCTURE_ITEM object (10009)
2025-05-07 14:24:20,216 - __main__ - INFO - cube_structure_item: CUBE_STRUCTURE_ITEM object (10011)
2025-05-07 14:24:20,217 - __main__ - INFO - cube_structure_item: CUBE_STRUCTURE_ITEM object (10012)
2025-05-07 14:24:20,217 - __main__ - INFO - cube_structure_item: CUBE_STRUCTURE_ITEM object (10013)
2025-05-07 14:24:20,220 - __main__ - INFO - cube_structure_item: CUBE_STRUCTURE_ITEM object (10020)
2025-05-07 14:24:20,220 - __main__ - INFO - cube_structure_item: CUBE_STRUCTURE_ITEM object (10021)
2025-05-07 14:24:20,221 - __main__ - INFO - cube_structure_item: CUBE_STRUCTURE_ITEM object (10024)
2025-05-07 14:24:20,222 - __main__ - INFO - cube_structure_item: CUBE_STRUCTURE_ITEM object (10025)
2025-05-07 14:24:20,222 - __main__ - INFO - cube_structure_item: CUBE_STRUCTURE_ITEM object (10026)
2025-05-07 14:24:20,223 - __main__ - INFO - cube_structure_item: CUBE_STRUCTURE_ITEM object (10029)
2025-05-07 14:24:20,223 - __main__ - INFO - cube_structure_item: CUBE_STRUCTURE_ITEM object (10030)
2025-05-07 14:24:20,226 - __main__ - INFO - cube_structure_item: CUBE_STRUCTURE_ITEM object (10032)
2025-05-07 14:24:20,226 - __main__ - INFO - cube_structure_item: CUBE_STRUCTURE_ITEM object (10033)
2025-05-07 14:24:20,229 - __main__ - INFO - cube_structure_item: CUBE_STRUCTURE_ITEM object (10053)
2025-05-07 14:24:20,229 - __main__ - INFO - cube_structure_item: CUBE_STRUCTURE_ITEM object (10056)
2025-05-07 14:24:20,230 - __main__ - INFO - cube_structure_item: CUBE_STRUCTURE_ITEM object (10057)
2025-05-07 14:24:20,230 - __main__ - INFO - cube_structure_item: CUBE_STRUCTURE_ITEM object (10062)
2025-05-07 14:24:20,230 - __main__ - INFO - cube_structure_item: CUBE_STRUCTURE_ITEM object (10066)
2025-05-07 14:24:20,230 - __main__ - INFO - cube_structure_item: CUBE_STRUCTURE_ITEM object (10069)
2025-05-07 14:24:20,230 - __main__ - INFO - cube_structure_item: CUBE_STRUCTURE_ITEM object (10070)
2025-05-07 14:24:20,231 - __main__ - INFO - cube_structure_item: CUBE_STRUCTURE_ITEM object (10071)
2025-05-07 14:24:20,231 - __main__ - INFO - cube_structure_item: CUBE_STRUCTURE_ITEM object (10073)
2025-05-07 14:24:20,231 - __main__ - INFO - cube_structure_item: CUBE_STRUCTURE_ITEM object (10075)
2025-05-07 14:24:20,234 - __main__ - INFO - cube_structure_item: CUBE_STRUCTURE_ITEM object (10081)
2025-05-07 14:24:20,234 - __main__ - INFO - cube_structure_item: CUBE_STRUCTURE_ITEM object (10082)
2025-05-07 14:24:20,234 - __main__ - INFO - cube_structure_item: CUBE_STRUCTURE_ITEM object (10084)
2025-05-07 14:24:20,235 - __main__ - INFO - cube_structure_item: CUBE_STRUCTURE_ITEM object (10085)
2025-05-07 14:24:20,235 - __main__ - INFO - cube_structure_item: CUBE_STRUCTURE_ITEM object (10092)
2025-05-07 14:24:20,235 - __main__ - INFO - cube_structure_item: CUBE_STRUCTURE_ITEM object (10094)
2025-05-07 14:24:20,235 - __main__ - INFO - cube_structure_item: CUBE_STRUCTURE_ITEM object (10105)
2025-05-07 14:24:20,236 - __main__ - INFO - cube_structure_item: CUBE_STRUCTURE_ITEM object (10107)
2025-05-07 14:24:20,236 - __main__ - INFO - cube_structure_item: CUBE_STRUCTURE_ITEM object (10108)
2025-05-07 14:24:20,239 - __main__ - INFO - cube_structure_item: CUBE_STRUCTURE_ITEM object (10115)
2025-05-07 14:24:20,239 - __main__ - INFO - cube_structure_item: CUBE_STRUCTURE_ITEM object (10117)
2025-05-07 14:24:20,239 - __main__ - INFO - cube_structure_item: CUBE_STRUCTURE_ITEM object (10127)
2025-05-07 14:24:20,240 - __main__ - INFO - cube_structure_item: CUBE_STRUCTURE_ITEM object (10128)
2025-05-07 14:24:20,240 - __main__ - INFO - cube_structure_item: CUBE_STRUCTURE_ITEM object (10137)
2025-05-07 14:40:18,857 - __main__ - INFO - Django configured successfully with settings module: birds_nest.settings
2025-05-07 14:40:24,815 - __main__ - INFO - rolc_id: ANCRDT_INSTRMNT_C_1
2025-05-07 14:40:24,815 - __main__ - INFO - cube_structure_item: CUBE_STRUCTURE_ITEM object (9965)
2025-05-07 14:40:24,820 - __main__ - INFO - cube_structure_item: CUBE_STRUCTURE_ITEM object (9967)
2025-05-07 14:40:24,824 - __main__ - INFO - cube_structure_item: CUBE_STRUCTURE_ITEM object (9977)
2025-05-07 14:40:24,827 - __main__ - INFO - cube_structure_item: CUBE_STRUCTURE_ITEM object (9978)
2025-05-07 14:40:24,831 - __main__ - INFO - cube_structure_item: CUBE_STRUCTURE_ITEM object (9979)
2025-05-07 14:40:24,833 - __main__ - INFO - cube_structure_item: CUBE_STRUCTURE_ITEM object (9981)
2025-05-07 14:40:24,836 - __main__ - INFO - cube_structure_item: CUBE_STRUCTURE_ITEM object (9984)
2025-05-07 14:40:24,840 - __main__ - INFO - cube_structure_item: CUBE_STRUCTURE_ITEM object (9985)
2025-05-07 14:40:24,845 - __main__ - INFO - cube_structure_item: CUBE_STRUCTURE_ITEM object (9990)
2025-05-07 14:40:24,848 - __main__ - INFO - cube_structure_item: CUBE_STRUCTURE_ITEM object (9993)
2025-05-07 14:40:24,851 - __main__ - INFO - cube_structure_item: CUBE_STRUCTURE_ITEM object (9999)
2025-05-07 14:40:24,854 - __main__ - INFO - cube_structure_item: CUBE_STRUCTURE_ITEM object (10000)
2025-05-07 14:40:24,857 - __main__ - INFO - cube_structure_item: CUBE_STRUCTURE_ITEM object (10005)
2025-05-07 14:40:24,861 - __main__ - INFO - cube_structure_item: CUBE_STRUCTURE_ITEM object (10009)
2025-05-07 14:40:24,863 - __main__ - INFO - cube_structure_item: CUBE_STRUCTURE_ITEM object (10011)
2025-05-07 14:40:24,866 - __main__ - INFO - cube_structure_item: CUBE_STRUCTURE_ITEM object (10012)
2025-05-07 14:40:24,868 - __main__ - INFO - cube_structure_item: CUBE_STRUCTURE_ITEM object (10013)
2025-05-07 14:40:24,871 - __main__ - INFO - cube_structure_item: CUBE_STRUCTURE_ITEM object (10020)
2025-05-07 14:40:24,875 - __main__ - INFO - cube_structure_item: CUBE_STRUCTURE_ITEM object (10021)
2025-05-07 14:40:24,879 - __main__ - INFO - cube_structure_item: CUBE_STRUCTURE_ITEM object (10024)
2025-05-07 14:40:24,883 - __main__ - INFO - cube_structure_item: CUBE_STRUCTURE_ITEM object (10025)
2025-05-07 14:40:24,887 - __main__ - INFO - cube_structure_item: CUBE_STRUCTURE_ITEM object (10026)
2025-05-07 14:40:24,890 - __main__ - INFO - cube_structure_item: CUBE_STRUCTURE_ITEM object (10029)
2025-05-07 14:40:24,893 - __main__ - INFO - cube_structure_item: CUBE_STRUCTURE_ITEM object (10030)
2025-05-07 14:40:24,896 - __main__ - INFO - cube_structure_item: CUBE_STRUCTURE_ITEM object (10032)
2025-05-07 14:40:24,898 - __main__ - INFO - cube_structure_item: CUBE_STRUCTURE_ITEM object (10033)
2025-05-07 14:40:24,901 - __main__ - INFO - cube_structure_item: CUBE_STRUCTURE_ITEM object (10053)
2025-05-07 14:40:24,904 - __main__ - INFO - cube_structure_item: CUBE_STRUCTURE_ITEM object (10056)
2025-05-07 14:40:24,907 - __main__ - INFO - cube_structure_item: CUBE_STRUCTURE_ITEM object (10057)
2025-05-07 14:40:24,910 - __main__ - INFO - cube_structure_item: CUBE_STRUCTURE_ITEM object (10062)
2025-05-07 14:40:24,912 - __main__ - INFO - cube_structure_item: CUBE_STRUCTURE_ITEM object (10066)
2025-05-07 14:40:24,915 - __main__ - INFO - cube_structure_item: CUBE_STRUCTURE_ITEM object (10069)
2025-05-07 14:40:24,918 - __main__ - INFO - cube_structure_item: CUBE_STRUCTURE_ITEM object (10070)
2025-05-07 14:40:24,921 - __main__ - INFO - cube_structure_item: CUBE_STRUCTURE_ITEM object (10071)
2025-05-07 14:40:24,925 - __main__ - INFO - cube_structure_item: CUBE_STRUCTURE_ITEM object (10073)
2025-05-07 14:40:24,928 - __main__ - INFO - cube_structure_item: CUBE_STRUCTURE_ITEM object (10075)
2025-05-07 14:40:24,931 - __main__ - INFO - cube_structure_item: CUBE_STRUCTURE_ITEM object (10081)
2025-05-07 14:40:24,934 - __main__ - INFO - cube_structure_item: CUBE_STRUCTURE_ITEM object (10082)
2025-05-07 14:40:24,937 - __main__ - INFO - cube_structure_item: CUBE_STRUCTURE_ITEM object (10084)
2025-05-07 14:40:24,939 - __main__ - INFO - cube_structure_item: CUBE_STRUCTURE_ITEM object (10085)
2025-05-07 14:40:24,942 - __main__ - INFO - cube_structure_item: CUBE_STRUCTURE_ITEM object (10092)
2025-05-07 14:40:24,944 - __main__ - INFO - cube_structure_item: CUBE_STRUCTURE_ITEM object (10094)
2025-05-07 14:40:24,947 - __main__ - INFO - cube_structure_item: CUBE_STRUCTURE_ITEM object (10105)
2025-05-07 14:40:24,951 - __main__ - INFO - cube_structure_item: CUBE_STRUCTURE_ITEM object (10107)
2025-05-07 14:40:24,955 - __main__ - INFO - cube_structure_item: CUBE_STRUCTURE_ITEM object (10108)
2025-05-07 14:40:24,959 - __main__ - INFO - cube_structure_item: CUBE_STRUCTURE_ITEM object (10115)
2025-05-07 14:40:24,963 - __main__ - INFO - cube_structure_item: CUBE_STRUCTURE_ITEM object (10117)
2025-05-07 14:40:24,967 - __main__ - INFO - cube_structure_item: CUBE_STRUCTURE_ITEM object (10127)
2025-05-07 14:40:24,971 - __main__ - INFO - cube_structure_item: CUBE_STRUCTURE_ITEM object (10128)
2025-05-07 14:40:24,976 - __main__ - INFO - cube_structure_item: CUBE_STRUCTURE_ITEM object (10137)
2025-05-07 14:40:24,981 - __main__ - INFO - cube_structure_item: CUBE_STRUCTURE_ITEM object (9965)
2025-05-07 14:40:24,981 - __main__ - INFO - cube_structure_item: CUBE_STRUCTURE_ITEM object (9967)
2025-05-07 14:40:24,981 - __main__ - INFO - cube_structure_item: CUBE_STRUCTURE_ITEM object (9977)
2025-05-07 14:40:24,982 - __main__ - INFO - cube_structure_item: CUBE_STRUCTURE_ITEM object (9978)
2025-05-07 14:40:24,982 - __main__ - INFO - cube_structure_item: CUBE_STRUCTURE_ITEM object (9979)
2025-05-07 14:40:24,982 - __main__ - INFO - cube_structure_item: CUBE_STRUCTURE_ITEM object (9981)
2025-05-07 14:40:24,982 - __main__ - INFO - cube_structure_item: CUBE_STRUCTURE_ITEM object (9984)
2025-05-07 14:40:24,982 - __main__ - INFO - cube_structure_item: CUBE_STRUCTURE_ITEM object (9985)
2025-05-07 14:40:24,983 - __main__ - INFO - cube_structure_item: CUBE_STRUCTURE_ITEM object (9990)
2025-05-07 14:40:24,983 - __main__ - INFO - cube_structure_item: CUBE_STRUCTURE_ITEM object (9993)
2025-05-07 14:40:24,983 - __main__ - INFO - cube_structure_item: CUBE_STRUCTURE_ITEM object (9999)
2025-05-07 14:40:24,983 - __main__ - INFO - cube_structure_item: CUBE_STRUCTURE_ITEM object (10000)
2025-05-07 14:40:24,983 - __main__ - INFO - cube_structure_item: CUBE_STRUCTURE_ITEM object (10005)
2025-05-07 14:40:24,983 - __main__ - INFO - cube_structure_item: CUBE_STRUCTURE_ITEM object (10009)
2025-05-07 14:40:24,984 - __main__ - INFO - cube_structure_item: CUBE_STRUCTURE_ITEM object (10011)
2025-05-07 14:40:24,984 - __main__ - INFO - cube_structure_item: CUBE_STRUCTURE_ITEM object (10012)
2025-05-07 14:40:24,984 - __main__ - INFO - cube_structure_item: CUBE_STRUCTURE_ITEM object (10013)
2025-05-07 14:40:24,984 - __main__ - INFO - cube_structure_item: CUBE_STRUCTURE_ITEM object (10020)
2025-05-07 14:40:24,984 - __main__ - INFO - cube_structure_item: CUBE_STRUCTURE_ITEM object (10021)
2025-05-07 14:40:24,984 - __main__ - INFO - cube_structure_item: CUBE_STRUCTURE_ITEM object (10024)
2025-05-07 14:40:24,984 - __main__ - INFO - cube_structure_item: CUBE_STRUCTURE_ITEM object (10025)
2025-05-07 14:40:24,985 - __main__ - INFO - cube_structure_item: CUBE_STRUCTURE_ITEM object (10026)
2025-05-07 14:40:24,985 - __main__ - INFO - cube_structure_item: CUBE_STRUCTURE_ITEM object (10029)
2025-05-07 14:40:24,985 - __main__ - INFO - cube_structure_item: CUBE_STRUCTURE_ITEM object (10030)
2025-05-07 14:40:24,985 - __main__ - INFO - cube_structure_item: CUBE_STRUCTURE_ITEM object (10032)
2025-05-07 14:40:24,985 - __main__ - INFO - cube_structure_item: CUBE_STRUCTURE_ITEM object (10033)
2025-05-07 14:40:24,986 - __main__ - INFO - cube_structure_item: CUBE_STRUCTURE_ITEM object (10053)
2025-05-07 14:40:24,986 - __main__ - INFO - cube_structure_item: CUBE_STRUCTURE_ITEM object (10056)
2025-05-07 14:40:24,986 - __main__ - INFO - cube_structure_item: CUBE_STRUCTURE_ITEM object (10057)
2025-05-07 14:40:24,986 - __main__ - INFO - cube_structure_item: CUBE_STRUCTURE_ITEM object (10062)
2025-05-07 14:40:24,986 - __main__ - INFO - cube_structure_item: CUBE_STRUCTURE_ITEM object (10066)
2025-05-07 14:40:24,987 - __main__ - INFO - cube_structure_item: CUBE_STRUCTURE_ITEM object (10069)
2025-05-07 14:40:24,987 - __main__ - INFO - cube_structure_item: CUBE_STRUCTURE_ITEM object (10070)
2025-05-07 14:40:24,987 - __main__ - INFO - cube_structure_item: CUBE_STRUCTURE_ITEM object (10071)
2025-05-07 14:40:24,987 - __main__ - INFO - cube_structure_item: CUBE_STRUCTURE_ITEM object (10073)
2025-05-07 14:40:24,987 - __main__ - INFO - cube_structure_item: CUBE_STRUCTURE_ITEM object (10075)
2025-05-07 14:40:24,987 - __main__ - INFO - cube_structure_item: CUBE_STRUCTURE_ITEM object (10081)
2025-05-07 14:40:24,988 - __main__ - INFO - cube_structure_item: CUBE_STRUCTURE_ITEM object (10082)
2025-05-07 14:40:24,988 - __main__ - INFO - cube_structure_item: CUBE_STRUCTURE_ITEM object (10084)
2025-05-07 14:40:24,988 - __main__ - INFO - cube_structure_item: CUBE_STRUCTURE_ITEM object (10085)
2025-05-07 14:40:24,988 - __main__ - INFO - cube_structure_item: CUBE_STRUCTURE_ITEM object (10092)
2025-05-07 14:40:24,988 - __main__ - INFO - cube_structure_item: CUBE_STRUCTURE_ITEM object (10094)
2025-05-07 14:40:24,989 - __main__ - INFO - cube_structure_item: CUBE_STRUCTURE_ITEM object (10105)
2025-05-07 14:40:24,989 - __main__ - INFO - cube_structure_item: CUBE_STRUCTURE_ITEM object (10107)
2025-05-07 14:40:24,989 - __main__ - INFO - cube_structure_item: CUBE_STRUCTURE_ITEM object (10108)
2025-05-07 14:40:24,989 - __main__ - INFO - cube_structure_item: CUBE_STRUCTURE_ITEM object (10115)
2025-05-07 14:40:24,990 - __main__ - INFO - cube_structure_item: CUBE_STRUCTURE_ITEM object (10117)
2025-05-07 14:40:24,990 - __main__ - INFO - cube_structure_item: CUBE_STRUCTURE_ITEM object (10127)
2025-05-07 14:40:24,990 - __main__ - INFO - cube_structure_item: CUBE_STRUCTURE_ITEM object (10128)
2025-05-07 14:40:24,990 - __main__ - INFO - cube_structure_item: CUBE_STRUCTURE_ITEM object (10137)
2025-05-07 14:40:24,990 - __main__ - INFO - cube_structure_item: CUBE_STRUCTURE_ITEM object (9965)
2025-05-07 14:40:24,991 - __main__ - INFO - cube_structure_item: CUBE_STRUCTURE_ITEM object (9967)
2025-05-07 14:40:24,991 - __main__ - INFO - cube_structure_item: CUBE_STRUCTURE_ITEM object (9977)
2025-05-07 14:40:24,991 - __main__ - INFO - cube_structure_item: CUBE_STRUCTURE_ITEM object (9978)
2025-05-07 14:40:24,991 - __main__ - INFO - cube_structure_item: CUBE_STRUCTURE_ITEM object (9979)
2025-05-07 14:40:24,992 - __main__ - INFO - cube_structure_item: CUBE_STRUCTURE_ITEM object (9981)
2025-05-07 14:40:24,992 - __main__ - INFO - cube_structure_item: CUBE_STRUCTURE_ITEM object (9984)
2025-05-07 14:40:24,992 - __main__ - INFO - cube_structure_item: CUBE_STRUCTURE_ITEM object (9985)
2025-05-07 14:40:24,992 - __main__ - INFO - cube_structure_item: CUBE_STRUCTURE_ITEM object (9990)
2025-05-07 14:40:24,992 - __main__ - INFO - cube_structure_item: CUBE_STRUCTURE_ITEM object (9993)
2025-05-07 14:40:24,992 - __main__ - INFO - cube_structure_item: CUBE_STRUCTURE_ITEM object (9999)
2025-05-07 14:40:24,992 - __main__ - INFO - cube_structure_item: CUBE_STRUCTURE_ITEM object (10000)
2025-05-07 14:40:24,993 - __main__ - INFO - cube_structure_item: CUBE_STRUCTURE_ITEM object (10005)
2025-05-07 14:40:24,993 - __main__ - INFO - cube_structure_item: CUBE_STRUCTURE_ITEM object (10009)
2025-05-07 14:40:24,993 - __main__ - INFO - cube_structure_item: CUBE_STRUCTURE_ITEM object (10011)
2025-05-07 14:40:24,993 - __main__ - INFO - cube_structure_item: CUBE_STRUCTURE_ITEM object (10012)
2025-05-07 14:40:24,993 - __main__ - INFO - cube_structure_item: CUBE_STRUCTURE_ITEM object (10013)
2025-05-07 14:40:24,994 - __main__ - INFO - cube_structure_item: CUBE_STRUCTURE_ITEM object (10020)
2025-05-07 14:40:24,994 - __main__ - INFO - cube_structure_item: CUBE_STRUCTURE_ITEM object (10021)
2025-05-07 14:40:24,994 - __main__ - INFO - cube_structure_item: CUBE_STRUCTURE_ITEM object (10024)
2025-05-07 14:40:24,994 - __main__ - INFO - cube_structure_item: CUBE_STRUCTURE_ITEM object (10025)
2025-05-07 14:40:24,994 - __main__ - INFO - cube_structure_item: CUBE_STRUCTURE_ITEM object (10026)
2025-05-07 14:40:24,995 - __main__ - INFO - cube_structure_item: CUBE_STRUCTURE_ITEM object (10029)
2025-05-07 14:40:24,995 - __main__ - INFO - cube_structure_item: CUBE_STRUCTURE_ITEM object (10030)
2025-05-07 14:40:24,995 - __main__ - INFO - cube_structure_item: CUBE_STRUCTURE_ITEM object (10032)
2025-05-07 14:40:24,995 - __main__ - INFO - cube_structure_item: CUBE_STRUCTURE_ITEM object (10033)
2025-05-07 14:40:24,995 - __main__ - INFO - cube_structure_item: CUBE_STRUCTURE_ITEM object (10053)
2025-05-07 14:40:24,996 - __main__ - INFO - cube_structure_item: CUBE_STRUCTURE_ITEM object (10056)
2025-05-07 14:40:24,996 - __main__ - INFO - cube_structure_item: CUBE_STRUCTURE_ITEM object (10057)
2025-05-07 14:40:24,996 - __main__ - INFO - cube_structure_item: CUBE_STRUCTURE_ITEM object (10062)
2025-05-07 14:40:24,996 - __main__ - INFO - cube_structure_item: CUBE_STRUCTURE_ITEM object (10066)
2025-05-07 14:40:24,996 - __main__ - INFO - cube_structure_item: CUBE_STRUCTURE_ITEM object (10069)
2025-05-07 14:40:24,997 - __main__ - INFO - cube_structure_item: CUBE_STRUCTURE_ITEM object (10070)
2025-05-07 14:40:24,997 - __main__ - INFO - cube_structure_item: CUBE_STRUCTURE_ITEM object (10071)
2025-05-07 14:40:24,997 - __main__ - INFO - cube_structure_item: CUBE_STRUCTURE_ITEM object (10073)
2025-05-07 14:40:24,997 - __main__ - INFO - cube_structure_item: CUBE_STRUCTURE_ITEM object (10075)
2025-05-07 14:40:24,998 - __main__ - INFO - cube_structure_item: CUBE_STRUCTURE_ITEM object (10081)
2025-05-07 14:40:24,998 - __main__ - INFO - cube_structure_item: CUBE_STRUCTURE_ITEM object (10082)
2025-05-07 14:40:24,998 - __main__ - INFO - cube_structure_item: CUBE_STRUCTURE_ITEM object (10084)
2025-05-07 14:40:24,998 - __main__ - INFO - cube_structure_item: CUBE_STRUCTURE_ITEM object (10085)
2025-05-07 14:40:24,998 - __main__ - INFO - cube_structure_item: CUBE_STRUCTURE_ITEM object (10092)
2025-05-07 14:40:24,998 - __main__ - INFO - cube_structure_item: CUBE_STRUCTURE_ITEM object (10094)
2025-05-07 14:40:24,999 - __main__ - INFO - cube_structure_item: CUBE_STRUCTURE_ITEM object (10105)
2025-05-07 14:40:24,999 - __main__ - INFO - cube_structure_item: CUBE_STRUCTURE_ITEM object (10107)
2025-05-07 14:40:24,999 - __main__ - INFO - cube_structure_item: CUBE_STRUCTURE_ITEM object (10108)
2025-05-07 14:40:24,999 - __main__ - INFO - cube_structure_item: CUBE_STRUCTURE_ITEM object (10115)
2025-05-07 14:40:24,999 - __main__ - INFO - cube_structure_item: CUBE_STRUCTURE_ITEM object (10117)
2025-05-07 14:40:24,999 - __main__ - INFO - cube_structure_item: CUBE_STRUCTURE_ITEM object (10127)
2025-05-07 14:40:24,999 - __main__ - INFO - cube_structure_item: CUBE_STRUCTURE_ITEM object (10128)
2025-05-07 14:40:25,000 - __main__ - INFO - cube_structure_item: CUBE_STRUCTURE_ITEM object (10137)
2025-05-07 14:40:25,000 - __main__ - INFO - {'ANCRDT_INSTRMNT_C_1:Loans and advances': [<CUBE_LINK: CUBE_LINK object (INSTRMNT:Loans and advances:ANCRDT_INSTRMNT_C_1)>, <CUBE_LINK: CUBE_LINK object (INSTRMNT_RL:Loans and advances:ANCRDT_INSTRMNT_C_1)>, <CUBE_LINK: CUBE_LINK object (CLLTRL:Loans and advances:ANCRDT_INSTRMNT_C_1)>]}
2025-05-07 14:40:25,102 - __main__ - INFO - cube_structure_item: CUBE_STRUCTURE_ITEM object (9965)
2025-05-07 14:40:25,103 - __main__ - INFO - cube_structure_item: CUBE_STRUCTURE_ITEM object (9967)
2025-05-07 14:40:25,103 - __main__ - INFO - cube_structure_item: CUBE_STRUCTURE_ITEM object (9977)
2025-05-07 14:40:25,103 - __main__ - INFO - cube_structure_item: CUBE_STRUCTURE_ITEM object (9978)
2025-05-07 14:40:25,103 - __main__ - INFO - cube_structure_item: CUBE_STRUCTURE_ITEM object (9979)
2025-05-07 14:40:25,103 - __main__ - INFO - cube_structure_item: CUBE_STRUCTURE_ITEM object (9981)
2025-05-07 14:40:25,103 - __main__ - INFO - cube_structure_item: CUBE_STRUCTURE_ITEM object (9984)
2025-05-07 14:40:25,104 - __main__ - INFO - cube_structure_item: CUBE_STRUCTURE_ITEM object (9985)
2025-05-07 14:40:25,104 - __main__ - INFO - cube_structure_item: CUBE_STRUCTURE_ITEM object (9990)
2025-05-07 14:40:25,104 - __main__ - INFO - cube_structure_item: CUBE_STRUCTURE_ITEM object (9993)
2025-05-07 14:40:25,104 - __main__ - INFO - cube_structure_item: CUBE_STRUCTURE_ITEM object (9999)
2025-05-07 14:40:25,104 - __main__ - INFO - cube_structure_item: CUBE_STRUCTURE_ITEM object (10000)
2025-05-07 14:40:25,105 - __main__ - INFO - cube_structure_item: CUBE_STRUCTURE_ITEM object (10005)
2025-05-07 14:40:25,105 - __main__ - INFO - cube_structure_item: CUBE_STRUCTURE_ITEM object (10009)
2025-05-07 14:40:25,105 - __main__ - INFO - cube_structure_item: CUBE_STRUCTURE_ITEM object (10011)
2025-05-07 14:40:25,105 - __main__ - INFO - cube_structure_item: CUBE_STRUCTURE_ITEM object (10012)
2025-05-07 14:40:25,105 - __main__ - INFO - cube_structure_item: CUBE_STRUCTURE_ITEM object (10013)
2025-05-07 14:40:25,105 - __main__ - INFO - cube_structure_item: CUBE_STRUCTURE_ITEM object (10020)
2025-05-07 14:40:25,106 - __main__ - INFO - cube_structure_item: CUBE_STRUCTURE_ITEM object (10021)
2025-05-07 14:40:25,106 - __main__ - INFO - cube_structure_item: CUBE_STRUCTURE_ITEM object (10024)
2025-05-07 14:40:25,106 - __main__ - INFO - cube_structure_item: CUBE_STRUCTURE_ITEM object (10025)
2025-05-07 14:40:25,106 - __main__ - INFO - cube_structure_item: CUBE_STRUCTURE_ITEM object (10026)
2025-05-07 14:40:25,106 - __main__ - INFO - cube_structure_item: CUBE_STRUCTURE_ITEM object (10029)
2025-05-07 14:40:25,106 - __main__ - INFO - cube_structure_item: CUBE_STRUCTURE_ITEM object (10030)
2025-05-07 14:40:25,107 - __main__ - INFO - cube_structure_item: CUBE_STRUCTURE_ITEM object (10032)
2025-05-07 14:40:25,107 - __main__ - INFO - cube_structure_item: CUBE_STRUCTURE_ITEM object (10033)
2025-05-07 14:40:25,107 - __main__ - INFO - cube_structure_item: CUBE_STRUCTURE_ITEM object (10053)
2025-05-07 14:40:25,107 - __main__ - INFO - cube_structure_item: CUBE_STRUCTURE_ITEM object (10056)
2025-05-07 14:40:25,108 - __main__ - INFO - cube_structure_item: CUBE_STRUCTURE_ITEM object (10057)
2025-05-07 14:40:25,108 - __main__ - INFO - cube_structure_item: CUBE_STRUCTURE_ITEM object (10062)
2025-05-07 14:40:25,108 - __main__ - INFO - cube_structure_item: CUBE_STRUCTURE_ITEM object (10066)
2025-05-07 14:40:25,108 - __main__ - INFO - cube_structure_item: CUBE_STRUCTURE_ITEM object (10069)
2025-05-07 14:40:25,109 - __main__ - INFO - cube_structure_item: CUBE_STRUCTURE_ITEM object (10070)
2025-05-07 14:40:25,109 - __main__ - INFO - cube_structure_item: CUBE_STRUCTURE_ITEM object (10071)
2025-05-07 14:40:25,109 - __main__ - INFO - cube_structure_item: CUBE_STRUCTURE_ITEM object (10073)
2025-05-07 14:40:25,109 - __main__ - INFO - cube_structure_item: CUBE_STRUCTURE_ITEM object (10075)
2025-05-07 14:40:25,110 - __main__ - INFO - cube_structure_item: CUBE_STRUCTURE_ITEM object (10081)
2025-05-07 14:40:25,110 - __main__ - INFO - cube_structure_item: CUBE_STRUCTURE_ITEM object (10082)
2025-05-07 14:40:25,110 - __main__ - INFO - cube_structure_item: CUBE_STRUCTURE_ITEM object (10084)
2025-05-07 14:40:25,110 - __main__ - INFO - cube_structure_item: CUBE_STRUCTURE_ITEM object (10085)
2025-05-07 14:40:25,110 - __main__ - INFO - cube_structure_item: CUBE_STRUCTURE_ITEM object (10092)
2025-05-07 14:40:25,111 - __main__ - INFO - cube_structure_item: CUBE_STRUCTURE_ITEM object (10094)
2025-05-07 14:40:25,111 - __main__ - INFO - cube_structure_item: CUBE_STRUCTURE_ITEM object (10105)
2025-05-07 14:40:25,111 - __main__ - INFO - cube_structure_item: CUBE_STRUCTURE_ITEM object (10107)
2025-05-07 14:40:25,111 - __main__ - INFO - cube_structure_item: CUBE_STRUCTURE_ITEM object (10108)
2025-05-07 14:40:25,112 - __main__ - INFO - cube_structure_item: CUBE_STRUCTURE_ITEM object (10115)
2025-05-07 14:40:25,112 - __main__ - INFO - cube_structure_item: CUBE_STRUCTURE_ITEM object (10117)
2025-05-07 14:40:25,112 - __main__ - INFO - cube_structure_item: CUBE_STRUCTURE_ITEM object (10127)
2025-05-07 14:40:25,112 - __main__ - INFO - cube_structure_item: CUBE_STRUCTURE_ITEM object (10128)
2025-05-07 14:40:25,112 - __main__ - INFO - cube_structure_item: CUBE_STRUCTURE_ITEM object (10137)
2025-05-07 14:40:29,204 - __main__ - INFO - cube_structure_item: CUBE_STRUCTURE_ITEM object (9965)
2025-05-07 14:40:29,205 - __main__ - INFO - cube_structure_item: CUBE_STRUCTURE_ITEM object (9967)
2025-05-07 14:40:29,205 - __main__ - INFO - cube_structure_item: CUBE_STRUCTURE_ITEM object (9977)
2025-05-07 14:40:29,205 - __main__ - INFO - cube_structure_item: CUBE_STRUCTURE_ITEM object (9978)
2025-05-07 14:40:29,205 - __main__ - INFO - cube_structure_item: CUBE_STRUCTURE_ITEM object (9979)
2025-05-07 14:40:29,206 - __main__ - INFO - cube_structure_item: CUBE_STRUCTURE_ITEM object (9981)
2025-05-07 14:40:29,206 - __main__ - INFO - cube_structure_item: CUBE_STRUCTURE_ITEM object (9984)
2025-05-07 14:40:29,206 - __main__ - INFO - cube_structure_item: CUBE_STRUCTURE_ITEM object (9985)
2025-05-07 14:40:29,206 - __main__ - INFO - cube_structure_item: CUBE_STRUCTURE_ITEM object (9990)
2025-05-07 14:40:29,206 - __main__ - INFO - cube_structure_item: CUBE_STRUCTURE_ITEM object (9993)
2025-05-07 14:40:29,207 - __main__ - INFO - cube_structure_item: CUBE_STRUCTURE_ITEM object (9999)
2025-05-07 14:40:29,207 - __main__ - INFO - cube_structure_item: CUBE_STRUCTURE_ITEM object (10000)
2025-05-07 14:40:29,207 - __main__ - INFO - cube_structure_item: CUBE_STRUCTURE_ITEM object (10005)
2025-05-07 14:40:29,207 - __main__ - INFO - cube_structure_item: CUBE_STRUCTURE_ITEM object (10009)
2025-05-07 14:40:29,207 - __main__ - INFO - cube_structure_item: CUBE_STRUCTURE_ITEM object (10011)
2025-05-07 14:40:29,207 - __main__ - INFO - cube_structure_item: CUBE_STRUCTURE_ITEM object (10012)
2025-05-07 14:40:29,208 - __main__ - INFO - cube_structure_item: CUBE_STRUCTURE_ITEM object (10013)
2025-05-07 14:40:29,208 - __main__ - INFO - cube_structure_item: CUBE_STRUCTURE_ITEM object (10020)
2025-05-07 14:40:29,208 - __main__ - INFO - cube_structure_item: CUBE_STRUCTURE_ITEM object (10021)
2025-05-07 14:40:29,208 - __main__ - INFO - cube_structure_item: CUBE_STRUCTURE_ITEM object (10024)
2025-05-07 14:40:29,208 - __main__ - INFO - cube_structure_item: CUBE_STRUCTURE_ITEM object (10025)
2025-05-07 14:40:29,208 - __main__ - INFO - cube_structure_item: CUBE_STRUCTURE_ITEM object (10026)
2025-05-07 14:40:29,209 - __main__ - INFO - cube_structure_item: CUBE_STRUCTURE_ITEM object (10029)
2025-05-07 14:40:29,209 - __main__ - INFO - cube_structure_item: CUBE_STRUCTURE_ITEM object (10030)
2025-05-07 14:40:29,209 - __main__ - INFO - cube_structure_item: CUBE_STRUCTURE_ITEM object (10032)
2025-05-07 14:40:29,209 - __main__ - INFO - cube_structure_item: CUBE_STRUCTURE_ITEM object (10033)
2025-05-07 14:40:29,209 - __main__ - INFO - cube_structure_item: CUBE_STRUCTURE_ITEM object (10053)
2025-05-07 14:40:29,210 - __main__ - INFO - cube_structure_item: CUBE_STRUCTURE_ITEM object (10056)
2025-05-07 14:40:29,210 - __main__ - INFO - cube_structure_item: CUBE_STRUCTURE_ITEM object (10057)
2025-05-07 14:40:29,210 - __main__ - INFO - cube_structure_item: CUBE_STRUCTURE_ITEM object (10062)
2025-05-07 14:40:29,210 - __main__ - INFO - cube_structure_item: CUBE_STRUCTURE_ITEM object (10066)
2025-05-07 14:40:29,210 - __main__ - INFO - cube_structure_item: CUBE_STRUCTURE_ITEM object (10069)
2025-05-07 14:40:29,210 - __main__ - INFO - cube_structure_item: CUBE_STRUCTURE_ITEM object (10070)
2025-05-07 14:40:29,211 - __main__ - INFO - cube_structure_item: CUBE_STRUCTURE_ITEM object (10071)
2025-05-07 14:40:29,211 - __main__ - INFO - cube_structure_item: CUBE_STRUCTURE_ITEM object (10073)
2025-05-07 14:40:29,211 - __main__ - INFO - cube_structure_item: CUBE_STRUCTURE_ITEM object (10075)
2025-05-07 14:40:29,211 - __main__ - INFO - cube_structure_item: CUBE_STRUCTURE_ITEM object (10081)
2025-05-07 14:40:29,211 - __main__ - INFO - cube_structure_item: CUBE_STRUCTURE_ITEM object (10082)
2025-05-07 14:40:29,211 - __main__ - INFO - cube_structure_item: CUBE_STRUCTURE_ITEM object (10084)
2025-05-07 14:40:29,212 - __main__ - INFO - cube_structure_item: CUBE_STRUCTURE_ITEM object (10085)
2025-05-07 14:40:29,212 - __main__ - INFO - cube_structure_item: CUBE_STRUCTURE_ITEM object (10092)
2025-05-07 14:40:29,212 - __main__ - INFO - cube_structure_item: CUBE_STRUCTURE_ITEM object (10094)
2025-05-07 14:40:29,212 - __main__ - INFO - cube_structure_item: CUBE_STRUCTURE_ITEM object (10105)
2025-05-07 14:40:29,212 - __main__ - INFO - cube_structure_item: CUBE_STRUCTURE_ITEM object (10107)
2025-05-07 14:40:29,212 - __main__ - INFO - cube_structure_item: CUBE_STRUCTURE_ITEM object (10108)
2025-05-07 14:40:29,213 - __main__ - INFO - cube_structure_item: CUBE_STRUCTURE_ITEM object (10115)
2025-05-07 14:40:29,213 - __main__ - INFO - cube_structure_item: CUBE_STRUCTURE_ITEM object (10117)
2025-05-07 14:40:29,213 - __main__ - INFO - cube_structure_item: CUBE_STRUCTURE_ITEM object (10127)
2025-05-07 14:40:29,213 - __main__ - INFO - cube_structure_item: CUBE_STRUCTURE_ITEM object (10128)
2025-05-07 14:40:29,213 - __main__ - INFO - cube_structure_item: CUBE_STRUCTURE_ITEM object (10137)
2025-05-07 14:41:32,008 - __main__ - INFO - Django configured successfully with settings module: birds_nest.settings
2025-05-07 14:41:53,589 - __main__ - INFO - Django configured successfully with settings module: birds_nest.settings
2025-05-07 14:41:58,545 - __main__ - INFO - rolc_id: ANCRDT_INSTRMNT_C_1
2025-05-07 14:41:58,545 - __main__ - INFO - cube_structure_item: CUBE_STRUCTURE_ITEM object (9965)
2025-05-07 14:41:58,548 - __main__ - INFO - cube_structure_item: CUBE_STRUCTURE_ITEM object (9967)
2025-05-07 14:41:58,550 - __main__ - INFO - cube_structure_item: CUBE_STRUCTURE_ITEM object (9977)
2025-05-07 14:41:58,553 - __main__ - INFO - cube_structure_item: CUBE_STRUCTURE_ITEM object (9978)
2025-05-07 14:41:58,556 - __main__ - INFO - cube_structure_item: CUBE_STRUCTURE_ITEM object (9979)
2025-05-07 14:41:58,560 - __main__ - INFO - cube_structure_item: CUBE_STRUCTURE_ITEM object (9981)
2025-05-07 14:41:58,564 - __main__ - INFO - cube_structure_item: CUBE_STRUCTURE_ITEM object (9984)
2025-05-07 14:41:58,568 - __main__ - INFO - cube_structure_item: CUBE_STRUCTURE_ITEM object (9985)
2025-05-07 14:41:58,571 - __main__ - INFO - cube_structure_item: CUBE_STRUCTURE_ITEM object (9990)
2025-05-07 14:41:58,575 - __main__ - INFO - cube_structure_item: CUBE_STRUCTURE_ITEM object (9993)
2025-05-07 14:41:58,579 - __main__ - INFO - cube_structure_item: CUBE_STRUCTURE_ITEM object (9999)
2025-05-07 14:41:58,584 - __main__ - INFO - cube_structure_item: CUBE_STRUCTURE_ITEM object (10000)
2025-05-07 14:41:58,588 - __main__ - INFO - cube_structure_item: CUBE_STRUCTURE_ITEM object (10005)
2025-05-07 14:41:58,592 - __main__ - INFO - cube_structure_item: CUBE_STRUCTURE_ITEM object (10009)
2025-05-07 14:41:58,597 - __main__ - INFO - cube_structure_item: CUBE_STRUCTURE_ITEM object (10011)
2025-05-07 14:41:58,602 - __main__ - INFO - cube_structure_item: CUBE_STRUCTURE_ITEM object (10012)
2025-05-07 14:41:58,606 - __main__ - INFO - cube_structure_item: CUBE_STRUCTURE_ITEM object (10013)
2025-05-07 14:41:58,608 - __main__ - INFO - cube_structure_item: CUBE_STRUCTURE_ITEM object (10020)
2025-05-07 14:41:58,610 - __main__ - INFO - cube_structure_item: CUBE_STRUCTURE_ITEM object (10021)
2025-05-07 14:41:58,613 - __main__ - INFO - cube_structure_item: CUBE_STRUCTURE_ITEM object (10024)
2025-05-07 14:41:58,615 - __main__ - INFO - cube_structure_item: CUBE_STRUCTURE_ITEM object (10025)
2025-05-07 14:41:58,617 - __main__ - INFO - cube_structure_item: CUBE_STRUCTURE_ITEM object (10026)
2025-05-07 14:41:58,620 - __main__ - INFO - cube_structure_item: CUBE_STRUCTURE_ITEM object (10029)
2025-05-07 14:41:58,622 - __main__ - INFO - cube_structure_item: CUBE_STRUCTURE_ITEM object (10030)
2025-05-07 14:41:58,624 - __main__ - INFO - cube_structure_item: CUBE_STRUCTURE_ITEM object (10032)
2025-05-07 14:41:58,627 - __main__ - INFO - cube_structure_item: CUBE_STRUCTURE_ITEM object (10033)
2025-05-07 14:41:58,629 - __main__ - INFO - cube_structure_item: CUBE_STRUCTURE_ITEM object (10053)
2025-05-07 14:41:58,633 - __main__ - INFO - cube_structure_item: CUBE_STRUCTURE_ITEM object (10056)
2025-05-07 14:41:58,637 - __main__ - INFO - cube_structure_item: CUBE_STRUCTURE_ITEM object (10057)
2025-05-07 14:41:58,639 - __main__ - INFO - cube_structure_item: CUBE_STRUCTURE_ITEM object (10062)
2025-05-07 14:41:58,644 - __main__ - INFO - cube_structure_item: CUBE_STRUCTURE_ITEM object (10066)
2025-05-07 14:41:58,649 - __main__ - INFO - cube_structure_item: CUBE_STRUCTURE_ITEM object (10069)
2025-05-07 14:41:58,654 - __main__ - INFO - cube_structure_item: CUBE_STRUCTURE_ITEM object (10070)
2025-05-07 14:41:58,659 - __main__ - INFO - cube_structure_item: CUBE_STRUCTURE_ITEM object (10071)
2025-05-07 14:41:58,664 - __main__ - INFO - cube_structure_item: CUBE_STRUCTURE_ITEM object (10073)
2025-05-07 14:41:58,669 - __main__ - INFO - cube_structure_item: CUBE_STRUCTURE_ITEM object (10075)
2025-05-07 14:41:58,674 - __main__ - INFO - cube_structure_item: CUBE_STRUCTURE_ITEM object (10081)
2025-05-07 14:41:58,677 - __main__ - INFO - cube_structure_item: CUBE_STRUCTURE_ITEM object (10082)
2025-05-07 14:41:58,680 - __main__ - INFO - cube_structure_item: CUBE_STRUCTURE_ITEM object (10084)
2025-05-07 14:41:58,682 - __main__ - INFO - cube_structure_item: CUBE_STRUCTURE_ITEM object (10085)
2025-05-07 14:41:58,685 - __main__ - INFO - cube_structure_item: CUBE_STRUCTURE_ITEM object (10092)
2025-05-07 14:41:58,687 - __main__ - INFO - cube_structure_item: CUBE_STRUCTURE_ITEM object (10094)
2025-05-07 14:41:58,692 - __main__ - INFO - cube_structure_item: CUBE_STRUCTURE_ITEM object (10105)
2025-05-07 14:41:58,696 - __main__ - INFO - cube_structure_item: CUBE_STRUCTURE_ITEM object (10107)
2025-05-07 14:41:58,700 - __main__ - INFO - cube_structure_item: CUBE_STRUCTURE_ITEM object (10108)
2025-05-07 14:41:58,704 - __main__ - INFO - cube_structure_item: CUBE_STRUCTURE_ITEM object (10115)
2025-05-07 14:41:58,708 - __main__ - INFO - cube_structure_item: CUBE_STRUCTURE_ITEM object (10117)
2025-05-07 14:41:58,713 - __main__ - INFO - cube_structure_item: CUBE_STRUCTURE_ITEM object (10127)
2025-05-07 14:41:58,718 - __main__ - INFO - cube_structure_item: CUBE_STRUCTURE_ITEM object (10128)
2025-05-07 14:41:58,722 - __main__ - INFO - cube_structure_item: CUBE_STRUCTURE_ITEM object (10137)
2025-05-07 14:41:58,727 - __main__ - INFO - cube_structure_item: CUBE_STRUCTURE_ITEM object (9965)
2025-05-07 14:41:58,727 - __main__ - INFO - cube_structure_item: CUBE_STRUCTURE_ITEM object (9967)
2025-05-07 14:41:58,727 - __main__ - INFO - cube_structure_item: CUBE_STRUCTURE_ITEM object (9977)
2025-05-07 14:41:58,727 - __main__ - INFO - cube_structure_item: CUBE_STRUCTURE_ITEM object (9978)
2025-05-07 14:41:58,728 - __main__ - INFO - cube_structure_item: CUBE_STRUCTURE_ITEM object (9979)
2025-05-07 14:41:58,728 - __main__ - INFO - cube_structure_item: CUBE_STRUCTURE_ITEM object (9981)
2025-05-07 14:41:58,728 - __main__ - INFO - cube_structure_item: CUBE_STRUCTURE_ITEM object (9984)
2025-05-07 14:41:58,728 - __main__ - INFO - cube_structure_item: CUBE_STRUCTURE_ITEM object (9985)
2025-05-07 14:41:58,728 - __main__ - INFO - cube_structure_item: CUBE_STRUCTURE_ITEM object (9990)
2025-05-07 14:41:58,729 - __main__ - INFO - cube_structure_item: CUBE_STRUCTURE_ITEM object (9993)
2025-05-07 14:41:58,729 - __main__ - INFO - cube_structure_item: CUBE_STRUCTURE_ITEM object (9999)
2025-05-07 14:41:58,729 - __main__ - INFO - cube_structure_item: CUBE_STRUCTURE_ITEM object (10000)
2025-05-07 14:41:58,729 - __main__ - INFO - cube_structure_item: CUBE_STRUCTURE_ITEM object (10005)
2025-05-07 14:41:58,729 - __main__ - INFO - cube_structure_item: CUBE_STRUCTURE_ITEM object (10009)
2025-05-07 14:41:58,730 - __main__ - INFO - cube_structure_item: CUBE_STRUCTURE_ITEM object (10011)
2025-05-07 14:41:58,730 - __main__ - INFO - cube_structure_item: CUBE_STRUCTURE_ITEM object (10012)
2025-05-07 14:41:58,730 - __main__ - INFO - cube_structure_item: CUBE_STRUCTURE_ITEM object (10013)
2025-05-07 14:41:58,730 - __main__ - INFO - cube_structure_item: CUBE_STRUCTURE_ITEM object (10020)
2025-05-07 14:41:58,730 - __main__ - INFO - cube_structure_item: CUBE_STRUCTURE_ITEM object (10021)
2025-05-07 14:41:58,730 - __main__ - INFO - cube_structure_item: CUBE_STRUCTURE_ITEM object (10024)
2025-05-07 14:41:58,730 - __main__ - INFO - cube_structure_item: CUBE_STRUCTURE_ITEM object (10025)
2025-05-07 14:41:58,731 - __main__ - INFO - cube_structure_item: CUBE_STRUCTURE_ITEM object (10026)
2025-05-07 14:41:58,731 - __main__ - INFO - cube_structure_item: CUBE_STRUCTURE_ITEM object (10029)
2025-05-07 14:41:58,731 - __main__ - INFO - cube_structure_item: CUBE_STRUCTURE_ITEM object (10030)
2025-05-07 14:41:58,731 - __main__ - INFO - cube_structure_item: CUBE_STRUCTURE_ITEM object (10032)
2025-05-07 14:41:58,731 - __main__ - INFO - cube_structure_item: CUBE_STRUCTURE_ITEM object (10033)
2025-05-07 14:41:58,731 - __main__ - INFO - cube_structure_item: CUBE_STRUCTURE_ITEM object (10053)
2025-05-07 14:41:58,732 - __main__ - INFO - cube_structure_item: CUBE_STRUCTURE_ITEM object (10056)
2025-05-07 14:41:58,732 - __main__ - INFO - cube_structure_item: CUBE_STRUCTURE_ITEM object (10057)
2025-05-07 14:41:58,732 - __main__ - INFO - cube_structure_item: CUBE_STRUCTURE_ITEM object (10062)
2025-05-07 14:41:58,732 - __main__ - INFO - cube_structure_item: CUBE_STRUCTURE_ITEM object (10066)
2025-05-07 14:41:58,732 - __main__ - INFO - cube_structure_item: CUBE_STRUCTURE_ITEM object (10069)
2025-05-07 14:41:58,733 - __main__ - INFO - cube_structure_item: CUBE_STRUCTURE_ITEM object (10070)
2025-05-07 14:41:58,733 - __main__ - INFO - cube_structure_item: CUBE_STRUCTURE_ITEM object (10071)
2025-05-07 14:41:58,733 - __main__ - INFO - cube_structure_item: CUBE_STRUCTURE_ITEM object (10073)
2025-05-07 14:41:58,733 - __main__ - INFO - cube_structure_item: CUBE_STRUCTURE_ITEM object (10075)
2025-05-07 14:41:58,733 - __main__ - INFO - cube_structure_item: CUBE_STRUCTURE_ITEM object (10081)
2025-05-07 14:41:58,733 - __main__ - INFO - cube_structure_item: CUBE_STRUCTURE_ITEM object (10082)
2025-05-07 14:41:58,734 - __main__ - INFO - cube_structure_item: CUBE_STRUCTURE_ITEM object (10084)
2025-05-07 14:41:58,734 - __main__ - INFO - cube_structure_item: CUBE_STRUCTURE_ITEM object (10085)
2025-05-07 14:41:58,734 - __main__ - INFO - cube_structure_item: CUBE_STRUCTURE_ITEM object (10092)
2025-05-07 14:41:58,734 - __main__ - INFO - cube_structure_item: CUBE_STRUCTURE_ITEM object (10094)
2025-05-07 14:41:58,734 - __main__ - INFO - cube_structure_item: CUBE_STRUCTURE_ITEM object (10105)
2025-05-07 14:41:58,734 - __main__ - INFO - cube_structure_item: CUBE_STRUCTURE_ITEM object (10107)
2025-05-07 14:41:58,734 - __main__ - INFO - cube_structure_item: CUBE_STRUCTURE_ITEM object (10108)
2025-05-07 14:41:58,735 - __main__ - INFO - cube_structure_item: CUBE_STRUCTURE_ITEM object (10115)
2025-05-07 14:41:58,735 - __main__ - INFO - cube_structure_item: CUBE_STRUCTURE_ITEM object (10117)
2025-05-07 14:41:58,735 - __main__ - INFO - cube_structure_item: CUBE_STRUCTURE_ITEM object (10127)
2025-05-07 14:41:58,735 - __main__ - INFO - cube_structure_item: CUBE_STRUCTURE_ITEM object (10128)
2025-05-07 14:41:58,735 - __main__ - INFO - cube_structure_item: CUBE_STRUCTURE_ITEM object (10137)
2025-05-07 14:41:58,735 - __main__ - INFO - cube_structure_item: CUBE_STRUCTURE_ITEM object (9965)
2025-05-07 14:41:58,736 - __main__ - INFO - cube_structure_item: CUBE_STRUCTURE_ITEM object (9967)
2025-05-07 14:41:58,736 - __main__ - INFO - cube_structure_item: CUBE_STRUCTURE_ITEM object (9977)
2025-05-07 14:41:58,736 - __main__ - INFO - cube_structure_item: CUBE_STRUCTURE_ITEM object (9978)
2025-05-07 14:41:58,736 - __main__ - INFO - cube_structure_item: CUBE_STRUCTURE_ITEM object (9979)
2025-05-07 14:41:58,736 - __main__ - INFO - cube_structure_item: CUBE_STRUCTURE_ITEM object (9981)
2025-05-07 14:41:58,736 - __main__ - INFO - cube_structure_item: CUBE_STRUCTURE_ITEM object (9984)
2025-05-07 14:41:58,736 - __main__ - INFO - cube_structure_item: CUBE_STRUCTURE_ITEM object (9985)
2025-05-07 14:41:58,737 - __main__ - INFO - cube_structure_item: CUBE_STRUCTURE_ITEM object (9990)
2025-05-07 14:41:58,737 - __main__ - INFO - cube_structure_item: CUBE_STRUCTURE_ITEM object (9993)
2025-05-07 14:41:58,737 - __main__ - INFO - cube_structure_item: CUBE_STRUCTURE_ITEM object (9999)
2025-05-07 14:41:58,737 - __main__ - INFO - cube_structure_item: CUBE_STRUCTURE_ITEM object (10000)
2025-05-07 14:41:58,737 - __main__ - INFO - cube_structure_item: CUBE_STRUCTURE_ITEM object (10005)
2025-05-07 14:41:58,737 - __main__ - INFO - cube_structure_item: CUBE_STRUCTURE_ITEM object (10009)
2025-05-07 14:41:58,738 - __main__ - INFO - cube_structure_item: CUBE_STRUCTURE_ITEM object (10011)
2025-05-07 14:41:58,738 - __main__ - INFO - cube_structure_item: CUBE_STRUCTURE_ITEM object (10012)
2025-05-07 14:41:58,738 - __main__ - INFO - cube_structure_item: CUBE_STRUCTURE_ITEM object (10013)
2025-05-07 14:41:58,738 - __main__ - INFO - cube_structure_item: CUBE_STRUCTURE_ITEM object (10020)
2025-05-07 14:41:58,738 - __main__ - INFO - cube_structure_item: CUBE_STRUCTURE_ITEM object (10021)
2025-05-07 14:41:58,738 - __main__ - INFO - cube_structure_item: CUBE_STRUCTURE_ITEM object (10024)
2025-05-07 14:41:58,738 - __main__ - INFO - cube_structure_item: CUBE_STRUCTURE_ITEM object (10025)
2025-05-07 14:41:58,739 - __main__ - INFO - cube_structure_item: CUBE_STRUCTURE_ITEM object (10026)
2025-05-07 14:41:58,739 - __main__ - INFO - cube_structure_item: CUBE_STRUCTURE_ITEM object (10029)
2025-05-07 14:41:58,739 - __main__ - INFO - cube_structure_item: CUBE_STRUCTURE_ITEM object (10030)
2025-05-07 14:41:58,739 - __main__ - INFO - cube_structure_item: CUBE_STRUCTURE_ITEM object (10032)
2025-05-07 14:41:58,739 - __main__ - INFO - cube_structure_item: CUBE_STRUCTURE_ITEM object (10033)
2025-05-07 14:41:58,740 - __main__ - INFO - cube_structure_item: CUBE_STRUCTURE_ITEM object (10053)
2025-05-07 14:41:58,740 - __main__ - INFO - cube_structure_item: CUBE_STRUCTURE_ITEM object (10056)
2025-05-07 14:41:58,740 - __main__ - INFO - cube_structure_item: CUBE_STRUCTURE_ITEM object (10057)
2025-05-07 14:41:58,740 - __main__ - INFO - cube_structure_item: CUBE_STRUCTURE_ITEM object (10062)
2025-05-07 14:41:58,740 - __main__ - INFO - cube_structure_item: CUBE_STRUCTURE_ITEM object (10066)
2025-05-07 14:41:58,740 - __main__ - INFO - cube_structure_item: CUBE_STRUCTURE_ITEM object (10069)
2025-05-07 14:41:58,740 - __main__ - INFO - cube_structure_item: CUBE_STRUCTURE_ITEM object (10070)
2025-05-07 14:41:58,741 - __main__ - INFO - cube_structure_item: CUBE_STRUCTURE_ITEM object (10071)
2025-05-07 14:41:58,741 - __main__ - INFO - cube_structure_item: CUBE_STRUCTURE_ITEM object (10073)
2025-05-07 14:41:58,741 - __main__ - INFO - cube_structure_item: CUBE_STRUCTURE_ITEM object (10075)
2025-05-07 14:41:58,741 - __main__ - INFO - cube_structure_item: CUBE_STRUCTURE_ITEM object (10081)
2025-05-07 14:41:58,741 - __main__ - INFO - cube_structure_item: CUBE_STRUCTURE_ITEM object (10082)
2025-05-07 14:41:58,741 - __main__ - INFO - cube_structure_item: CUBE_STRUCTURE_ITEM object (10084)
2025-05-07 14:41:58,742 - __main__ - INFO - cube_structure_item: CUBE_STRUCTURE_ITEM object (10085)
2025-05-07 14:41:58,742 - __main__ - INFO - cube_structure_item: CUBE_STRUCTURE_ITEM object (10092)
2025-05-07 14:41:58,742 - __main__ - INFO - cube_structure_item: CUBE_STRUCTURE_ITEM object (10094)
2025-05-07 14:41:58,742 - __main__ - INFO - cube_structure_item: CUBE_STRUCTURE_ITEM object (10105)
2025-05-07 14:41:58,742 - __main__ - INFO - cube_structure_item: CUBE_STRUCTURE_ITEM object (10107)
2025-05-07 14:41:58,742 - __main__ - INFO - cube_structure_item: CUBE_STRUCTURE_ITEM object (10108)
2025-05-07 14:41:58,742 - __main__ - INFO - cube_structure_item: CUBE_STRUCTURE_ITEM object (10115)
2025-05-07 14:41:58,743 - __main__ - INFO - cube_structure_item: CUBE_STRUCTURE_ITEM object (10117)
2025-05-07 14:41:58,743 - __main__ - INFO - cube_structure_item: CUBE_STRUCTURE_ITEM object (10127)
2025-05-07 14:41:58,743 - __main__ - INFO - cube_structure_item: CUBE_STRUCTURE_ITEM object (10128)
2025-05-07 14:41:58,743 - __main__ - INFO - cube_structure_item: CUBE_STRUCTURE_ITEM object (10137)
2025-05-07 14:41:58,743 - __main__ - INFO - {'ANCRDT_INSTRMNT_C_1:Loans and advances': [<CUBE_LINK: CUBE_LINK object (INSTRMNT:Loans and advances:ANCRDT_INSTRMNT_C_1)>, <CUBE_LINK: CUBE_LINK object (INSTRMNT_RL:Loans and advances:ANCRDT_INSTRMNT_C_1)>, <CUBE_LINK: CUBE_LINK object (CLLTRL:Loans and advances:ANCRDT_INSTRMNT_C_1)>]}
2025-05-07 14:41:58,830 - __main__ - INFO - cube_structure_item: CUBE_STRUCTURE_ITEM object (9965)
2025-05-07 14:41:58,831 - __main__ - INFO - cube_structure_item: CUBE_STRUCTURE_ITEM object (9967)
2025-05-07 14:41:58,831 - __main__ - INFO - cube_structure_item: CUBE_STRUCTURE_ITEM object (9977)
2025-05-07 14:41:58,831 - __main__ - INFO - cube_structure_item: CUBE_STRUCTURE_ITEM object (9978)
2025-05-07 14:41:58,831 - __main__ - INFO - cube_structure_item: CUBE_STRUCTURE_ITEM object (9979)
2025-05-07 14:41:58,832 - __main__ - INFO - cube_structure_item: CUBE_STRUCTURE_ITEM object (9981)
2025-05-07 14:41:58,832 - __main__ - INFO - cube_structure_item: CUBE_STRUCTURE_ITEM object (9984)
2025-05-07 14:41:58,832 - __main__ - INFO - cube_structure_item: CUBE_STRUCTURE_ITEM object (9985)
2025-05-07 14:41:58,832 - __main__ - INFO - cube_structure_item: CUBE_STRUCTURE_ITEM object (9990)
2025-05-07 14:41:58,833 - __main__ - INFO - cube_structure_item: CUBE_STRUCTURE_ITEM object (9993)
2025-05-07 14:41:58,833 - __main__ - INFO - cube_structure_item: CUBE_STRUCTURE_ITEM object (9999)
2025-05-07 14:41:58,833 - __main__ - INFO - cube_structure_item: CUBE_STRUCTURE_ITEM object (10000)
2025-05-07 14:41:58,833 - __main__ - INFO - cube_structure_item: CUBE_STRUCTURE_ITEM object (10005)
2025-05-07 14:41:58,834 - __main__ - INFO - cube_structure_item: CUBE_STRUCTURE_ITEM object (10009)
2025-05-07 14:41:58,834 - __main__ - INFO - cube_structure_item: CUBE_STRUCTURE_ITEM object (10011)
2025-05-07 14:41:58,834 - __main__ - INFO - cube_structure_item: CUBE_STRUCTURE_ITEM object (10012)
2025-05-07 14:41:58,834 - __main__ - INFO - cube_structure_item: CUBE_STRUCTURE_ITEM object (10013)
2025-05-07 14:41:58,835 - __main__ - INFO - cube_structure_item: CUBE_STRUCTURE_ITEM object (10020)
2025-05-07 14:41:58,835 - __main__ - INFO - cube_structure_item: CUBE_STRUCTURE_ITEM object (10021)
2025-05-07 14:41:58,835 - __main__ - INFO - cube_structure_item: CUBE_STRUCTURE_ITEM object (10024)
2025-05-07 14:41:58,835 - __main__ - INFO - cube_structure_item: CUBE_STRUCTURE_ITEM object (10025)
2025-05-07 14:41:58,836 - __main__ - INFO - cube_structure_item: CUBE_STRUCTURE_ITEM object (10026)
2025-05-07 14:41:58,836 - __main__ - INFO - cube_structure_item: CUBE_STRUCTURE_ITEM object (10029)
2025-05-07 14:41:58,836 - __main__ - INFO - cube_structure_item: CUBE_STRUCTURE_ITEM object (10030)
2025-05-07 14:41:58,836 - __main__ - INFO - cube_structure_item: CUBE_STRUCTURE_ITEM object (10032)
2025-05-07 14:41:58,837 - __main__ - INFO - cube_structure_item: CUBE_STRUCTURE_ITEM object (10033)
2025-05-07 14:41:58,837 - __main__ - INFO - cube_structure_item: CUBE_STRUCTURE_ITEM object (10053)
2025-05-07 14:41:58,837 - __main__ - INFO - cube_structure_item: CUBE_STRUCTURE_ITEM object (10056)
2025-05-07 14:41:58,837 - __main__ - INFO - cube_structure_item: CUBE_STRUCTURE_ITEM object (10057)
2025-05-07 14:41:58,838 - __main__ - INFO - cube_structure_item: CUBE_STRUCTURE_ITEM object (10062)
2025-05-07 14:41:58,838 - __main__ - INFO - cube_structure_item: CUBE_STRUCTURE_ITEM object (10066)
2025-05-07 14:41:58,838 - __main__ - INFO - cube_structure_item: CUBE_STRUCTURE_ITEM object (10069)
2025-05-07 14:41:58,838 - __main__ - INFO - cube_structure_item: CUBE_STRUCTURE_ITEM object (10070)
2025-05-07 14:41:58,839 - __main__ - INFO - cube_structure_item: CUBE_STRUCTURE_ITEM object (10071)
2025-05-07 14:41:58,839 - __main__ - INFO - cube_structure_item: CUBE_STRUCTURE_ITEM object (10073)
2025-05-07 14:41:58,839 - __main__ - INFO - cube_structure_item: CUBE_STRUCTURE_ITEM object (10075)
2025-05-07 14:41:58,839 - __main__ - INFO - cube_structure_item: CUBE_STRUCTURE_ITEM object (10081)
2025-05-07 14:41:58,839 - __main__ - INFO - cube_structure_item: CUBE_STRUCTURE_ITEM object (10082)
2025-05-07 14:41:58,840 - __main__ - INFO - cube_structure_item: CUBE_STRUCTURE_ITEM object (10084)
2025-05-07 14:41:58,840 - __main__ - INFO - cube_structure_item: CUBE_STRUCTURE_ITEM object (10085)
2025-05-07 14:41:58,840 - __main__ - INFO - cube_structure_item: CUBE_STRUCTURE_ITEM object (10092)
2025-05-07 14:41:58,840 - __main__ - INFO - cube_structure_item: CUBE_STRUCTURE_ITEM object (10094)
2025-05-07 14:41:58,841 - __main__ - INFO - cube_structure_item: CUBE_STRUCTURE_ITEM object (10105)
2025-05-07 14:41:58,841 - __main__ - INFO - cube_structure_item: CUBE_STRUCTURE_ITEM object (10107)
2025-05-07 14:41:58,841 - __main__ - INFO - cube_structure_item: CUBE_STRUCTURE_ITEM object (10108)
2025-05-07 14:41:58,841 - __main__ - INFO - cube_structure_item: CUBE_STRUCTURE_ITEM object (10115)
2025-05-07 14:41:58,842 - __main__ - INFO - cube_structure_item: CUBE_STRUCTURE_ITEM object (10117)
2025-05-07 14:41:58,842 - __main__ - INFO - cube_structure_item: CUBE_STRUCTURE_ITEM object (10127)
2025-05-07 14:41:58,842 - __main__ - INFO - cube_structure_item: CUBE_STRUCTURE_ITEM object (10128)
2025-05-07 14:41:58,842 - __main__ - INFO - cube_structure_item: CUBE_STRUCTURE_ITEM object (10137)
2025-05-07 14:42:02,650 - __main__ - INFO - cube_structure_item: CUBE_STRUCTURE_ITEM object (9965)
2025-05-07 14:42:02,650 - __main__ - INFO - cube_structure_item: CUBE_STRUCTURE_ITEM object (9967)
2025-05-07 14:42:02,650 - __main__ - INFO - cube_structure_item: CUBE_STRUCTURE_ITEM object (9977)
2025-05-07 14:42:02,651 - __main__ - INFO - cube_structure_item: CUBE_STRUCTURE_ITEM object (9978)
2025-05-07 14:42:02,651 - __main__ - INFO - cube_structure_item: CUBE_STRUCTURE_ITEM object (9979)
2025-05-07 14:42:02,651 - __main__ - INFO - cube_structure_item: CUBE_STRUCTURE_ITEM object (9981)
2025-05-07 14:42:02,652 - __main__ - INFO - cube_structure_item: CUBE_STRUCTURE_ITEM object (9984)
2025-05-07 14:42:02,652 - __main__ - INFO - cube_structure_item: CUBE_STRUCTURE_ITEM object (9985)
2025-05-07 14:42:02,652 - __main__ - INFO - cube_structure_item: CUBE_STRUCTURE_ITEM object (9990)
2025-05-07 14:42:02,652 - __main__ - INFO - cube_structure_item: CUBE_STRUCTURE_ITEM object (9993)
2025-05-07 14:42:02,653 - __main__ - INFO - cube_structure_item: CUBE_STRUCTURE_ITEM object (9999)
2025-05-07 14:42:02,653 - __main__ - INFO - cube_structure_item: CUBE_STRUCTURE_ITEM object (10000)
2025-05-07 14:42:02,653 - __main__ - INFO - cube_structure_item: CUBE_STRUCTURE_ITEM object (10005)
2025-05-07 14:42:02,653 - __main__ - INFO - cube_structure_item: CUBE_STRUCTURE_ITEM object (10009)
2025-05-07 14:42:02,654 - __main__ - INFO - cube_structure_item: CUBE_STRUCTURE_ITEM object (10011)
2025-05-07 14:42:02,654 - __main__ - INFO - cube_structure_item: CUBE_STRUCTURE_ITEM object (10012)
2025-05-07 14:42:02,654 - __main__ - INFO - cube_structure_item: CUBE_STRUCTURE_ITEM object (10013)
2025-05-07 14:42:02,654 - __main__ - INFO - cube_structure_item: CUBE_STRUCTURE_ITEM object (10020)
2025-05-07 14:42:02,654 - __main__ - INFO - cube_structure_item: CUBE_STRUCTURE_ITEM object (10021)
2025-05-07 14:42:02,655 - __main__ - INFO - cube_structure_item: CUBE_STRUCTURE_ITEM object (10024)
2025-05-07 14:42:02,655 - __main__ - INFO - cube_structure_item: CUBE_STRUCTURE_ITEM object (10025)
2025-05-07 14:42:02,655 - __main__ - INFO - cube_structure_item: CUBE_STRUCTURE_ITEM object (10026)
2025-05-07 14:42:02,655 - __main__ - INFO - cube_structure_item: CUBE_STRUCTURE_ITEM object (10029)
2025-05-07 14:42:02,655 - __main__ - INFO - cube_structure_item: CUBE_STRUCTURE_ITEM object (10030)
2025-05-07 14:42:02,656 - __main__ - INFO - cube_structure_item: CUBE_STRUCTURE_ITEM object (10032)
2025-05-07 14:42:02,656 - __main__ - INFO - cube_structure_item: CUBE_STRUCTURE_ITEM object (10033)
2025-05-07 14:42:02,656 - __main__ - INFO - cube_structure_item: CUBE_STRUCTURE_ITEM object (10053)
2025-05-07 14:42:02,656 - __main__ - INFO - cube_structure_item: CUBE_STRUCTURE_ITEM object (10056)
2025-05-07 14:42:02,657 - __main__ - INFO - cube_structure_item: CUBE_STRUCTURE_ITEM object (10057)
2025-05-07 14:42:02,657 - __main__ - INFO - cube_structure_item: CUBE_STRUCTURE_ITEM object (10062)
2025-05-07 14:42:02,657 - __main__ - INFO - cube_structure_item: CUBE_STRUCTURE_ITEM object (10066)
2025-05-07 14:42:02,657 - __main__ - INFO - cube_structure_item: CUBE_STRUCTURE_ITEM object (10069)
2025-05-07 14:42:02,657 - __main__ - INFO - cube_structure_item: CUBE_STRUCTURE_ITEM object (10070)
2025-05-07 14:42:02,658 - __main__ - INFO - cube_structure_item: CUBE_STRUCTURE_ITEM object (10071)
2025-05-07 14:42:02,658 - __main__ - INFO - cube_structure_item: CUBE_STRUCTURE_ITEM object (10073)
2025-05-07 14:42:02,658 - __main__ - INFO - cube_structure_item: CUBE_STRUCTURE_ITEM object (10075)
2025-05-07 14:42:02,658 - __main__ - INFO - cube_structure_item: CUBE_STRUCTURE_ITEM object (10081)
2025-05-07 14:42:02,659 - __main__ - INFO - cube_structure_item: CUBE_STRUCTURE_ITEM object (10082)
2025-05-07 14:42:02,659 - __main__ - INFO - cube_structure_item: CUBE_STRUCTURE_ITEM object (10084)
2025-05-07 14:42:02,659 - __main__ - INFO - cube_structure_item: CUBE_STRUCTURE_ITEM object (10085)
2025-05-07 14:42:02,659 - __main__ - INFO - cube_structure_item: CUBE_STRUCTURE_ITEM object (10092)
2025-05-07 14:42:02,659 - __main__ - INFO - cube_structure_item: CUBE_STRUCTURE_ITEM object (10094)
2025-05-07 14:42:02,660 - __main__ - INFO - cube_structure_item: CUBE_STRUCTURE_ITEM object (10105)
2025-05-07 14:42:02,660 - __main__ - INFO - cube_structure_item: CUBE_STRUCTURE_ITEM object (10107)
2025-05-07 14:42:02,660 - __main__ - INFO - cube_structure_item: CUBE_STRUCTURE_ITEM object (10108)
2025-05-07 14:42:02,660 - __main__ - INFO - cube_structure_item: CUBE_STRUCTURE_ITEM object (10115)
2025-05-07 14:42:02,660 - __main__ - INFO - cube_structure_item: CUBE_STRUCTURE_ITEM object (10117)
2025-05-07 14:42:02,661 - __main__ - INFO - cube_structure_item: CUBE_STRUCTURE_ITEM object (10127)
2025-05-07 14:42:02,661 - __main__ - INFO - cube_structure_item: CUBE_STRUCTURE_ITEM object (10128)
2025-05-07 14:42:02,661 - __main__ - INFO - cube_structure_item: CUBE_STRUCTURE_ITEM object (10137)
2025-05-07 14:42:56,116 - __main__ - INFO - Django configured successfully with settings module: birds_nest.settings
2025-05-07 14:43:07,606 - __main__ - INFO - Django configured successfully with settings module: birds_nest.settings
2025-05-07 14:43:12,127 - __main__ - INFO - rolc_id: ANCRDT_INSTRMNT_C_1
2025-05-07 14:43:12,127 - __main__ - INFO - cube_structure_item: CUBE_STRUCTURE_ITEM object (9965)
2025-05-07 14:43:12,131 - __main__ - INFO - cube_structure_item: CUBE_STRUCTURE_ITEM object (9967)
2025-05-07 14:43:12,135 - __main__ - INFO - cube_structure_item: CUBE_STRUCTURE_ITEM object (9977)
2025-05-07 14:43:12,138 - __main__ - INFO - cube_structure_item: CUBE_STRUCTURE_ITEM object (9978)
2025-05-07 14:43:12,141 - __main__ - INFO - cube_structure_item: CUBE_STRUCTURE_ITEM object (9979)
2025-05-07 14:43:12,144 - __main__ - INFO - cube_structure_item: CUBE_STRUCTURE_ITEM object (9981)
2025-05-07 14:43:12,147 - __main__ - INFO - cube_structure_item: CUBE_STRUCTURE_ITEM object (9984)
2025-05-07 14:43:12,150 - __main__ - INFO - cube_structure_item: CUBE_STRUCTURE_ITEM object (9985)
2025-05-07 14:43:12,154 - __main__ - INFO - cube_structure_item: CUBE_STRUCTURE_ITEM object (9990)
2025-05-07 14:43:12,157 - __main__ - INFO - cube_structure_item: CUBE_STRUCTURE_ITEM object (9993)
2025-05-07 14:43:12,160 - __main__ - INFO - cube_structure_item: CUBE_STRUCTURE_ITEM object (9999)
2025-05-07 14:43:12,163 - __main__ - INFO - cube_structure_item: CUBE_STRUCTURE_ITEM object (10000)
2025-05-07 14:43:12,166 - __main__ - INFO - cube_structure_item: CUBE_STRUCTURE_ITEM object (10005)
2025-05-07 14:43:12,170 - __main__ - INFO - cube_structure_item: CUBE_STRUCTURE_ITEM object (10009)
2025-05-07 14:43:12,175 - __main__ - INFO - cube_structure_item: CUBE_STRUCTURE_ITEM object (10011)
2025-05-07 14:43:12,178 - __main__ - INFO - cube_structure_item: CUBE_STRUCTURE_ITEM object (10012)
2025-05-07 14:43:12,180 - __main__ - INFO - cube_structure_item: CUBE_STRUCTURE_ITEM object (10013)
2025-05-07 14:43:12,182 - __main__ - INFO - cube_structure_item: CUBE_STRUCTURE_ITEM object (10020)
2025-05-07 14:43:12,184 - __main__ - INFO - cube_structure_item: CUBE_STRUCTURE_ITEM object (10021)
2025-05-07 14:43:12,187 - __main__ - INFO - cube_structure_item: CUBE_STRUCTURE_ITEM object (10024)
2025-05-07 14:43:12,191 - __main__ - INFO - cube_structure_item: CUBE_STRUCTURE_ITEM object (10025)
2025-05-07 14:43:12,195 - __main__ - INFO - cube_structure_item: CUBE_STRUCTURE_ITEM object (10026)
2025-05-07 14:43:12,198 - __main__ - INFO - cube_structure_item: CUBE_STRUCTURE_ITEM object (10029)
2025-05-07 14:43:12,203 - __main__ - INFO - cube_structure_item: CUBE_STRUCTURE_ITEM object (10030)
2025-05-07 14:43:12,206 - __main__ - INFO - cube_structure_item: CUBE_STRUCTURE_ITEM object (10032)
2025-05-07 14:43:12,208 - __main__ - INFO - cube_structure_item: CUBE_STRUCTURE_ITEM object (10033)
2025-05-07 14:43:12,211 - __main__ - INFO - cube_structure_item: CUBE_STRUCTURE_ITEM object (10053)
2025-05-07 14:43:12,215 - __main__ - INFO - cube_structure_item: CUBE_STRUCTURE_ITEM object (10056)
2025-05-07 14:43:12,219 - __main__ - INFO - cube_structure_item: CUBE_STRUCTURE_ITEM object (10057)
2025-05-07 14:43:12,224 - __main__ - INFO - cube_structure_item: CUBE_STRUCTURE_ITEM object (10062)
2025-05-07 14:43:12,228 - __main__ - INFO - cube_structure_item: CUBE_STRUCTURE_ITEM object (10066)
2025-05-07 14:43:12,231 - __main__ - INFO - cube_structure_item: CUBE_STRUCTURE_ITEM object (10069)
2025-05-07 14:43:12,235 - __main__ - INFO - cube_structure_item: CUBE_STRUCTURE_ITEM object (10070)
2025-05-07 14:43:12,239 - __main__ - INFO - cube_structure_item: CUBE_STRUCTURE_ITEM object (10071)
2025-05-07 14:43:12,242 - __main__ - INFO - cube_structure_item: CUBE_STRUCTURE_ITEM object (10073)
2025-05-07 14:43:12,244 - __main__ - INFO - cube_structure_item: CUBE_STRUCTURE_ITEM object (10075)
2025-05-07 14:43:12,246 - __main__ - INFO - cube_structure_item: CUBE_STRUCTURE_ITEM object (10081)
2025-05-07 14:43:12,249 - __main__ - INFO - cube_structure_item: CUBE_STRUCTURE_ITEM object (10082)
2025-05-07 14:43:12,253 - __main__ - INFO - cube_structure_item: CUBE_STRUCTURE_ITEM object (10084)
2025-05-07 14:43:12,257 - __main__ - INFO - cube_structure_item: CUBE_STRUCTURE_ITEM object (10085)
2025-05-07 14:43:12,260 - __main__ - INFO - cube_structure_item: CUBE_STRUCTURE_ITEM object (10092)
2025-05-07 14:43:12,265 - __main__ - INFO - cube_structure_item: CUBE_STRUCTURE_ITEM object (10094)
2025-05-07 14:43:12,268 - __main__ - INFO - cube_structure_item: CUBE_STRUCTURE_ITEM object (10105)
2025-05-07 14:43:12,271 - __main__ - INFO - cube_structure_item: CUBE_STRUCTURE_ITEM object (10107)
2025-05-07 14:43:12,274 - __main__ - INFO - cube_structure_item: CUBE_STRUCTURE_ITEM object (10108)
2025-05-07 14:43:12,277 - __main__ - INFO - cube_structure_item: CUBE_STRUCTURE_ITEM object (10115)
2025-05-07 14:43:12,281 - __main__ - INFO - cube_structure_item: CUBE_STRUCTURE_ITEM object (10117)
2025-05-07 14:43:12,287 - __main__ - INFO - cube_structure_item: CUBE_STRUCTURE_ITEM object (10127)
2025-05-07 14:43:12,291 - __main__ - INFO - cube_structure_item: CUBE_STRUCTURE_ITEM object (10128)
2025-05-07 14:43:12,294 - __main__ - INFO - cube_structure_item: CUBE_STRUCTURE_ITEM object (10137)
2025-05-07 14:43:12,298 - __main__ - INFO - cube_structure_item: CUBE_STRUCTURE_ITEM object (9965)
2025-05-07 14:43:12,298 - __main__ - INFO - cube_structure_item: CUBE_STRUCTURE_ITEM object (9967)
2025-05-07 14:43:12,299 - __main__ - INFO - cube_structure_item: CUBE_STRUCTURE_ITEM object (9977)
2025-05-07 14:43:12,299 - __main__ - INFO - cube_structure_item: CUBE_STRUCTURE_ITEM object (9978)
2025-05-07 14:43:12,299 - __main__ - INFO - cube_structure_item: CUBE_STRUCTURE_ITEM object (9979)
2025-05-07 14:43:12,299 - __main__ - INFO - cube_structure_item: CUBE_STRUCTURE_ITEM object (9981)
2025-05-07 14:43:12,299 - __main__ - INFO - cube_structure_item: CUBE_STRUCTURE_ITEM object (9984)
2025-05-07 14:43:12,300 - __main__ - INFO - cube_structure_item: CUBE_STRUCTURE_ITEM object (9985)
2025-05-07 14:43:12,300 - __main__ - INFO - cube_structure_item: CUBE_STRUCTURE_ITEM object (9990)
2025-05-07 14:43:12,300 - __main__ - INFO - cube_structure_item: CUBE_STRUCTURE_ITEM object (9993)
2025-05-07 14:43:12,300 - __main__ - INFO - cube_structure_item: CUBE_STRUCTURE_ITEM object (9999)
2025-05-07 14:43:12,300 - __main__ - INFO - cube_structure_item: CUBE_STRUCTURE_ITEM object (10000)
2025-05-07 14:43:12,301 - __main__ - INFO - cube_structure_item: CUBE_STRUCTURE_ITEM object (10005)
2025-05-07 14:43:12,301 - __main__ - INFO - cube_structure_item: CUBE_STRUCTURE_ITEM object (10009)
2025-05-07 14:43:12,301 - __main__ - INFO - cube_structure_item: CUBE_STRUCTURE_ITEM object (10011)
2025-05-07 14:43:12,301 - __main__ - INFO - cube_structure_item: CUBE_STRUCTURE_ITEM object (10012)
2025-05-07 14:43:12,301 - __main__ - INFO - cube_structure_item: CUBE_STRUCTURE_ITEM object (10013)
2025-05-07 14:43:12,302 - __main__ - INFO - cube_structure_item: CUBE_STRUCTURE_ITEM object (10020)
2025-05-07 14:43:12,302 - __main__ - INFO - cube_structure_item: CUBE_STRUCTURE_ITEM object (10021)
2025-05-07 14:43:12,302 - __main__ - INFO - cube_structure_item: CUBE_STRUCTURE_ITEM object (10024)
2025-05-07 14:43:12,302 - __main__ - INFO - cube_structure_item: CUBE_STRUCTURE_ITEM object (10025)
2025-05-07 14:43:12,302 - __main__ - INFO - cube_structure_item: CUBE_STRUCTURE_ITEM object (10026)
2025-05-07 14:43:12,303 - __main__ - INFO - cube_structure_item: CUBE_STRUCTURE_ITEM object (10029)
2025-05-07 14:43:12,303 - __main__ - INFO - cube_structure_item: CUBE_STRUCTURE_ITEM object (10030)
2025-05-07 14:43:12,303 - __main__ - INFO - cube_structure_item: CUBE_STRUCTURE_ITEM object (10032)
2025-05-07 14:43:12,303 - __main__ - INFO - cube_structure_item: CUBE_STRUCTURE_ITEM object (10033)
2025-05-07 14:43:12,303 - __main__ - INFO - cube_structure_item: CUBE_STRUCTURE_ITEM object (10053)
2025-05-07 14:43:12,304 - __main__ - INFO - cube_structure_item: CUBE_STRUCTURE_ITEM object (10056)
2025-05-07 14:43:12,304 - __main__ - INFO - cube_structure_item: CUBE_STRUCTURE_ITEM object (10057)
2025-05-07 14:43:12,304 - __main__ - INFO - cube_structure_item: CUBE_STRUCTURE_ITEM object (10062)
2025-05-07 14:43:12,304 - __main__ - INFO - cube_structure_item: CUBE_STRUCTURE_ITEM object (10066)
2025-05-07 14:43:12,304 - __main__ - INFO - cube_structure_item: CUBE_STRUCTURE_ITEM object (10069)
2025-05-07 14:43:12,305 - __main__ - INFO - cube_structure_item: CUBE_STRUCTURE_ITEM object (10070)
2025-05-07 14:43:12,305 - __main__ - INFO - cube_structure_item: CUBE_STRUCTURE_ITEM object (10071)
2025-05-07 14:43:12,305 - __main__ - INFO - cube_structure_item: CUBE_STRUCTURE_ITEM object (10073)
2025-05-07 14:43:12,305 - __main__ - INFO - cube_structure_item: CUBE_STRUCTURE_ITEM object (10075)
2025-05-07 14:43:12,305 - __main__ - INFO - cube_structure_item: CUBE_STRUCTURE_ITEM object (10081)
2025-05-07 14:43:12,305 - __main__ - INFO - cube_structure_item: CUBE_STRUCTURE_ITEM object (10082)
2025-05-07 14:43:12,306 - __main__ - INFO - cube_structure_item: CUBE_STRUCTURE_ITEM object (10084)
2025-05-07 14:43:12,306 - __main__ - INFO - cube_structure_item: CUBE_STRUCTURE_ITEM object (10085)
2025-05-07 14:43:12,306 - __main__ - INFO - cube_structure_item: CUBE_STRUCTURE_ITEM object (10092)
2025-05-07 14:43:12,306 - __main__ - INFO - cube_structure_item: CUBE_STRUCTURE_ITEM object (10094)
2025-05-07 14:43:12,306 - __main__ - INFO - cube_structure_item: CUBE_STRUCTURE_ITEM object (10105)
2025-05-07 14:43:12,307 - __main__ - INFO - cube_structure_item: CUBE_STRUCTURE_ITEM object (10107)
2025-05-07 14:43:12,307 - __main__ - INFO - cube_structure_item: CUBE_STRUCTURE_ITEM object (10108)
2025-05-07 14:43:12,307 - __main__ - INFO - cube_structure_item: CUBE_STRUCTURE_ITEM object (10115)
2025-05-07 14:43:12,307 - __main__ - INFO - cube_structure_item: CUBE_STRUCTURE_ITEM object (10117)
2025-05-07 14:43:12,307 - __main__ - INFO - cube_structure_item: CUBE_STRUCTURE_ITEM object (10127)
2025-05-07 14:43:12,307 - __main__ - INFO - cube_structure_item: CUBE_STRUCTURE_ITEM object (10128)
2025-05-07 14:43:12,308 - __main__ - INFO - cube_structure_item: CUBE_STRUCTURE_ITEM object (10137)
2025-05-07 14:43:12,308 - __main__ - INFO - cube_structure_item: CUBE_STRUCTURE_ITEM object (9965)
2025-05-07 14:43:12,308 - __main__ - INFO - cube_structure_item: CUBE_STRUCTURE_ITEM object (9967)
2025-05-07 14:43:12,308 - __main__ - INFO - cube_structure_item: CUBE_STRUCTURE_ITEM object (9977)
2025-05-07 14:43:12,308 - __main__ - INFO - cube_structure_item: CUBE_STRUCTURE_ITEM object (9978)
2025-05-07 14:43:12,309 - __main__ - INFO - cube_structure_item: CUBE_STRUCTURE_ITEM object (9979)
2025-05-07 14:43:12,309 - __main__ - INFO - cube_structure_item: CUBE_STRUCTURE_ITEM object (9981)
2025-05-07 14:43:12,309 - __main__ - INFO - cube_structure_item: CUBE_STRUCTURE_ITEM object (9984)
2025-05-07 14:43:12,309 - __main__ - INFO - cube_structure_item: CUBE_STRUCTURE_ITEM object (9985)
2025-05-07 14:43:12,309 - __main__ - INFO - cube_structure_item: CUBE_STRUCTURE_ITEM object (9990)
2025-05-07 14:43:12,310 - __main__ - INFO - cube_structure_item: CUBE_STRUCTURE_ITEM object (9993)
2025-05-07 14:43:12,310 - __main__ - INFO - cube_structure_item: CUBE_STRUCTURE_ITEM object (9999)
2025-05-07 14:43:12,310 - __main__ - INFO - cube_structure_item: CUBE_STRUCTURE_ITEM object (10000)
2025-05-07 14:43:12,310 - __main__ - INFO - cube_structure_item: CUBE_STRUCTURE_ITEM object (10005)
2025-05-07 14:43:12,310 - __main__ - INFO - cube_structure_item: CUBE_STRUCTURE_ITEM object (10009)
2025-05-07 14:43:12,311 - __main__ - INFO - cube_structure_item: CUBE_STRUCTURE_ITEM object (10011)
2025-05-07 14:43:12,311 - __main__ - INFO - cube_structure_item: CUBE_STRUCTURE_ITEM object (10012)
2025-05-07 14:43:12,311 - __main__ - INFO - cube_structure_item: CUBE_STRUCTURE_ITEM object (10013)
2025-05-07 14:43:12,311 - __main__ - INFO - cube_structure_item: CUBE_STRUCTURE_ITEM object (10020)
2025-05-07 14:43:12,311 - __main__ - INFO - cube_structure_item: CUBE_STRUCTURE_ITEM object (10021)
2025-05-07 14:43:12,312 - __main__ - INFO - cube_structure_item: CUBE_STRUCTURE_ITEM object (10024)
2025-05-07 14:43:12,312 - __main__ - INFO - cube_structure_item: CUBE_STRUCTURE_ITEM object (10025)
2025-05-07 14:43:12,312 - __main__ - INFO - cube_structure_item: CUBE_STRUCTURE_ITEM object (10026)
2025-05-07 14:43:12,312 - __main__ - INFO - cube_structure_item: CUBE_STRUCTURE_ITEM object (10029)
2025-05-07 14:43:12,312 - __main__ - INFO - cube_structure_item: CUBE_STRUCTURE_ITEM object (10030)
2025-05-07 14:43:12,312 - __main__ - INFO - cube_structure_item: CUBE_STRUCTURE_ITEM object (10032)
2025-05-07 14:43:12,313 - __main__ - INFO - cube_structure_item: CUBE_STRUCTURE_ITEM object (10033)
2025-05-07 14:43:12,313 - __main__ - INFO - cube_structure_item: CUBE_STRUCTURE_ITEM object (10053)
2025-05-07 14:43:12,313 - __main__ - INFO - cube_structure_item: CUBE_STRUCTURE_ITEM object (10056)
2025-05-07 14:43:12,313 - __main__ - INFO - cube_structure_item: CUBE_STRUCTURE_ITEM object (10057)
2025-05-07 14:43:12,314 - __main__ - INFO - cube_structure_item: CUBE_STRUCTURE_ITEM object (10062)
2025-05-07 14:43:12,314 - __main__ - INFO - cube_structure_item: CUBE_STRUCTURE_ITEM object (10066)
2025-05-07 14:43:12,314 - __main__ - INFO - cube_structure_item: CUBE_STRUCTURE_ITEM object (10069)
2025-05-07 14:43:12,314 - __main__ - INFO - cube_structure_item: CUBE_STRUCTURE_ITEM object (10070)
2025-05-07 14:43:12,314 - __main__ - INFO - cube_structure_item: CUBE_STRUCTURE_ITEM object (10071)
2025-05-07 14:43:12,314 - __main__ - INFO - cube_structure_item: CUBE_STRUCTURE_ITEM object (10073)
2025-05-07 14:43:12,315 - __main__ - INFO - cube_structure_item: CUBE_STRUCTURE_ITEM object (10075)
2025-05-07 14:43:12,315 - __main__ - INFO - cube_structure_item: CUBE_STRUCTURE_ITEM object (10081)
2025-05-07 14:43:12,315 - __main__ - INFO - cube_structure_item: CUBE_STRUCTURE_ITEM object (10082)
2025-05-07 14:43:12,315 - __main__ - INFO - cube_structure_item: CUBE_STRUCTURE_ITEM object (10084)
2025-05-07 14:43:12,315 - __main__ - INFO - cube_structure_item: CUBE_STRUCTURE_ITEM object (10085)
2025-05-07 14:43:12,316 - __main__ - INFO - cube_structure_item: CUBE_STRUCTURE_ITEM object (10092)
2025-05-07 14:43:12,316 - __main__ - INFO - cube_structure_item: CUBE_STRUCTURE_ITEM object (10094)
2025-05-07 14:43:12,316 - __main__ - INFO - cube_structure_item: CUBE_STRUCTURE_ITEM object (10105)
2025-05-07 14:43:12,316 - __main__ - INFO - cube_structure_item: CUBE_STRUCTURE_ITEM object (10107)
2025-05-07 14:43:12,316 - __main__ - INFO - cube_structure_item: CUBE_STRUCTURE_ITEM object (10108)
2025-05-07 14:43:12,317 - __main__ - INFO - cube_structure_item: CUBE_STRUCTURE_ITEM object (10115)
2025-05-07 14:43:12,317 - __main__ - INFO - cube_structure_item: CUBE_STRUCTURE_ITEM object (10117)
2025-05-07 14:43:12,317 - __main__ - INFO - cube_structure_item: CUBE_STRUCTURE_ITEM object (10127)
2025-05-07 14:43:12,317 - __main__ - INFO - cube_structure_item: CUBE_STRUCTURE_ITEM object (10128)
2025-05-07 14:43:12,317 - __main__ - INFO - cube_structure_item: CUBE_STRUCTURE_ITEM object (10137)
2025-05-07 14:43:12,318 - __main__ - INFO - {'ANCRDT_INSTRMNT_C_1:Loans and advances': [<CUBE_LINK: CUBE_LINK object (INSTRMNT:Loans and advances:ANCRDT_INSTRMNT_C_1)>, <CUBE_LINK: CUBE_LINK object (INSTRMNT_RL:Loans and advances:ANCRDT_INSTRMNT_C_1)>, <CUBE_LINK: CUBE_LINK object (CLLTRL:Loans and advances:ANCRDT_INSTRMNT_C_1)>]}
2025-05-07 14:43:12,428 - __main__ - INFO - cube_structure_item: CUBE_STRUCTURE_ITEM object (9965)
2025-05-07 14:43:12,428 - __main__ - INFO - cube_structure_item: CUBE_STRUCTURE_ITEM object (9967)
2025-05-07 14:43:12,428 - __main__ - INFO - cube_structure_item: CUBE_STRUCTURE_ITEM object (9977)
2025-05-07 14:43:12,429 - __main__ - INFO - cube_structure_item: CUBE_STRUCTURE_ITEM object (9978)
2025-05-07 14:43:12,429 - __main__ - INFO - cube_structure_item: CUBE_STRUCTURE_ITEM object (9979)
2025-05-07 14:43:12,429 - __main__ - INFO - cube_structure_item: CUBE_STRUCTURE_ITEM object (9981)
2025-05-07 14:43:12,429 - __main__ - INFO - cube_structure_item: CUBE_STRUCTURE_ITEM object (9984)
2025-05-07 14:43:12,429 - __main__ - INFO - cube_structure_item: CUBE_STRUCTURE_ITEM object (9985)
2025-05-07 14:43:12,430 - __main__ - INFO - cube_structure_item: CUBE_STRUCTURE_ITEM object (9990)
2025-05-07 14:43:12,430 - __main__ - INFO - cube_structure_item: CUBE_STRUCTURE_ITEM object (9993)
2025-05-07 14:43:12,430 - __main__ - INFO - cube_structure_item: CUBE_STRUCTURE_ITEM object (9999)
2025-05-07 14:43:12,430 - __main__ - INFO - cube_structure_item: CUBE_STRUCTURE_ITEM object (10000)
2025-05-07 14:43:12,430 - __main__ - INFO - cube_structure_item: CUBE_STRUCTURE_ITEM object (10005)
2025-05-07 14:43:12,430 - __main__ - INFO - cube_structure_item: CUBE_STRUCTURE_ITEM object (10009)
2025-05-07 14:43:12,431 - __main__ - INFO - cube_structure_item: CUBE_STRUCTURE_ITEM object (10011)
2025-05-07 14:43:12,431 - __main__ - INFO - cube_structure_item: CUBE_STRUCTURE_ITEM object (10012)
2025-05-07 14:43:12,435 - __main__ - INFO - cube_structure_item: CUBE_STRUCTURE_ITEM object (10013)
2025-05-07 14:43:12,435 - __main__ - INFO - cube_structure_item: CUBE_STRUCTURE_ITEM object (10020)
2025-05-07 14:43:12,436 - __main__ - INFO - cube_structure_item: CUBE_STRUCTURE_ITEM object (10021)
2025-05-07 14:43:12,436 - __main__ - INFO - cube_structure_item: CUBE_STRUCTURE_ITEM object (10024)
2025-05-07 14:43:12,436 - __main__ - INFO - cube_structure_item: CUBE_STRUCTURE_ITEM object (10025)
2025-05-07 14:43:12,436 - __main__ - INFO - cube_structure_item: CUBE_STRUCTURE_ITEM object (10026)
2025-05-07 14:43:12,436 - __main__ - INFO - cube_structure_item: CUBE_STRUCTURE_ITEM object (10029)
2025-05-07 14:43:12,437 - __main__ - INFO - cube_structure_item: CUBE_STRUCTURE_ITEM object (10030)
2025-05-07 14:43:12,437 - __main__ - INFO - cube_structure_item: CUBE_STRUCTURE_ITEM object (10032)
2025-05-07 14:43:12,437 - __main__ - INFO - cube_structure_item: CUBE_STRUCTURE_ITEM object (10033)
2025-05-07 14:43:12,437 - __main__ - INFO - cube_structure_item: CUBE_STRUCTURE_ITEM object (10053)
2025-05-07 14:43:12,437 - __main__ - INFO - cube_structure_item: CUBE_STRUCTURE_ITEM object (10056)
2025-05-07 14:43:12,437 - __main__ - INFO - cube_structure_item: CUBE_STRUCTURE_ITEM object (10057)
2025-05-07 14:43:12,438 - __main__ - INFO - cube_structure_item: CUBE_STRUCTURE_ITEM object (10062)
2025-05-07 14:43:12,438 - __main__ - INFO - cube_structure_item: CUBE_STRUCTURE_ITEM object (10066)
2025-05-07 14:43:12,438 - __main__ - INFO - cube_structure_item: CUBE_STRUCTURE_ITEM object (10069)
2025-05-07 14:43:12,438 - __main__ - INFO - cube_structure_item: CUBE_STRUCTURE_ITEM object (10070)
2025-05-07 14:43:12,438 - __main__ - INFO - cube_structure_item: CUBE_STRUCTURE_ITEM object (10071)
2025-05-07 14:43:12,438 - __main__ - INFO - cube_structure_item: CUBE_STRUCTURE_ITEM object (10073)
2025-05-07 14:43:12,439 - __main__ - INFO - cube_structure_item: CUBE_STRUCTURE_ITEM object (10075)
2025-05-07 14:43:12,439 - __main__ - INFO - cube_structure_item: CUBE_STRUCTURE_ITEM object (10081)
2025-05-07 14:43:12,439 - __main__ - INFO - cube_structure_item: CUBE_STRUCTURE_ITEM object (10082)
2025-05-07 14:43:12,439 - __main__ - INFO - cube_structure_item: CUBE_STRUCTURE_ITEM object (10084)
2025-05-07 14:43:12,439 - __main__ - INFO - cube_structure_item: CUBE_STRUCTURE_ITEM object (10085)
2025-05-07 14:43:12,440 - __main__ - INFO - cube_structure_item: CUBE_STRUCTURE_ITEM object (10092)
2025-05-07 14:43:12,440 - __main__ - INFO - cube_structure_item: CUBE_STRUCTURE_ITEM object (10094)
2025-05-07 14:43:12,440 - __main__ - INFO - cube_structure_item: CUBE_STRUCTURE_ITEM object (10105)
2025-05-07 14:43:12,440 - __main__ - INFO - cube_structure_item: CUBE_STRUCTURE_ITEM object (10107)
2025-05-07 14:43:12,441 - __main__ - INFO - cube_structure_item: CUBE_STRUCTURE_ITEM object (10108)
2025-05-07 14:43:12,441 - __main__ - INFO - cube_structure_item: CUBE_STRUCTURE_ITEM object (10115)
2025-05-07 14:43:12,441 - __main__ - INFO - cube_structure_item: CUBE_STRUCTURE_ITEM object (10117)
2025-05-07 14:43:12,441 - __main__ - INFO - cube_structure_item: CUBE_STRUCTURE_ITEM object (10127)
2025-05-07 14:43:12,441 - __main__ - INFO - cube_structure_item: CUBE_STRUCTURE_ITEM object (10128)
2025-05-07 14:43:12,442 - __main__ - INFO - cube_structure_item: CUBE_STRUCTURE_ITEM object (10137)
2025-05-07 14:43:16,317 - __main__ - INFO - cube_structure_item: CUBE_STRUCTURE_ITEM object (9965)
2025-05-07 14:43:45,180 - __main__ - INFO - Django configured successfully with settings module: birds_nest.settings
2025-05-07 14:43:54,061 - __main__ - INFO - Django configured successfully with settings module: birds_nest.settings
2025-05-07 14:43:58,213 - __main__ - INFO - rolc_id: ANCRDT_INSTRMNT_C_1
2025-05-07 14:43:58,213 - __main__ - INFO - cube_structure_item: CUBE_STRUCTURE_ITEM object (9965)
2025-05-07 14:43:58,217 - __main__ - INFO - cube_structure_item: CUBE_STRUCTURE_ITEM object (9967)
2025-05-07 14:43:58,221 - __main__ - INFO - cube_structure_item: CUBE_STRUCTURE_ITEM object (9977)
2025-05-07 14:43:58,224 - __main__ - INFO - cube_structure_item: CUBE_STRUCTURE_ITEM object (9978)
2025-05-07 14:43:58,226 - __main__ - INFO - cube_structure_item: CUBE_STRUCTURE_ITEM object (9979)
2025-05-07 14:43:58,228 - __main__ - INFO - cube_structure_item: CUBE_STRUCTURE_ITEM object (9981)
2025-05-07 14:43:58,231 - __main__ - INFO - cube_structure_item: CUBE_STRUCTURE_ITEM object (9984)
2025-05-07 14:43:58,234 - __main__ - INFO - cube_structure_item: CUBE_STRUCTURE_ITEM object (9985)
2025-05-07 14:43:58,236 - __main__ - INFO - cube_structure_item: CUBE_STRUCTURE_ITEM object (9990)
2025-05-07 14:43:58,239 - __main__ - INFO - cube_structure_item: CUBE_STRUCTURE_ITEM object (9993)
2025-05-07 14:43:58,242 - __main__ - INFO - cube_structure_item: CUBE_STRUCTURE_ITEM object (9999)
2025-05-07 14:43:58,244 - __main__ - INFO - cube_structure_item: CUBE_STRUCTURE_ITEM object (10000)
2025-05-07 14:43:58,247 - __main__ - INFO - cube_structure_item: CUBE_STRUCTURE_ITEM object (10005)
2025-05-07 14:43:58,251 - __main__ - INFO - cube_structure_item: CUBE_STRUCTURE_ITEM object (10009)
2025-05-07 14:43:58,255 - __main__ - INFO - cube_structure_item: CUBE_STRUCTURE_ITEM object (10011)
2025-05-07 14:43:58,259 - __main__ - INFO - cube_structure_item: CUBE_STRUCTURE_ITEM object (10012)
2025-05-07 14:43:58,261 - __main__ - INFO - cube_structure_item: CUBE_STRUCTURE_ITEM object (10013)
2025-05-07 14:43:58,263 - __main__ - INFO - cube_structure_item: CUBE_STRUCTURE_ITEM object (10020)
2025-05-07 14:43:58,265 - __main__ - INFO - cube_structure_item: CUBE_STRUCTURE_ITEM object (10021)
2025-05-07 14:43:58,268 - __main__ - INFO - cube_structure_item: CUBE_STRUCTURE_ITEM object (10024)
2025-05-07 14:43:58,272 - __main__ - INFO - cube_structure_item: CUBE_STRUCTURE_ITEM object (10025)
2025-05-07 14:43:58,275 - __main__ - INFO - cube_structure_item: CUBE_STRUCTURE_ITEM object (10026)
2025-05-07 14:43:58,279 - __main__ - INFO - cube_structure_item: CUBE_STRUCTURE_ITEM object (10029)
2025-05-07 14:43:58,283 - __main__ - INFO - cube_structure_item: CUBE_STRUCTURE_ITEM object (10030)
2025-05-07 14:43:58,286 - __main__ - INFO - cube_structure_item: CUBE_STRUCTURE_ITEM object (10032)
2025-05-07 14:43:58,289 - __main__ - INFO - cube_structure_item: CUBE_STRUCTURE_ITEM object (10033)
2025-05-07 14:43:58,291 - __main__ - INFO - cube_structure_item: CUBE_STRUCTURE_ITEM object (10053)
2025-05-07 14:43:58,294 - __main__ - INFO - cube_structure_item: CUBE_STRUCTURE_ITEM object (10056)
2025-05-07 14:43:58,296 - __main__ - INFO - cube_structure_item: CUBE_STRUCTURE_ITEM object (10057)
2025-05-07 14:43:58,299 - __main__ - INFO - cube_structure_item: CUBE_STRUCTURE_ITEM object (10062)
2025-05-07 14:43:58,301 - __main__ - INFO - cube_structure_item: CUBE_STRUCTURE_ITEM object (10066)
2025-05-07 14:43:58,303 - __main__ - INFO - cube_structure_item: CUBE_STRUCTURE_ITEM object (10069)
2025-05-07 14:43:58,306 - __main__ - INFO - cube_structure_item: CUBE_STRUCTURE_ITEM object (10070)
2025-05-07 14:43:58,308 - __main__ - INFO - cube_structure_item: CUBE_STRUCTURE_ITEM object (10071)
2025-05-07 14:43:58,311 - __main__ - INFO - cube_structure_item: CUBE_STRUCTURE_ITEM object (10073)
2025-05-07 14:43:58,314 - __main__ - INFO - cube_structure_item: CUBE_STRUCTURE_ITEM object (10075)
2025-05-07 14:43:58,316 - __main__ - INFO - cube_structure_item: CUBE_STRUCTURE_ITEM object (10081)
2025-05-07 14:43:58,319 - __main__ - INFO - cube_structure_item: CUBE_STRUCTURE_ITEM object (10082)
2025-05-07 14:43:58,321 - __main__ - INFO - cube_structure_item: CUBE_STRUCTURE_ITEM object (10084)
2025-05-07 14:43:58,324 - __main__ - INFO - cube_structure_item: CUBE_STRUCTURE_ITEM object (10085)
2025-05-07 14:43:58,326 - __main__ - INFO - cube_structure_item: CUBE_STRUCTURE_ITEM object (10092)
2025-05-07 14:43:58,329 - __main__ - INFO - cube_structure_item: CUBE_STRUCTURE_ITEM object (10094)
2025-05-07 14:43:58,331 - __main__ - INFO - cube_structure_item: CUBE_STRUCTURE_ITEM object (10105)
2025-05-07 14:43:58,334 - __main__ - INFO - cube_structure_item: CUBE_STRUCTURE_ITEM object (10107)
2025-05-07 14:43:58,337 - __main__ - INFO - cube_structure_item: CUBE_STRUCTURE_ITEM object (10108)
2025-05-07 14:43:58,339 - __main__ - INFO - cube_structure_item: CUBE_STRUCTURE_ITEM object (10115)
2025-05-07 14:43:58,342 - __main__ - INFO - cube_structure_item: CUBE_STRUCTURE_ITEM object (10117)
2025-05-07 14:43:58,345 - __main__ - INFO - cube_structure_item: CUBE_STRUCTURE_ITEM object (10127)
2025-05-07 14:43:58,349 - __main__ - INFO - cube_structure_item: CUBE_STRUCTURE_ITEM object (10128)
2025-05-07 14:43:58,352 - __main__ - INFO - cube_structure_item: CUBE_STRUCTURE_ITEM object (10137)
2025-05-07 14:43:58,357 - __main__ - INFO - cube_structure_item: CUBE_STRUCTURE_ITEM object (9965)
2025-05-07 14:43:58,357 - __main__ - INFO - cube_structure_item: CUBE_STRUCTURE_ITEM object (9967)
2025-05-07 14:43:58,357 - __main__ - INFO - cube_structure_item: CUBE_STRUCTURE_ITEM object (9977)
2025-05-07 14:43:58,358 - __main__ - INFO - cube_structure_item: CUBE_STRUCTURE_ITEM object (9978)
2025-05-07 14:43:58,358 - __main__ - INFO - cube_structure_item: CUBE_STRUCTURE_ITEM object (9979)
2025-05-07 14:43:58,358 - __main__ - INFO - cube_structure_item: CUBE_STRUCTURE_ITEM object (9981)
2025-05-07 14:43:58,358 - __main__ - INFO - cube_structure_item: CUBE_STRUCTURE_ITEM object (9984)
2025-05-07 14:43:58,359 - __main__ - INFO - cube_structure_item: CUBE_STRUCTURE_ITEM object (9985)
2025-05-07 14:43:58,360 - __main__ - INFO - cube_structure_item: CUBE_STRUCTURE_ITEM object (9990)
2025-05-07 14:43:58,360 - __main__ - INFO - cube_structure_item: CUBE_STRUCTURE_ITEM object (9993)
2025-05-07 14:43:58,360 - __main__ - INFO - cube_structure_item: CUBE_STRUCTURE_ITEM object (9999)
2025-05-07 14:43:58,360 - __main__ - INFO - cube_structure_item: CUBE_STRUCTURE_ITEM object (10000)
2025-05-07 14:43:58,361 - __main__ - INFO - cube_structure_item: CUBE_STRUCTURE_ITEM object (10005)
2025-05-07 14:43:58,361 - __main__ - INFO - cube_structure_item: CUBE_STRUCTURE_ITEM object (10009)
2025-05-07 14:43:58,361 - __main__ - INFO - cube_structure_item: CUBE_STRUCTURE_ITEM object (10011)
2025-05-07 14:43:58,361 - __main__ - INFO - cube_structure_item: CUBE_STRUCTURE_ITEM object (10012)
2025-05-07 14:43:58,361 - __main__ - INFO - cube_structure_item: CUBE_STRUCTURE_ITEM object (10013)
2025-05-07 14:43:58,362 - __main__ - INFO - cube_structure_item: CUBE_STRUCTURE_ITEM object (10020)
2025-05-07 14:43:58,362 - __main__ - INFO - cube_structure_item: CUBE_STRUCTURE_ITEM object (10021)
2025-05-07 14:43:58,362 - __main__ - INFO - cube_structure_item: CUBE_STRUCTURE_ITEM object (10024)
2025-05-07 14:43:58,362 - __main__ - INFO - cube_structure_item: CUBE_STRUCTURE_ITEM object (10025)
2025-05-07 14:43:58,362 - __main__ - INFO - cube_structure_item: CUBE_STRUCTURE_ITEM object (10026)
2025-05-07 14:43:58,363 - __main__ - INFO - cube_structure_item: CUBE_STRUCTURE_ITEM object (10029)
2025-05-07 14:43:58,363 - __main__ - INFO - cube_structure_item: CUBE_STRUCTURE_ITEM object (10030)
2025-05-07 14:43:58,363 - __main__ - INFO - cube_structure_item: CUBE_STRUCTURE_ITEM object (10032)
2025-05-07 14:43:58,363 - __main__ - INFO - cube_structure_item: CUBE_STRUCTURE_ITEM object (10033)
2025-05-07 14:43:58,363 - __main__ - INFO - cube_structure_item: CUBE_STRUCTURE_ITEM object (10053)
2025-05-07 14:43:58,364 - __main__ - INFO - cube_structure_item: CUBE_STRUCTURE_ITEM object (10056)
2025-05-07 14:43:58,364 - __main__ - INFO - cube_structure_item: CUBE_STRUCTURE_ITEM object (10057)
2025-05-07 14:43:58,364 - __main__ - INFO - cube_structure_item: CUBE_STRUCTURE_ITEM object (10062)
2025-05-07 14:43:58,364 - __main__ - INFO - cube_structure_item: CUBE_STRUCTURE_ITEM object (10066)
2025-05-07 14:43:58,364 - __main__ - INFO - cube_structure_item: CUBE_STRUCTURE_ITEM object (10069)
2025-05-07 14:43:58,365 - __main__ - INFO - cube_structure_item: CUBE_STRUCTURE_ITEM object (10070)
2025-05-07 14:43:58,365 - __main__ - INFO - cube_structure_item: CUBE_STRUCTURE_ITEM object (10071)
2025-05-07 14:43:58,365 - __main__ - INFO - cube_structure_item: CUBE_STRUCTURE_ITEM object (10073)
2025-05-07 14:43:58,365 - __main__ - INFO - cube_structure_item: CUBE_STRUCTURE_ITEM object (10075)
2025-05-07 14:43:58,365 - __main__ - INFO - cube_structure_item: CUBE_STRUCTURE_ITEM object (10081)
2025-05-07 14:43:58,366 - __main__ - INFO - cube_structure_item: CUBE_STRUCTURE_ITEM object (10082)
2025-05-07 14:43:58,366 - __main__ - INFO - cube_structure_item: CUBE_STRUCTURE_ITEM object (10084)
2025-05-07 14:43:58,366 - __main__ - INFO - cube_structure_item: CUBE_STRUCTURE_ITEM object (10085)
2025-05-07 14:43:58,366 - __main__ - INFO - cube_structure_item: CUBE_STRUCTURE_ITEM object (10092)
2025-05-07 14:43:58,366 - __main__ - INFO - cube_structure_item: CUBE_STRUCTURE_ITEM object (10094)
2025-05-07 14:43:58,367 - __main__ - INFO - cube_structure_item: CUBE_STRUCTURE_ITEM object (10105)
2025-05-07 14:43:58,367 - __main__ - INFO - cube_structure_item: CUBE_STRUCTURE_ITEM object (10107)
2025-05-07 14:43:58,367 - __main__ - INFO - cube_structure_item: CUBE_STRUCTURE_ITEM object (10108)
2025-05-07 14:43:58,367 - __main__ - INFO - cube_structure_item: CUBE_STRUCTURE_ITEM object (10115)
2025-05-07 14:43:58,368 - __main__ - INFO - cube_structure_item: CUBE_STRUCTURE_ITEM object (10117)
2025-05-07 14:43:58,368 - __main__ - INFO - cube_structure_item: CUBE_STRUCTURE_ITEM object (10127)
2025-05-07 14:43:58,368 - __main__ - INFO - cube_structure_item: CUBE_STRUCTURE_ITEM object (10128)
2025-05-07 14:43:58,368 - __main__ - INFO - cube_structure_item: CUBE_STRUCTURE_ITEM object (10137)
2025-05-07 14:43:58,369 - __main__ - INFO - cube_structure_item: CUBE_STRUCTURE_ITEM object (9965)
2025-05-07 14:43:58,369 - __main__ - INFO - cube_structure_item: CUBE_STRUCTURE_ITEM object (9967)
2025-05-07 14:43:58,369 - __main__ - INFO - cube_structure_item: CUBE_STRUCTURE_ITEM object (9977)
2025-05-07 14:43:58,369 - __main__ - INFO - cube_structure_item: CUBE_STRUCTURE_ITEM object (9978)
2025-05-07 14:43:58,370 - __main__ - INFO - cube_structure_item: CUBE_STRUCTURE_ITEM object (9979)
2025-05-07 14:43:58,370 - __main__ - INFO - cube_structure_item: CUBE_STRUCTURE_ITEM object (9981)
2025-05-07 14:43:58,370 - __main__ - INFO - cube_structure_item: CUBE_STRUCTURE_ITEM object (9984)
2025-05-07 14:43:58,370 - __main__ - INFO - cube_structure_item: CUBE_STRUCTURE_ITEM object (9985)
2025-05-07 14:43:58,374 - __main__ - INFO - cube_structure_item: CUBE_STRUCTURE_ITEM object (9990)
2025-05-07 14:43:58,374 - __main__ - INFO - cube_structure_item: CUBE_STRUCTURE_ITEM object (9993)
2025-05-07 14:43:58,374 - __main__ - INFO - cube_structure_item: CUBE_STRUCTURE_ITEM object (9999)
2025-05-07 14:43:58,374 - __main__ - INFO - cube_structure_item: CUBE_STRUCTURE_ITEM object (10000)
2025-05-07 14:43:58,375 - __main__ - INFO - cube_structure_item: CUBE_STRUCTURE_ITEM object (10005)
2025-05-07 14:43:58,375 - __main__ - INFO - cube_structure_item: CUBE_STRUCTURE_ITEM object (10009)
2025-05-07 14:43:58,375 - __main__ - INFO - cube_structure_item: CUBE_STRUCTURE_ITEM object (10011)
2025-05-07 14:43:58,375 - __main__ - INFO - cube_structure_item: CUBE_STRUCTURE_ITEM object (10012)
2025-05-07 14:43:58,375 - __main__ - INFO - cube_structure_item: CUBE_STRUCTURE_ITEM object (10013)
2025-05-07 14:43:58,375 - __main__ - INFO - cube_structure_item: CUBE_STRUCTURE_ITEM object (10020)
2025-05-07 14:43:58,378 - __main__ - INFO - cube_structure_item: CUBE_STRUCTURE_ITEM object (10021)
2025-05-07 14:43:58,378 - __main__ - INFO - cube_structure_item: CUBE_STRUCTURE_ITEM object (10024)
2025-05-07 14:43:58,378 - __main__ - INFO - cube_structure_item: CUBE_STRUCTURE_ITEM object (10025)
2025-05-07 14:43:58,378 - __main__ - INFO - cube_structure_item: CUBE_STRUCTURE_ITEM object (10026)
2025-05-07 14:43:58,378 - __main__ - INFO - cube_structure_item: CUBE_STRUCTURE_ITEM object (10029)
2025-05-07 14:43:58,379 - __main__ - INFO - cube_structure_item: CUBE_STRUCTURE_ITEM object (10030)
2025-05-07 14:43:58,379 - __main__ - INFO - cube_structure_item: CUBE_STRUCTURE_ITEM object (10032)
2025-05-07 14:43:58,379 - __main__ - INFO - cube_structure_item: CUBE_STRUCTURE_ITEM object (10033)
2025-05-07 14:43:58,379 - __main__ - INFO - cube_structure_item: CUBE_STRUCTURE_ITEM object (10053)
2025-05-07 14:43:58,379 - __main__ - INFO - cube_structure_item: CUBE_STRUCTURE_ITEM object (10056)
2025-05-07 14:43:58,379 - __main__ - INFO - cube_structure_item: CUBE_STRUCTURE_ITEM object (10057)
2025-05-07 14:43:58,379 - __main__ - INFO - cube_structure_item: CUBE_STRUCTURE_ITEM object (10062)
2025-05-07 14:43:58,380 - __main__ - INFO - cube_structure_item: CUBE_STRUCTURE_ITEM object (10066)
2025-05-07 14:43:58,380 - __main__ - INFO - cube_structure_item: CUBE_STRUCTURE_ITEM object (10069)
2025-05-07 14:43:58,380 - __main__ - INFO - cube_structure_item: CUBE_STRUCTURE_ITEM object (10070)
2025-05-07 14:43:58,380 - __main__ - INFO - cube_structure_item: CUBE_STRUCTURE_ITEM object (10071)
2025-05-07 14:43:58,380 - __main__ - INFO - cube_structure_item: CUBE_STRUCTURE_ITEM object (10073)
2025-05-07 14:43:58,380 - __main__ - INFO - cube_structure_item: CUBE_STRUCTURE_ITEM object (10075)
2025-05-07 14:43:58,383 - __main__ - INFO - cube_structure_item: CUBE_STRUCTURE_ITEM object (10081)
2025-05-07 14:43:58,383 - __main__ - INFO - cube_structure_item: CUBE_STRUCTURE_ITEM object (10082)
2025-05-07 14:43:58,383 - __main__ - INFO - cube_structure_item: CUBE_STRUCTURE_ITEM object (10084)
2025-05-07 14:43:58,383 - __main__ - INFO - cube_structure_item: CUBE_STRUCTURE_ITEM object (10085)
2025-05-07 14:43:58,383 - __main__ - INFO - cube_structure_item: CUBE_STRUCTURE_ITEM object (10092)
2025-05-07 14:43:58,384 - __main__ - INFO - cube_structure_item: CUBE_STRUCTURE_ITEM object (10094)
2025-05-07 14:43:58,384 - __main__ - INFO - cube_structure_item: CUBE_STRUCTURE_ITEM object (10105)
2025-05-07 14:43:58,384 - __main__ - INFO - cube_structure_item: CUBE_STRUCTURE_ITEM object (10107)
2025-05-07 14:43:58,384 - __main__ - INFO - cube_structure_item: CUBE_STRUCTURE_ITEM object (10108)
2025-05-07 14:43:58,384 - __main__ - INFO - cube_structure_item: CUBE_STRUCTURE_ITEM object (10115)
2025-05-07 14:43:58,384 - __main__ - INFO - cube_structure_item: CUBE_STRUCTURE_ITEM object (10117)
2025-05-07 14:43:58,384 - __main__ - INFO - cube_structure_item: CUBE_STRUCTURE_ITEM object (10127)
2025-05-07 14:43:58,385 - __main__ - INFO - cube_structure_item: CUBE_STRUCTURE_ITEM object (10128)
2025-05-07 14:43:58,385 - __main__ - INFO - cube_structure_item: CUBE_STRUCTURE_ITEM object (10137)
2025-05-07 14:43:58,385 - __main__ - INFO - {'ANCRDT_INSTRMNT_C_1:Loans and advances': [<CUBE_LINK: CUBE_LINK object (INSTRMNT:Loans and advances:ANCRDT_INSTRMNT_C_1)>, <CUBE_LINK: CUBE_LINK object (INSTRMNT_RL:Loans and advances:ANCRDT_INSTRMNT_C_1)>, <CUBE_LINK: CUBE_LINK object (CLLTRL:Loans and advances:ANCRDT_INSTRMNT_C_1)>]}
2025-05-07 14:43:58,468 - __main__ - INFO - cube_structure_item: CUBE_STRUCTURE_ITEM object (9965)
2025-05-07 14:43:58,469 - __main__ - INFO - cube_structure_item: CUBE_STRUCTURE_ITEM object (9967)
2025-05-07 14:43:58,469 - __main__ - INFO - cube_structure_item: CUBE_STRUCTURE_ITEM object (9977)
2025-05-07 14:43:58,469 - __main__ - INFO - cube_structure_item: CUBE_STRUCTURE_ITEM object (9978)
2025-05-07 14:43:58,469 - __main__ - INFO - cube_structure_item: CUBE_STRUCTURE_ITEM object (9979)
2025-05-07 14:43:58,469 - __main__ - INFO - cube_structure_item: CUBE_STRUCTURE_ITEM object (9981)
2025-05-07 14:43:58,470 - __main__ - INFO - cube_structure_item: CUBE_STRUCTURE_ITEM object (9984)
2025-05-07 14:43:58,470 - __main__ - INFO - cube_structure_item: CUBE_STRUCTURE_ITEM object (9985)
2025-05-07 14:43:58,470 - __main__ - INFO - cube_structure_item: CUBE_STRUCTURE_ITEM object (9990)
2025-05-07 14:43:58,470 - __main__ - INFO - cube_structure_item: CUBE_STRUCTURE_ITEM object (9993)
2025-05-07 14:43:58,470 - __main__ - INFO - cube_structure_item: CUBE_STRUCTURE_ITEM object (9999)
2025-05-07 14:43:58,471 - __main__ - INFO - cube_structure_item: CUBE_STRUCTURE_ITEM object (10000)
2025-05-07 14:43:58,471 - __main__ - INFO - cube_structure_item: CUBE_STRUCTURE_ITEM object (10005)
2025-05-07 14:43:58,471 - __main__ - INFO - cube_structure_item: CUBE_STRUCTURE_ITEM object (10009)
2025-05-07 14:43:58,471 - __main__ - INFO - cube_structure_item: CUBE_STRUCTURE_ITEM object (10011)
2025-05-07 14:43:58,471 - __main__ - INFO - cube_structure_item: CUBE_STRUCTURE_ITEM object (10012)
2025-05-07 14:43:58,472 - __main__ - INFO - cube_structure_item: CUBE_STRUCTURE_ITEM object (10013)
2025-05-07 14:43:58,472 - __main__ - INFO - cube_structure_item: CUBE_STRUCTURE_ITEM object (10020)
2025-05-07 14:43:58,472 - __main__ - INFO - cube_structure_item: CUBE_STRUCTURE_ITEM object (10021)
2025-05-07 14:43:58,472 - __main__ - INFO - cube_structure_item: CUBE_STRUCTURE_ITEM object (10024)
2025-05-07 14:43:58,472 - __main__ - INFO - cube_structure_item: CUBE_STRUCTURE_ITEM object (10025)
2025-05-07 14:43:58,473 - __main__ - INFO - cube_structure_item: CUBE_STRUCTURE_ITEM object (10026)
2025-05-07 14:43:58,473 - __main__ - INFO - cube_structure_item: CUBE_STRUCTURE_ITEM object (10029)
2025-05-07 14:43:58,473 - __main__ - INFO - cube_structure_item: CUBE_STRUCTURE_ITEM object (10030)
2025-05-07 14:43:58,473 - __main__ - INFO - cube_structure_item: CUBE_STRUCTURE_ITEM object (10032)
2025-05-07 14:43:58,473 - __main__ - INFO - cube_structure_item: CUBE_STRUCTURE_ITEM object (10033)
2025-05-07 14:43:58,474 - __main__ - INFO - cube_structure_item: CUBE_STRUCTURE_ITEM object (10053)
2025-05-07 14:43:58,474 - __main__ - INFO - cube_structure_item: CUBE_STRUCTURE_ITEM object (10056)
2025-05-07 14:43:58,474 - __main__ - INFO - cube_structure_item: CUBE_STRUCTURE_ITEM object (10057)
2025-05-07 14:43:58,474 - __main__ - INFO - cube_structure_item: CUBE_STRUCTURE_ITEM object (10062)
2025-05-07 14:43:58,474 - __main__ - INFO - cube_structure_item: CUBE_STRUCTURE_ITEM object (10066)
2025-05-07 14:43:58,474 - __main__ - INFO - cube_structure_item: CUBE_STRUCTURE_ITEM object (10069)
2025-05-07 14:43:58,475 - __main__ - INFO - cube_structure_item: CUBE_STRUCTURE_ITEM object (10070)
2025-05-07 14:43:58,475 - __main__ - INFO - cube_structure_item: CUBE_STRUCTURE_ITEM object (10071)
2025-05-07 14:43:58,475 - __main__ - INFO - cube_structure_item: CUBE_STRUCTURE_ITEM object (10073)
2025-05-07 14:43:58,475 - __main__ - INFO - cube_structure_item: CUBE_STRUCTURE_ITEM object (10075)
2025-05-07 14:43:58,475 - __main__ - INFO - cube_structure_item: CUBE_STRUCTURE_ITEM object (10081)
2025-05-07 14:43:58,476 - __main__ - INFO - cube_structure_item: CUBE_STRUCTURE_ITEM object (10082)
2025-05-07 14:43:58,476 - __main__ - INFO - cube_structure_item: CUBE_STRUCTURE_ITEM object (10084)
2025-05-07 14:43:58,476 - __main__ - INFO - cube_structure_item: CUBE_STRUCTURE_ITEM object (10085)
2025-05-07 14:43:58,476 - __main__ - INFO - cube_structure_item: CUBE_STRUCTURE_ITEM object (10092)
2025-05-07 14:43:58,476 - __main__ - INFO - cube_structure_item: CUBE_STRUCTURE_ITEM object (10094)
2025-05-07 14:43:58,477 - __main__ - INFO - cube_structure_item: CUBE_STRUCTURE_ITEM object (10105)
2025-05-07 14:43:58,477 - __main__ - INFO - cube_structure_item: CUBE_STRUCTURE_ITEM object (10107)
2025-05-07 14:43:58,477 - __main__ - INFO - cube_structure_item: CUBE_STRUCTURE_ITEM object (10108)
2025-05-07 14:43:58,477 - __main__ - INFO - cube_structure_item: CUBE_STRUCTURE_ITEM object (10115)
2025-05-07 14:43:58,477 - __main__ - INFO - cube_structure_item: CUBE_STRUCTURE_ITEM object (10117)
2025-05-07 14:43:58,477 - __main__ - INFO - cube_structure_item: CUBE_STRUCTURE_ITEM object (10127)
2025-05-07 14:43:58,478 - __main__ - INFO - cube_structure_item: CUBE_STRUCTURE_ITEM object (10128)
2025-05-07 14:43:58,478 - __main__ - INFO - cube_structure_item: CUBE_STRUCTURE_ITEM object (10137)
2025-05-07 14:44:01,889 - __main__ - INFO - cube_structure_item: CUBE_STRUCTURE_ITEM object (9965)
2025-05-07 14:44:17,382 - __main__ - INFO - Django configured successfully with settings module: birds_nest.settings
2025-05-07 14:44:21,606 - __main__ - INFO - rolc_id: ANCRDT_INSTRMNT_C_1
2025-05-07 14:44:21,607 - __main__ - INFO - cube_structure_item: CUBE_STRUCTURE_ITEM object (9965)
2025-05-07 14:44:21,610 - __main__ - INFO - cube_structure_item: CUBE_STRUCTURE_ITEM object (9967)
2025-05-07 14:44:21,613 - __main__ - INFO - cube_structure_item: CUBE_STRUCTURE_ITEM object (9977)
2025-05-07 14:44:21,616 - __main__ - INFO - cube_structure_item: CUBE_STRUCTURE_ITEM object (9978)
2025-05-07 14:44:21,619 - __main__ - INFO - cube_structure_item: CUBE_STRUCTURE_ITEM object (9979)
2025-05-07 14:44:21,621 - __main__ - INFO - cube_structure_item: CUBE_STRUCTURE_ITEM object (9981)
2025-05-07 14:44:21,623 - __main__ - INFO - cube_structure_item: CUBE_STRUCTURE_ITEM object (9984)
2025-05-07 14:44:21,626 - __main__ - INFO - cube_structure_item: CUBE_STRUCTURE_ITEM object (9985)
2025-05-07 14:44:21,629 - __main__ - INFO - cube_structure_item: CUBE_STRUCTURE_ITEM object (9990)
2025-05-07 14:44:21,631 - __main__ - INFO - cube_structure_item: CUBE_STRUCTURE_ITEM object (9993)
2025-05-07 14:44:21,633 - __main__ - INFO - cube_structure_item: CUBE_STRUCTURE_ITEM object (9999)
2025-05-07 14:44:21,635 - __main__ - INFO - cube_structure_item: CUBE_STRUCTURE_ITEM object (10000)
2025-05-07 14:44:21,639 - __main__ - INFO - cube_structure_item: CUBE_STRUCTURE_ITEM object (10005)
2025-05-07 14:44:21,643 - __main__ - INFO - cube_structure_item: CUBE_STRUCTURE_ITEM object (10009)
2025-05-07 14:44:21,646 - __main__ - INFO - cube_structure_item: CUBE_STRUCTURE_ITEM object (10011)
2025-05-07 14:44:21,650 - __main__ - INFO - cube_structure_item: CUBE_STRUCTURE_ITEM object (10012)
2025-05-07 14:44:21,654 - __main__ - INFO - cube_structure_item: CUBE_STRUCTURE_ITEM object (10013)
2025-05-07 14:44:21,657 - __main__ - INFO - cube_structure_item: CUBE_STRUCTURE_ITEM object (10020)
2025-05-07 14:44:21,660 - __main__ - INFO - cube_structure_item: CUBE_STRUCTURE_ITEM object (10021)
2025-05-07 14:44:21,663 - __main__ - INFO - cube_structure_item: CUBE_STRUCTURE_ITEM object (10024)
2025-05-07 14:44:21,666 - __main__ - INFO - cube_structure_item: CUBE_STRUCTURE_ITEM object (10025)
2025-05-07 14:44:21,669 - __main__ - INFO - cube_structure_item: CUBE_STRUCTURE_ITEM object (10026)
2025-05-07 14:44:21,672 - __main__ - INFO - cube_structure_item: CUBE_STRUCTURE_ITEM object (10029)
2025-05-07 14:44:21,676 - __main__ - INFO - cube_structure_item: CUBE_STRUCTURE_ITEM object (10030)
2025-05-07 14:44:21,680 - __main__ - INFO - cube_structure_item: CUBE_STRUCTURE_ITEM object (10032)
2025-05-07 14:44:21,684 - __main__ - INFO - cube_structure_item: CUBE_STRUCTURE_ITEM object (10033)
2025-05-07 14:44:21,686 - __main__ - INFO - cube_structure_item: CUBE_STRUCTURE_ITEM object (10053)
2025-05-07 14:44:21,689 - __main__ - INFO - cube_structure_item: CUBE_STRUCTURE_ITEM object (10056)
2025-05-07 14:44:21,692 - __main__ - INFO - cube_structure_item: CUBE_STRUCTURE_ITEM object (10057)
2025-05-07 14:44:21,694 - __main__ - INFO - cube_structure_item: CUBE_STRUCTURE_ITEM object (10062)
2025-05-07 14:44:21,696 - __main__ - INFO - cube_structure_item: CUBE_STRUCTURE_ITEM object (10066)
2025-05-07 14:44:21,699 - __main__ - INFO - cube_structure_item: CUBE_STRUCTURE_ITEM object (10069)
2025-05-07 14:44:21,701 - __main__ - INFO - cube_structure_item: CUBE_STRUCTURE_ITEM object (10070)
2025-05-07 14:44:21,704 - __main__ - INFO - cube_structure_item: CUBE_STRUCTURE_ITEM object (10071)
2025-05-07 14:44:21,707 - __main__ - INFO - cube_structure_item: CUBE_STRUCTURE_ITEM object (10073)
2025-05-07 14:44:21,709 - __main__ - INFO - cube_structure_item: CUBE_STRUCTURE_ITEM object (10075)
2025-05-07 14:44:21,712 - __main__ - INFO - cube_structure_item: CUBE_STRUCTURE_ITEM object (10081)
2025-05-07 14:44:21,715 - __main__ - INFO - cube_structure_item: CUBE_STRUCTURE_ITEM object (10082)
2025-05-07 14:44:21,717 - __main__ - INFO - cube_structure_item: CUBE_STRUCTURE_ITEM object (10084)
2025-05-07 14:44:21,720 - __main__ - INFO - cube_structure_item: CUBE_STRUCTURE_ITEM object (10085)
2025-05-07 14:44:21,722 - __main__ - INFO - cube_structure_item: CUBE_STRUCTURE_ITEM object (10092)
2025-05-07 14:44:21,725 - __main__ - INFO - cube_structure_item: CUBE_STRUCTURE_ITEM object (10094)
2025-05-07 14:44:21,727 - __main__ - INFO - cube_structure_item: CUBE_STRUCTURE_ITEM object (10105)
2025-05-07 14:44:21,729 - __main__ - INFO - cube_structure_item: CUBE_STRUCTURE_ITEM object (10107)
2025-05-07 14:44:21,732 - __main__ - INFO - cube_structure_item: CUBE_STRUCTURE_ITEM object (10108)
2025-05-07 14:44:21,734 - __main__ - INFO - cube_structure_item: CUBE_STRUCTURE_ITEM object (10115)
2025-05-07 14:44:21,736 - __main__ - INFO - cube_structure_item: CUBE_STRUCTURE_ITEM object (10117)
2025-05-07 14:44:21,738 - __main__ - INFO - cube_structure_item: CUBE_STRUCTURE_ITEM object (10127)
2025-05-07 14:44:21,741 - __main__ - INFO - cube_structure_item: CUBE_STRUCTURE_ITEM object (10128)
2025-05-07 14:44:21,743 - __main__ - INFO - cube_structure_item: CUBE_STRUCTURE_ITEM object (10137)
2025-05-07 14:44:21,746 - __main__ - INFO - cube_structure_item: CUBE_STRUCTURE_ITEM object (9965)
2025-05-07 14:44:21,747 - __main__ - INFO - cube_structure_item: CUBE_STRUCTURE_ITEM object (9967)
2025-05-07 14:44:21,747 - __main__ - INFO - cube_structure_item: CUBE_STRUCTURE_ITEM object (9977)
2025-05-07 14:44:21,747 - __main__ - INFO - cube_structure_item: CUBE_STRUCTURE_ITEM object (9978)
2025-05-07 14:44:21,747 - __main__ - INFO - cube_structure_item: CUBE_STRUCTURE_ITEM object (9979)
2025-05-07 14:44:21,747 - __main__ - INFO - cube_structure_item: CUBE_STRUCTURE_ITEM object (9981)
2025-05-07 14:44:21,748 - __main__ - INFO - cube_structure_item: CUBE_STRUCTURE_ITEM object (9984)
2025-05-07 14:44:21,748 - __main__ - INFO - cube_structure_item: CUBE_STRUCTURE_ITEM object (9985)
2025-05-07 14:44:21,748 - __main__ - INFO - cube_structure_item: CUBE_STRUCTURE_ITEM object (9990)
2025-05-07 14:44:21,748 - __main__ - INFO - cube_structure_item: CUBE_STRUCTURE_ITEM object (9993)
2025-05-07 14:44:21,748 - __main__ - INFO - cube_structure_item: CUBE_STRUCTURE_ITEM object (9999)
2025-05-07 14:44:21,749 - __main__ - INFO - cube_structure_item: CUBE_STRUCTURE_ITEM object (10000)
2025-05-07 14:44:21,749 - __main__ - INFO - cube_structure_item: CUBE_STRUCTURE_ITEM object (10005)
2025-05-07 14:44:21,749 - __main__ - INFO - cube_structure_item: CUBE_STRUCTURE_ITEM object (10009)
2025-05-07 14:44:21,749 - __main__ - INFO - cube_structure_item: CUBE_STRUCTURE_ITEM object (10011)
2025-05-07 14:44:21,749 - __main__ - INFO - cube_structure_item: CUBE_STRUCTURE_ITEM object (10012)
2025-05-07 14:44:21,749 - __main__ - INFO - cube_structure_item: CUBE_STRUCTURE_ITEM object (10013)
2025-05-07 14:44:21,750 - __main__ - INFO - cube_structure_item: CUBE_STRUCTURE_ITEM object (10020)
2025-05-07 14:44:21,750 - __main__ - INFO - cube_structure_item: CUBE_STRUCTURE_ITEM object (10021)
2025-05-07 14:44:21,750 - __main__ - INFO - cube_structure_item: CUBE_STRUCTURE_ITEM object (10024)
2025-05-07 14:44:21,750 - __main__ - INFO - cube_structure_item: CUBE_STRUCTURE_ITEM object (10025)
2025-05-07 14:44:21,750 - __main__ - INFO - cube_structure_item: CUBE_STRUCTURE_ITEM object (10026)
2025-05-07 14:44:21,751 - __main__ - INFO - cube_structure_item: CUBE_STRUCTURE_ITEM object (10029)
2025-05-07 14:44:21,751 - __main__ - INFO - cube_structure_item: CUBE_STRUCTURE_ITEM object (10030)
2025-05-07 14:44:21,751 - __main__ - INFO - cube_structure_item: CUBE_STRUCTURE_ITEM object (10032)
2025-05-07 14:44:21,751 - __main__ - INFO - cube_structure_item: CUBE_STRUCTURE_ITEM object (10033)
2025-05-07 14:44:21,751 - __main__ - INFO - cube_structure_item: CUBE_STRUCTURE_ITEM object (10053)
2025-05-07 14:44:21,751 - __main__ - INFO - cube_structure_item: CUBE_STRUCTURE_ITEM object (10056)
2025-05-07 14:44:21,752 - __main__ - INFO - cube_structure_item: CUBE_STRUCTURE_ITEM object (10057)
2025-05-07 14:44:21,752 - __main__ - INFO - cube_structure_item: CUBE_STRUCTURE_ITEM object (10062)
2025-05-07 14:44:21,752 - __main__ - INFO - cube_structure_item: CUBE_STRUCTURE_ITEM object (10066)
2025-05-07 14:44:21,752 - __main__ - INFO - cube_structure_item: CUBE_STRUCTURE_ITEM object (10069)
2025-05-07 14:44:21,752 - __main__ - INFO - cube_structure_item: CUBE_STRUCTURE_ITEM object (10070)
2025-05-07 14:44:21,753 - __main__ - INFO - cube_structure_item: CUBE_STRUCTURE_ITEM object (10071)
2025-05-07 14:44:21,753 - __main__ - INFO - cube_structure_item: CUBE_STRUCTURE_ITEM object (10073)
2025-05-07 14:44:21,753 - __main__ - INFO - cube_structure_item: CUBE_STRUCTURE_ITEM object (10075)
2025-05-07 14:44:21,753 - __main__ - INFO - cube_structure_item: CUBE_STRUCTURE_ITEM object (10081)
2025-05-07 14:44:21,753 - __main__ - INFO - cube_structure_item: CUBE_STRUCTURE_ITEM object (10082)
2025-05-07 14:44:21,753 - __main__ - INFO - cube_structure_item: CUBE_STRUCTURE_ITEM object (10084)
2025-05-07 14:44:21,754 - __main__ - INFO - cube_structure_item: CUBE_STRUCTURE_ITEM object (10085)
2025-05-07 14:44:21,754 - __main__ - INFO - cube_structure_item: CUBE_STRUCTURE_ITEM object (10092)
2025-05-07 14:44:21,754 - __main__ - INFO - cube_structure_item: CUBE_STRUCTURE_ITEM object (10094)
2025-05-07 14:44:21,754 - __main__ - INFO - cube_structure_item: CUBE_STRUCTURE_ITEM object (10105)
2025-05-07 14:44:21,754 - __main__ - INFO - cube_structure_item: CUBE_STRUCTURE_ITEM object (10107)
2025-05-07 14:44:21,755 - __main__ - INFO - cube_structure_item: CUBE_STRUCTURE_ITEM object (10108)
2025-05-07 14:44:21,755 - __main__ - INFO - cube_structure_item: CUBE_STRUCTURE_ITEM object (10115)
2025-05-07 14:44:21,755 - __main__ - INFO - cube_structure_item: CUBE_STRUCTURE_ITEM object (10117)
2025-05-07 14:44:21,755 - __main__ - INFO - cube_structure_item: CUBE_STRUCTURE_ITEM object (10127)
2025-05-07 14:44:21,755 - __main__ - INFO - cube_structure_item: CUBE_STRUCTURE_ITEM object (10128)
2025-05-07 14:44:21,755 - __main__ - INFO - cube_structure_item: CUBE_STRUCTURE_ITEM object (10137)
2025-05-07 14:44:21,756 - __main__ - INFO - cube_structure_item: CUBE_STRUCTURE_ITEM object (9965)
2025-05-07 14:44:21,756 - __main__ - INFO - cube_structure_item: CUBE_STRUCTURE_ITEM object (9967)
2025-05-07 14:44:21,756 - __main__ - INFO - cube_structure_item: CUBE_STRUCTURE_ITEM object (9977)
2025-05-07 14:44:21,756 - __main__ - INFO - cube_structure_item: CUBE_STRUCTURE_ITEM object (9978)
2025-05-07 14:44:21,756 - __main__ - INFO - cube_structure_item: CUBE_STRUCTURE_ITEM object (9979)
2025-05-07 14:44:21,757 - __main__ - INFO - cube_structure_item: CUBE_STRUCTURE_ITEM object (9981)
2025-05-07 14:44:21,757 - __main__ - INFO - cube_structure_item: CUBE_STRUCTURE_ITEM object (9984)
2025-05-07 14:44:21,757 - __main__ - INFO - cube_structure_item: CUBE_STRUCTURE_ITEM object (9985)
2025-05-07 14:44:21,757 - __main__ - INFO - cube_structure_item: CUBE_STRUCTURE_ITEM object (9990)
2025-05-07 14:44:21,757 - __main__ - INFO - cube_structure_item: CUBE_STRUCTURE_ITEM object (9993)
2025-05-07 14:44:21,758 - __main__ - INFO - cube_structure_item: CUBE_STRUCTURE_ITEM object (9999)
2025-05-07 14:44:21,758 - __main__ - INFO - cube_structure_item: CUBE_STRUCTURE_ITEM object (10000)
2025-05-07 14:44:21,758 - __main__ - INFO - cube_structure_item: CUBE_STRUCTURE_ITEM object (10005)
2025-05-07 14:44:21,758 - __main__ - INFO - cube_structure_item: CUBE_STRUCTURE_ITEM object (10009)
2025-05-07 14:44:21,758 - __main__ - INFO - cube_structure_item: CUBE_STRUCTURE_ITEM object (10011)
2025-05-07 14:44:21,758 - __main__ - INFO - cube_structure_item: CUBE_STRUCTURE_ITEM object (10012)
2025-05-07 14:44:21,759 - __main__ - INFO - cube_structure_item: CUBE_STRUCTURE_ITEM object (10013)
2025-05-07 14:44:21,759 - __main__ - INFO - cube_structure_item: CUBE_STRUCTURE_ITEM object (10020)
2025-05-07 14:44:21,759 - __main__ - INFO - cube_structure_item: CUBE_STRUCTURE_ITEM object (10021)
2025-05-07 14:44:21,759 - __main__ - INFO - cube_structure_item: CUBE_STRUCTURE_ITEM object (10024)
2025-05-07 14:44:21,759 - __main__ - INFO - cube_structure_item: CUBE_STRUCTURE_ITEM object (10025)
2025-05-07 14:44:21,759 - __main__ - INFO - cube_structure_item: CUBE_STRUCTURE_ITEM object (10026)
2025-05-07 14:44:21,759 - __main__ - INFO - cube_structure_item: CUBE_STRUCTURE_ITEM object (10029)
2025-05-07 14:44:21,760 - __main__ - INFO - cube_structure_item: CUBE_STRUCTURE_ITEM object (10030)
2025-05-07 14:44:21,760 - __main__ - INFO - cube_structure_item: CUBE_STRUCTURE_ITEM object (10032)
2025-05-07 14:44:21,760 - __main__ - INFO - cube_structure_item: CUBE_STRUCTURE_ITEM object (10033)
2025-05-07 14:44:21,760 - __main__ - INFO - cube_structure_item: CUBE_STRUCTURE_ITEM object (10053)
2025-05-07 14:44:21,760 - __main__ - INFO - cube_structure_item: CUBE_STRUCTURE_ITEM object (10056)
2025-05-07 14:44:21,760 - __main__ - INFO - cube_structure_item: CUBE_STRUCTURE_ITEM object (10057)
2025-05-07 14:44:21,760 - __main__ - INFO - cube_structure_item: CUBE_STRUCTURE_ITEM object (10062)
2025-05-07 14:44:21,761 - __main__ - INFO - cube_structure_item: CUBE_STRUCTURE_ITEM object (10066)
2025-05-07 14:44:21,761 - __main__ - INFO - cube_structure_item: CUBE_STRUCTURE_ITEM object (10069)
2025-05-07 14:44:21,761 - __main__ - INFO - cube_structure_item: CUBE_STRUCTURE_ITEM object (10070)
2025-05-07 14:44:21,761 - __main__ - INFO - cube_structure_item: CUBE_STRUCTURE_ITEM object (10071)
2025-05-07 14:44:21,761 - __main__ - INFO - cube_structure_item: CUBE_STRUCTURE_ITEM object (10073)
2025-05-07 14:44:21,761 - __main__ - INFO - cube_structure_item: CUBE_STRUCTURE_ITEM object (10075)
2025-05-07 14:44:21,761 - __main__ - INFO - cube_structure_item: CUBE_STRUCTURE_ITEM object (10081)
2025-05-07 14:44:21,761 - __main__ - INFO - cube_structure_item: CUBE_STRUCTURE_ITEM object (10082)
2025-05-07 14:44:21,762 - __main__ - INFO - cube_structure_item: CUBE_STRUCTURE_ITEM object (10084)
2025-05-07 14:44:21,762 - __main__ - INFO - cube_structure_item: CUBE_STRUCTURE_ITEM object (10085)
2025-05-07 14:44:21,762 - __main__ - INFO - cube_structure_item: CUBE_STRUCTURE_ITEM object (10092)
2025-05-07 14:44:21,762 - __main__ - INFO - cube_structure_item: CUBE_STRUCTURE_ITEM object (10094)
2025-05-07 14:44:21,762 - __main__ - INFO - cube_structure_item: CUBE_STRUCTURE_ITEM object (10105)
2025-05-07 14:44:21,762 - __main__ - INFO - cube_structure_item: CUBE_STRUCTURE_ITEM object (10107)
2025-05-07 14:44:21,763 - __main__ - INFO - cube_structure_item: CUBE_STRUCTURE_ITEM object (10108)
2025-05-07 14:44:21,763 - __main__ - INFO - cube_structure_item: CUBE_STRUCTURE_ITEM object (10115)
2025-05-07 14:44:21,763 - __main__ - INFO - cube_structure_item: CUBE_STRUCTURE_ITEM object (10117)
2025-05-07 14:44:21,763 - __main__ - INFO - cube_structure_item: CUBE_STRUCTURE_ITEM object (10127)
2025-05-07 14:44:21,764 - __main__ - INFO - cube_structure_item: CUBE_STRUCTURE_ITEM object (10128)
2025-05-07 14:44:21,764 - __main__ - INFO - cube_structure_item: CUBE_STRUCTURE_ITEM object (10137)
2025-05-07 14:44:21,765 - __main__ - INFO - {'ANCRDT_INSTRMNT_C_1:Loans and advances': [<CUBE_LINK: CUBE_LINK object (INSTRMNT:Loans and advances:ANCRDT_INSTRMNT_C_1)>, <CUBE_LINK: CUBE_LINK object (INSTRMNT_RL:Loans and advances:ANCRDT_INSTRMNT_C_1)>, <CUBE_LINK: CUBE_LINK object (CLLTRL:Loans and advances:ANCRDT_INSTRMNT_C_1)>]}
2025-05-07 14:44:21,870 - __main__ - INFO - cube_structure_item: CUBE_STRUCTURE_ITEM object (9965)
2025-05-07 14:44:21,870 - __main__ - INFO - cube_structure_item: CUBE_STRUCTURE_ITEM object (9967)
2025-05-07 14:44:21,870 - __main__ - INFO - cube_structure_item: CUBE_STRUCTURE_ITEM object (9977)
2025-05-07 14:44:21,871 - __main__ - INFO - cube_structure_item: CUBE_STRUCTURE_ITEM object (9978)
2025-05-07 14:44:21,871 - __main__ - INFO - cube_structure_item: CUBE_STRUCTURE_ITEM object (9979)
2025-05-07 14:44:21,871 - __main__ - INFO - cube_structure_item: CUBE_STRUCTURE_ITEM object (9981)
2025-05-07 14:44:21,871 - __main__ - INFO - cube_structure_item: CUBE_STRUCTURE_ITEM object (9984)
2025-05-07 14:44:21,872 - __main__ - INFO - cube_structure_item: CUBE_STRUCTURE_ITEM object (9985)
2025-05-07 14:44:21,872 - __main__ - INFO - cube_structure_item: CUBE_STRUCTURE_ITEM object (9990)
2025-05-07 14:44:21,872 - __main__ - INFO - cube_structure_item: CUBE_STRUCTURE_ITEM object (9993)
2025-05-07 14:44:21,872 - __main__ - INFO - cube_structure_item: CUBE_STRUCTURE_ITEM object (9999)
2025-05-07 14:44:21,872 - __main__ - INFO - cube_structure_item: CUBE_STRUCTURE_ITEM object (10000)
2025-05-07 14:44:21,873 - __main__ - INFO - cube_structure_item: CUBE_STRUCTURE_ITEM object (10005)
2025-05-07 14:44:21,873 - __main__ - INFO - cube_structure_item: CUBE_STRUCTURE_ITEM object (10009)
2025-05-07 14:44:21,873 - __main__ - INFO - cube_structure_item: CUBE_STRUCTURE_ITEM object (10011)
2025-05-07 14:44:21,873 - __main__ - INFO - cube_structure_item: CUBE_STRUCTURE_ITEM object (10012)
2025-05-07 14:44:21,874 - __main__ - INFO - cube_structure_item: CUBE_STRUCTURE_ITEM object (10013)
2025-05-07 14:44:21,874 - __main__ - INFO - cube_structure_item: CUBE_STRUCTURE_ITEM object (10020)
2025-05-07 14:44:21,874 - __main__ - INFO - cube_structure_item: CUBE_STRUCTURE_ITEM object (10021)
2025-05-07 14:44:21,874 - __main__ - INFO - cube_structure_item: CUBE_STRUCTURE_ITEM object (10024)
2025-05-07 14:44:21,875 - __main__ - INFO - cube_structure_item: CUBE_STRUCTURE_ITEM object (10025)
2025-05-07 14:44:21,875 - __main__ - INFO - cube_structure_item: CUBE_STRUCTURE_ITEM object (10026)
2025-05-07 14:44:21,875 - __main__ - INFO - cube_structure_item: CUBE_STRUCTURE_ITEM object (10029)
2025-05-07 14:44:21,875 - __main__ - INFO - cube_structure_item: CUBE_STRUCTURE_ITEM object (10030)
2025-05-07 14:44:21,876 - __main__ - INFO - cube_structure_item: CUBE_STRUCTURE_ITEM object (10032)
2025-05-07 14:44:21,876 - __main__ - INFO - cube_structure_item: CUBE_STRUCTURE_ITEM object (10033)
2025-05-07 14:44:21,876 - __main__ - INFO - cube_structure_item: CUBE_STRUCTURE_ITEM object (10053)
2025-05-07 14:44:21,876 - __main__ - INFO - cube_structure_item: CUBE_STRUCTURE_ITEM object (10056)
2025-05-07 14:44:21,877 - __main__ - INFO - cube_structure_item: CUBE_STRUCTURE_ITEM object (10057)
2025-05-07 14:44:21,877 - __main__ - INFO - cube_structure_item: CUBE_STRUCTURE_ITEM object (10062)
2025-05-07 14:44:21,877 - __main__ - INFO - cube_structure_item: CUBE_STRUCTURE_ITEM object (10066)
2025-05-07 14:44:21,877 - __main__ - INFO - cube_structure_item: CUBE_STRUCTURE_ITEM object (10069)
2025-05-07 14:44:21,878 - __main__ - INFO - cube_structure_item: CUBE_STRUCTURE_ITEM object (10070)
2025-05-07 14:44:21,878 - __main__ - INFO - cube_structure_item: CUBE_STRUCTURE_ITEM object (10071)
2025-05-07 14:44:21,878 - __main__ - INFO - cube_structure_item: CUBE_STRUCTURE_ITEM object (10073)
2025-05-07 14:44:21,878 - __main__ - INFO - cube_structure_item: CUBE_STRUCTURE_ITEM object (10075)
2025-05-07 14:44:21,878 - __main__ - INFO - cube_structure_item: CUBE_STRUCTURE_ITEM object (10081)
2025-05-07 14:44:21,879 - __main__ - INFO - cube_structure_item: CUBE_STRUCTURE_ITEM object (10082)
2025-05-07 14:44:21,879 - __main__ - INFO - cube_structure_item: CUBE_STRUCTURE_ITEM object (10084)
2025-05-07 14:44:21,879 - __main__ - INFO - cube_structure_item: CUBE_STRUCTURE_ITEM object (10085)
2025-05-07 14:44:21,879 - __main__ - INFO - cube_structure_item: CUBE_STRUCTURE_ITEM object (10092)
2025-05-07 14:44:21,880 - __main__ - INFO - cube_structure_item: CUBE_STRUCTURE_ITEM object (10094)
2025-05-07 14:44:21,880 - __main__ - INFO - cube_structure_item: CUBE_STRUCTURE_ITEM object (10105)
2025-05-07 14:44:21,880 - __main__ - INFO - cube_structure_item: CUBE_STRUCTURE_ITEM object (10107)
2025-05-07 14:44:21,880 - __main__ - INFO - cube_structure_item: CUBE_STRUCTURE_ITEM object (10108)
2025-05-07 14:44:21,881 - __main__ - INFO - cube_structure_item: CUBE_STRUCTURE_ITEM object (10115)
2025-05-07 14:44:21,881 - __main__ - INFO - cube_structure_item: CUBE_STRUCTURE_ITEM object (10117)
2025-05-07 14:44:21,881 - __main__ - INFO - cube_structure_item: CUBE_STRUCTURE_ITEM object (10127)
2025-05-07 14:44:21,881 - __main__ - INFO - cube_structure_item: CUBE_STRUCTURE_ITEM object (10128)
2025-05-07 14:44:21,882 - __main__ - INFO - cube_structure_item: CUBE_STRUCTURE_ITEM object (10137)
2025-05-07 14:44:24,977 - __main__ - INFO - cube_structure_item: CUBE_STRUCTURE_ITEM object (9965)
2025-05-07 14:44:24,978 - __main__ - INFO - cube_structure_item: CUBE_STRUCTURE_ITEM object (9967)
2025-05-07 14:44:24,978 - __main__ - INFO - cube_structure_item: CUBE_STRUCTURE_ITEM object (9977)
2025-05-07 14:44:24,979 - __main__ - INFO - cube_structure_item: CUBE_STRUCTURE_ITEM object (9978)
2025-05-07 14:44:24,980 - __main__ - INFO - cube_structure_item: CUBE_STRUCTURE_ITEM object (9979)
2025-05-07 14:44:24,981 - __main__ - INFO - cube_structure_item: CUBE_STRUCTURE_ITEM object (9981)
2025-05-07 14:44:24,981 - __main__ - INFO - cube_structure_item: CUBE_STRUCTURE_ITEM object (9984)
2025-05-07 14:44:24,981 - __main__ - INFO - cube_structure_item: CUBE_STRUCTURE_ITEM object (9985)
2025-05-07 14:44:24,982 - __main__ - INFO - cube_structure_item: CUBE_STRUCTURE_ITEM object (9990)
2025-05-07 14:44:24,982 - __main__ - INFO - cube_structure_item: CUBE_STRUCTURE_ITEM object (9993)
2025-05-07 14:44:24,983 - __main__ - INFO - cube_structure_item: CUBE_STRUCTURE_ITEM object (9999)
2025-05-07 14:44:24,983 - __main__ - INFO - cube_structure_item: CUBE_STRUCTURE_ITEM object (10000)
2025-05-07 14:44:24,984 - __main__ - INFO - cube_structure_item: CUBE_STRUCTURE_ITEM object (10005)
2025-05-07 14:44:24,984 - __main__ - INFO - cube_structure_item: CUBE_STRUCTURE_ITEM object (10009)
2025-05-07 14:44:24,985 - __main__ - INFO - cube_structure_item: CUBE_STRUCTURE_ITEM object (10011)
2025-05-07 14:44:24,986 - __main__ - INFO - cube_structure_item: CUBE_STRUCTURE_ITEM object (10012)
2025-05-07 14:44:24,986 - __main__ - INFO - cube_structure_item: CUBE_STRUCTURE_ITEM object (10013)
2025-05-07 14:44:24,987 - __main__ - INFO - cube_structure_item: CUBE_STRUCTURE_ITEM object (10020)
2025-05-07 14:44:24,987 - __main__ - INFO - cube_structure_item: CUBE_STRUCTURE_ITEM object (10021)
2025-05-07 14:44:24,988 - __main__ - INFO - cube_structure_item: CUBE_STRUCTURE_ITEM object (10024)
2025-05-07 14:44:24,988 - __main__ - INFO - cube_structure_item: CUBE_STRUCTURE_ITEM object (10025)
2025-05-07 14:44:24,989 - __main__ - INFO - cube_structure_item: CUBE_STRUCTURE_ITEM object (10026)
2025-05-07 14:44:24,989 - __main__ - INFO - cube_structure_item: CUBE_STRUCTURE_ITEM object (10029)
2025-05-07 14:44:24,990 - __main__ - INFO - cube_structure_item: CUBE_STRUCTURE_ITEM object (10030)
2025-05-07 14:44:24,991 - __main__ - INFO - cube_structure_item: CUBE_STRUCTURE_ITEM object (10032)
2025-05-07 14:44:24,991 - __main__ - INFO - cube_structure_item: CUBE_STRUCTURE_ITEM object (10033)
2025-05-07 14:44:24,991 - __main__ - INFO - cube_structure_item: CUBE_STRUCTURE_ITEM object (10053)
2025-05-07 14:44:24,992 - __main__ - INFO - cube_structure_item: CUBE_STRUCTURE_ITEM object (10056)
2025-05-07 14:44:24,992 - __main__ - INFO - cube_structure_item: CUBE_STRUCTURE_ITEM object (10057)
2025-05-07 14:44:24,992 - __main__ - INFO - cube_structure_item: CUBE_STRUCTURE_ITEM object (10062)
2025-05-07 14:44:24,992 - __main__ - INFO - cube_structure_item: CUBE_STRUCTURE_ITEM object (10066)
2025-05-07 14:44:24,993 - __main__ - INFO - cube_structure_item: CUBE_STRUCTURE_ITEM object (10069)
2025-05-07 14:44:24,993 - __main__ - INFO - cube_structure_item: CUBE_STRUCTURE_ITEM object (10070)
2025-05-07 14:44:24,994 - __main__ - INFO - cube_structure_item: CUBE_STRUCTURE_ITEM object (10071)
2025-05-07 14:44:24,994 - __main__ - INFO - cube_structure_item: CUBE_STRUCTURE_ITEM object (10073)
2025-05-07 14:44:24,994 - __main__ - INFO - cube_structure_item: CUBE_STRUCTURE_ITEM object (10075)
2025-05-07 14:44:24,994 - __main__ - INFO - cube_structure_item: CUBE_STRUCTURE_ITEM object (10081)
2025-05-07 14:44:24,995 - __main__ - INFO - cube_structure_item: CUBE_STRUCTURE_ITEM object (10082)
2025-05-07 14:44:24,995 - __main__ - INFO - cube_structure_item: CUBE_STRUCTURE_ITEM object (10084)
2025-05-07 14:44:24,995 - __main__ - INFO - cube_structure_item: CUBE_STRUCTURE_ITEM object (10085)
2025-05-07 14:44:24,996 - __main__ - INFO - cube_structure_item: CUBE_STRUCTURE_ITEM object (10092)
2025-05-07 14:44:24,996 - __main__ - INFO - cube_structure_item: CUBE_STRUCTURE_ITEM object (10094)
2025-05-07 14:44:24,996 - __main__ - INFO - cube_structure_item: CUBE_STRUCTURE_ITEM object (10105)
2025-05-07 14:44:24,997 - __main__ - INFO - cube_structure_item: CUBE_STRUCTURE_ITEM object (10107)
2025-05-07 14:44:24,998 - __main__ - INFO - cube_structure_item: CUBE_STRUCTURE_ITEM object (10108)
2025-05-07 14:44:24,998 - __main__ - INFO - cube_structure_item: CUBE_STRUCTURE_ITEM object (10115)
2025-05-07 14:44:24,999 - __main__ - INFO - cube_structure_item: CUBE_STRUCTURE_ITEM object (10117)
2025-05-07 14:44:24,999 - __main__ - INFO - cube_structure_item: CUBE_STRUCTURE_ITEM object (10127)
2025-05-07 14:44:24,999 - __main__ - INFO - cube_structure_item: CUBE_STRUCTURE_ITEM object (10128)
2025-05-07 14:44:24,999 - __main__ - INFO - cube_structure_item: CUBE_STRUCTURE_ITEM object (10137)
2025-05-07 14:45:12,237 - __main__ - INFO - Django configured successfully with settings module: birds_nest.settings
2025-05-07 14:45:17,204 - __main__ - INFO - rolc_id: ANCRDT_INSTRMNT_C_1
2025-05-07 14:45:17,204 - __main__ - INFO - cube_structure_item: CUBE_STRUCTURE_ITEM object (9965)
2025-05-07 14:45:17,208 - __main__ - INFO - cube_structure_item: CUBE_STRUCTURE_ITEM object (9967)
2025-05-07 14:45:17,212 - __main__ - INFO - cube_structure_item: CUBE_STRUCTURE_ITEM object (9977)
2025-05-07 14:45:17,215 - __main__ - INFO - cube_structure_item: CUBE_STRUCTURE_ITEM object (9978)
2025-05-07 14:45:17,218 - __main__ - INFO - cube_structure_item: CUBE_STRUCTURE_ITEM object (9979)
2025-05-07 14:45:17,223 - __main__ - INFO - cube_structure_item: CUBE_STRUCTURE_ITEM object (9981)
2025-05-07 14:45:17,227 - __main__ - INFO - cube_structure_item: CUBE_STRUCTURE_ITEM object (9984)
2025-05-07 14:45:17,231 - __main__ - INFO - cube_structure_item: CUBE_STRUCTURE_ITEM object (9985)
2025-05-07 14:45:17,235 - __main__ - INFO - cube_structure_item: CUBE_STRUCTURE_ITEM object (9990)
2025-05-07 14:45:17,239 - __main__ - INFO - cube_structure_item: CUBE_STRUCTURE_ITEM object (9993)
2025-05-07 14:45:17,244 - __main__ - INFO - cube_structure_item: CUBE_STRUCTURE_ITEM object (9999)
2025-05-07 14:45:17,248 - __main__ - INFO - cube_structure_item: CUBE_STRUCTURE_ITEM object (10000)
2025-05-07 14:45:17,252 - __main__ - INFO - cube_structure_item: CUBE_STRUCTURE_ITEM object (10005)
2025-05-07 14:45:17,256 - __main__ - INFO - cube_structure_item: CUBE_STRUCTURE_ITEM object (10009)
2025-05-07 14:45:17,258 - __main__ - INFO - cube_structure_item: CUBE_STRUCTURE_ITEM object (10011)
2025-05-07 14:45:17,260 - __main__ - INFO - cube_structure_item: CUBE_STRUCTURE_ITEM object (10012)
2025-05-07 14:45:17,263 - __main__ - INFO - cube_structure_item: CUBE_STRUCTURE_ITEM object (10013)
2025-05-07 14:45:17,266 - __main__ - INFO - cube_structure_item: CUBE_STRUCTURE_ITEM object (10020)
2025-05-07 14:45:17,270 - __main__ - INFO - cube_structure_item: CUBE_STRUCTURE_ITEM object (10021)
2025-05-07 14:45:17,274 - __main__ - INFO - cube_structure_item: CUBE_STRUCTURE_ITEM object (10024)
2025-05-07 14:45:17,279 - __main__ - INFO - cube_structure_item: CUBE_STRUCTURE_ITEM object (10025)
2025-05-07 14:45:17,282 - __main__ - INFO - cube_structure_item: CUBE_STRUCTURE_ITEM object (10026)
2025-05-07 14:45:17,287 - __main__ - INFO - cube_structure_item: CUBE_STRUCTURE_ITEM object (10029)
2025-05-07 14:45:17,291 - __main__ - INFO - cube_structure_item: CUBE_STRUCTURE_ITEM object (10030)
2025-05-07 14:45:17,296 - __main__ - INFO - cube_structure_item: CUBE_STRUCTURE_ITEM object (10032)
2025-05-07 14:45:17,301 - __main__ - INFO - cube_structure_item: CUBE_STRUCTURE_ITEM object (10033)
2025-05-07 14:45:17,306 - __main__ - INFO - cube_structure_item: CUBE_STRUCTURE_ITEM object (10053)
2025-05-07 14:45:17,311 - __main__ - INFO - cube_structure_item: CUBE_STRUCTURE_ITEM object (10056)
2025-05-07 14:45:17,317 - __main__ - INFO - cube_structure_item: CUBE_STRUCTURE_ITEM object (10057)
2025-05-07 14:45:17,321 - __main__ - INFO - cube_structure_item: CUBE_STRUCTURE_ITEM object (10062)
2025-05-07 14:45:17,326 - __main__ - INFO - cube_structure_item: CUBE_STRUCTURE_ITEM object (10066)
2025-05-07 14:45:17,329 - __main__ - INFO - cube_structure_item: CUBE_STRUCTURE_ITEM object (10069)
2025-05-07 14:45:17,332 - __main__ - INFO - cube_structure_item: CUBE_STRUCTURE_ITEM object (10070)
2025-05-07 14:45:17,335 - __main__ - INFO - cube_structure_item: CUBE_STRUCTURE_ITEM object (10071)
2025-05-07 14:45:17,339 - __main__ - INFO - cube_structure_item: CUBE_STRUCTURE_ITEM object (10073)
2025-05-07 14:45:17,342 - __main__ - INFO - cube_structure_item: CUBE_STRUCTURE_ITEM object (10075)
2025-05-07 14:45:17,346 - __main__ - INFO - cube_structure_item: CUBE_STRUCTURE_ITEM object (10081)
2025-05-07 14:45:17,351 - __main__ - INFO - cube_structure_item: CUBE_STRUCTURE_ITEM object (10082)
2025-05-07 14:45:17,355 - __main__ - INFO - cube_structure_item: CUBE_STRUCTURE_ITEM object (10084)
2025-05-07 14:45:17,360 - __main__ - INFO - cube_structure_item: CUBE_STRUCTURE_ITEM object (10085)
2025-05-07 14:45:17,364 - __main__ - INFO - cube_structure_item: CUBE_STRUCTURE_ITEM object (10092)
2025-05-07 14:45:17,368 - __main__ - INFO - cube_structure_item: CUBE_STRUCTURE_ITEM object (10094)
2025-05-07 14:45:17,372 - __main__ - INFO - cube_structure_item: CUBE_STRUCTURE_ITEM object (10105)
2025-05-07 14:45:17,376 - __main__ - INFO - cube_structure_item: CUBE_STRUCTURE_ITEM object (10107)
2025-05-07 14:45:17,381 - __main__ - INFO - cube_structure_item: CUBE_STRUCTURE_ITEM object (10108)
2025-05-07 14:45:17,386 - __main__ - INFO - cube_structure_item: CUBE_STRUCTURE_ITEM object (10115)
2025-05-07 14:45:17,391 - __main__ - INFO - cube_structure_item: CUBE_STRUCTURE_ITEM object (10117)
2025-05-07 14:45:17,395 - __main__ - INFO - cube_structure_item: CUBE_STRUCTURE_ITEM object (10127)
2025-05-07 14:45:17,399 - __main__ - INFO - cube_structure_item: CUBE_STRUCTURE_ITEM object (10128)
2025-05-07 14:45:17,404 - __main__ - INFO - cube_structure_item: CUBE_STRUCTURE_ITEM object (10137)
2025-05-07 14:45:17,409 - __main__ - INFO - cube_structure_item: CUBE_STRUCTURE_ITEM object (9965)
2025-05-07 14:45:17,409 - __main__ - INFO - cube_structure_item: CUBE_STRUCTURE_ITEM object (9967)
2025-05-07 14:45:17,409 - __main__ - INFO - cube_structure_item: CUBE_STRUCTURE_ITEM object (9977)
2025-05-07 14:45:17,409 - __main__ - INFO - cube_structure_item: CUBE_STRUCTURE_ITEM object (9978)
2025-05-07 14:45:17,409 - __main__ - INFO - cube_structure_item: CUBE_STRUCTURE_ITEM object (9979)
2025-05-07 14:45:17,410 - __main__ - INFO - cube_structure_item: CUBE_STRUCTURE_ITEM object (9981)
2025-05-07 14:45:17,410 - __main__ - INFO - cube_structure_item: CUBE_STRUCTURE_ITEM object (9984)
2025-05-07 14:45:17,410 - __main__ - INFO - cube_structure_item: CUBE_STRUCTURE_ITEM object (9985)
2025-05-07 14:45:17,410 - __main__ - INFO - cube_structure_item: CUBE_STRUCTURE_ITEM object (9990)
2025-05-07 14:45:17,411 - __main__ - INFO - cube_structure_item: CUBE_STRUCTURE_ITEM object (9993)
2025-05-07 14:45:17,411 - __main__ - INFO - cube_structure_item: CUBE_STRUCTURE_ITEM object (9999)
2025-05-07 14:45:17,411 - __main__ - INFO - cube_structure_item: CUBE_STRUCTURE_ITEM object (10000)
2025-05-07 14:45:17,411 - __main__ - INFO - cube_structure_item: CUBE_STRUCTURE_ITEM object (10005)
2025-05-07 14:45:17,411 - __main__ - INFO - cube_structure_item: CUBE_STRUCTURE_ITEM object (10009)
2025-05-07 14:45:17,411 - __main__ - INFO - cube_structure_item: CUBE_STRUCTURE_ITEM object (10011)
2025-05-07 14:45:17,412 - __main__ - INFO - cube_structure_item: CUBE_STRUCTURE_ITEM object (10012)
2025-05-07 14:45:17,412 - __main__ - INFO - cube_structure_item: CUBE_STRUCTURE_ITEM object (10013)
2025-05-07 14:45:17,412 - __main__ - INFO - cube_structure_item: CUBE_STRUCTURE_ITEM object (10020)
2025-05-07 14:45:17,412 - __main__ - INFO - cube_structure_item: CUBE_STRUCTURE_ITEM object (10021)
2025-05-07 14:45:17,412 - __main__ - INFO - cube_structure_item: CUBE_STRUCTURE_ITEM object (10024)
2025-05-07 14:45:17,412 - __main__ - INFO - cube_structure_item: CUBE_STRUCTURE_ITEM object (10025)
2025-05-07 14:45:17,413 - __main__ - INFO - cube_structure_item: CUBE_STRUCTURE_ITEM object (10026)
2025-05-07 14:45:17,413 - __main__ - INFO - cube_structure_item: CUBE_STRUCTURE_ITEM object (10029)
2025-05-07 14:45:17,413 - __main__ - INFO - cube_structure_item: CUBE_STRUCTURE_ITEM object (10030)
2025-05-07 14:45:17,413 - __main__ - INFO - cube_structure_item: CUBE_STRUCTURE_ITEM object (10032)
2025-05-07 14:45:17,413 - __main__ - INFO - cube_structure_item: CUBE_STRUCTURE_ITEM object (10033)
2025-05-07 14:45:17,414 - __main__ - INFO - cube_structure_item: CUBE_STRUCTURE_ITEM object (10053)
2025-05-07 14:45:17,414 - __main__ - INFO - cube_structure_item: CUBE_STRUCTURE_ITEM object (10056)
2025-05-07 14:45:17,414 - __main__ - INFO - cube_structure_item: CUBE_STRUCTURE_ITEM object (10057)
2025-05-07 14:45:17,414 - __main__ - INFO - cube_structure_item: CUBE_STRUCTURE_ITEM object (10062)
2025-05-07 14:45:17,414 - __main__ - INFO - cube_structure_item: CUBE_STRUCTURE_ITEM object (10066)
2025-05-07 14:45:17,415 - __main__ - INFO - cube_structure_item: CUBE_STRUCTURE_ITEM object (10069)
2025-05-07 14:45:17,415 - __main__ - INFO - cube_structure_item: CUBE_STRUCTURE_ITEM object (10070)
2025-05-07 14:45:17,415 - __main__ - INFO - cube_structure_item: CUBE_STRUCTURE_ITEM object (10071)
2025-05-07 14:45:17,415 - __main__ - INFO - cube_structure_item: CUBE_STRUCTURE_ITEM object (10073)
2025-05-07 14:45:17,415 - __main__ - INFO - cube_structure_item: CUBE_STRUCTURE_ITEM object (10075)
2025-05-07 14:45:17,416 - __main__ - INFO - cube_structure_item: CUBE_STRUCTURE_ITEM object (10081)
2025-05-07 14:45:17,416 - __main__ - INFO - cube_structure_item: CUBE_STRUCTURE_ITEM object (10082)
2025-05-07 14:45:17,416 - __main__ - INFO - cube_structure_item: CUBE_STRUCTURE_ITEM object (10084)
2025-05-07 14:45:17,416 - __main__ - INFO - cube_structure_item: CUBE_STRUCTURE_ITEM object (10085)
2025-05-07 14:45:17,416 - __main__ - INFO - cube_structure_item: CUBE_STRUCTURE_ITEM object (10092)
2025-05-07 14:45:17,416 - __main__ - INFO - cube_structure_item: CUBE_STRUCTURE_ITEM object (10094)
2025-05-07 14:45:17,416 - __main__ - INFO - cube_structure_item: CUBE_STRUCTURE_ITEM object (10105)
2025-05-07 14:45:17,417 - __main__ - INFO - cube_structure_item: CUBE_STRUCTURE_ITEM object (10107)
2025-05-07 14:45:17,417 - __main__ - INFO - cube_structure_item: CUBE_STRUCTURE_ITEM object (10108)
2025-05-07 14:45:17,417 - __main__ - INFO - cube_structure_item: CUBE_STRUCTURE_ITEM object (10115)
2025-05-07 14:45:17,417 - __main__ - INFO - cube_structure_item: CUBE_STRUCTURE_ITEM object (10117)
2025-05-07 14:45:17,418 - __main__ - INFO - cube_structure_item: CUBE_STRUCTURE_ITEM object (10127)
2025-05-07 14:45:17,418 - __main__ - INFO - cube_structure_item: CUBE_STRUCTURE_ITEM object (10128)
2025-05-07 14:45:17,418 - __main__ - INFO - cube_structure_item: CUBE_STRUCTURE_ITEM object (10137)
2025-05-07 14:45:17,418 - __main__ - INFO - cube_structure_item: CUBE_STRUCTURE_ITEM object (9965)
2025-05-07 14:45:17,418 - __main__ - INFO - cube_structure_item: CUBE_STRUCTURE_ITEM object (9967)
2025-05-07 14:45:17,418 - __main__ - INFO - cube_structure_item: CUBE_STRUCTURE_ITEM object (9977)
2025-05-07 14:45:17,419 - __main__ - INFO - cube_structure_item: CUBE_STRUCTURE_ITEM object (9978)
2025-05-07 14:45:17,419 - __main__ - INFO - cube_structure_item: CUBE_STRUCTURE_ITEM object (9979)
2025-05-07 14:45:17,419 - __main__ - INFO - cube_structure_item: CUBE_STRUCTURE_ITEM object (9981)
2025-05-07 14:45:17,419 - __main__ - INFO - cube_structure_item: CUBE_STRUCTURE_ITEM object (9984)
2025-05-07 14:45:17,420 - __main__ - INFO - cube_structure_item: CUBE_STRUCTURE_ITEM object (9985)
2025-05-07 14:45:17,420 - __main__ - INFO - cube_structure_item: CUBE_STRUCTURE_ITEM object (9990)
2025-05-07 14:45:17,420 - __main__ - INFO - cube_structure_item: CUBE_STRUCTURE_ITEM object (9993)
2025-05-07 14:45:17,420 - __main__ - INFO - cube_structure_item: CUBE_STRUCTURE_ITEM object (9999)
2025-05-07 14:45:17,421 - __main__ - INFO - cube_structure_item: CUBE_STRUCTURE_ITEM object (10000)
2025-05-07 14:45:17,421 - __main__ - INFO - cube_structure_item: CUBE_STRUCTURE_ITEM object (10005)
2025-05-07 14:45:17,421 - __main__ - INFO - cube_structure_item: CUBE_STRUCTURE_ITEM object (10009)
2025-05-07 14:45:17,421 - __main__ - INFO - cube_structure_item: CUBE_STRUCTURE_ITEM object (10011)
2025-05-07 14:45:17,421 - __main__ - INFO - cube_structure_item: CUBE_STRUCTURE_ITEM object (10012)
2025-05-07 14:45:17,421 - __main__ - INFO - cube_structure_item: CUBE_STRUCTURE_ITEM object (10013)
2025-05-07 14:45:17,422 - __main__ - INFO - cube_structure_item: CUBE_STRUCTURE_ITEM object (10020)
2025-05-07 14:45:17,422 - __main__ - INFO - cube_structure_item: CUBE_STRUCTURE_ITEM object (10021)
2025-05-07 14:45:17,422 - __main__ - INFO - cube_structure_item: CUBE_STRUCTURE_ITEM object (10024)
2025-05-07 14:45:17,422 - __main__ - INFO - cube_structure_item: CUBE_STRUCTURE_ITEM object (10025)
2025-05-07 14:45:17,422 - __main__ - INFO - cube_structure_item: CUBE_STRUCTURE_ITEM object (10026)
2025-05-07 14:45:17,422 - __main__ - INFO - cube_structure_item: CUBE_STRUCTURE_ITEM object (10029)
2025-05-07 14:45:17,423 - __main__ - INFO - cube_structure_item: CUBE_STRUCTURE_ITEM object (10030)
2025-05-07 14:45:17,423 - __main__ - INFO - cube_structure_item: CUBE_STRUCTURE_ITEM object (10032)
2025-05-07 14:45:17,423 - __main__ - INFO - cube_structure_item: CUBE_STRUCTURE_ITEM object (10033)
2025-05-07 14:45:17,423 - __main__ - INFO - cube_structure_item: CUBE_STRUCTURE_ITEM object (10053)
2025-05-07 14:45:17,423 - __main__ - INFO - cube_structure_item: CUBE_STRUCTURE_ITEM object (10056)
2025-05-07 14:45:17,424 - __main__ - INFO - cube_structure_item: CUBE_STRUCTURE_ITEM object (10057)
2025-05-07 14:45:17,424 - __main__ - INFO - cube_structure_item: CUBE_STRUCTURE_ITEM object (10062)
2025-05-07 14:45:17,424 - __main__ - INFO - cube_structure_item: CUBE_STRUCTURE_ITEM object (10066)
2025-05-07 14:45:17,424 - __main__ - INFO - cube_structure_item: CUBE_STRUCTURE_ITEM object (10069)
2025-05-07 14:45:17,424 - __main__ - INFO - cube_structure_item: CUBE_STRUCTURE_ITEM object (10070)
2025-05-07 14:45:17,424 - __main__ - INFO - cube_structure_item: CUBE_STRUCTURE_ITEM object (10071)
2025-05-07 14:45:17,425 - __main__ - INFO - cube_structure_item: CUBE_STRUCTURE_ITEM object (10073)
2025-05-07 14:45:17,425 - __main__ - INFO - cube_structure_item: CUBE_STRUCTURE_ITEM object (10075)
2025-05-07 14:45:17,425 - __main__ - INFO - cube_structure_item: CUBE_STRUCTURE_ITEM object (10081)
2025-05-07 14:45:17,425 - __main__ - INFO - cube_structure_item: CUBE_STRUCTURE_ITEM object (10082)
2025-05-07 14:45:17,425 - __main__ - INFO - cube_structure_item: CUBE_STRUCTURE_ITEM object (10084)
2025-05-07 14:45:17,426 - __main__ - INFO - cube_structure_item: CUBE_STRUCTURE_ITEM object (10085)
2025-05-07 14:45:17,426 - __main__ - INFO - cube_structure_item: CUBE_STRUCTURE_ITEM object (10092)
2025-05-07 14:45:17,426 - __main__ - INFO - cube_structure_item: CUBE_STRUCTURE_ITEM object (10094)
2025-05-07 14:45:17,426 - __main__ - INFO - cube_structure_item: CUBE_STRUCTURE_ITEM object (10105)
2025-05-07 14:45:17,427 - __main__ - INFO - cube_structure_item: CUBE_STRUCTURE_ITEM object (10107)
2025-05-07 14:45:17,427 - __main__ - INFO - cube_structure_item: CUBE_STRUCTURE_ITEM object (10108)
2025-05-07 14:45:17,427 - __main__ - INFO - cube_structure_item: CUBE_STRUCTURE_ITEM object (10115)
2025-05-07 14:45:17,427 - __main__ - INFO - cube_structure_item: CUBE_STRUCTURE_ITEM object (10117)
2025-05-07 14:45:17,427 - __main__ - INFO - cube_structure_item: CUBE_STRUCTURE_ITEM object (10127)
2025-05-07 14:45:17,427 - __main__ - INFO - cube_structure_item: CUBE_STRUCTURE_ITEM object (10128)
2025-05-07 14:45:17,428 - __main__ - INFO - cube_structure_item: CUBE_STRUCTURE_ITEM object (10137)
2025-05-07 14:45:17,428 - __main__ - INFO - {'ANCRDT_INSTRMNT_C_1:Loans and advances': [<CUBE_LINK: CUBE_LINK object (INSTRMNT:Loans and advances:ANCRDT_INSTRMNT_C_1)>, <CUBE_LINK: CUBE_LINK object (INSTRMNT_RL:Loans and advances:ANCRDT_INSTRMNT_C_1)>, <CUBE_LINK: CUBE_LINK object (CLLTRL:Loans and advances:ANCRDT_INSTRMNT_C_1)>]}
2025-05-07 14:45:17,513 - __main__ - INFO - cube_structure_item: CUBE_STRUCTURE_ITEM object (9965)
2025-05-07 14:45:17,513 - __main__ - INFO - cube_structure_item: CUBE_STRUCTURE_ITEM object (9967)
2025-05-07 14:45:17,514 - __main__ - INFO - cube_structure_item: CUBE_STRUCTURE_ITEM object (9977)
2025-05-07 14:45:17,514 - __main__ - INFO - cube_structure_item: CUBE_STRUCTURE_ITEM object (9978)
2025-05-07 14:45:17,514 - __main__ - INFO - cube_structure_item: CUBE_STRUCTURE_ITEM object (9979)
2025-05-07 14:45:17,514 - __main__ - INFO - cube_structure_item: CUBE_STRUCTURE_ITEM object (9981)
2025-05-07 14:45:17,514 - __main__ - INFO - cube_structure_item: CUBE_STRUCTURE_ITEM object (9984)
2025-05-07 14:45:17,515 - __main__ - INFO - cube_structure_item: CUBE_STRUCTURE_ITEM object (9985)
2025-05-07 14:45:17,515 - __main__ - INFO - cube_structure_item: CUBE_STRUCTURE_ITEM object (9990)
2025-05-07 14:45:17,515 - __main__ - INFO - cube_structure_item: CUBE_STRUCTURE_ITEM object (9993)
2025-05-07 14:45:17,515 - __main__ - INFO - cube_structure_item: CUBE_STRUCTURE_ITEM object (9999)
2025-05-07 14:45:17,515 - __main__ - INFO - cube_structure_item: CUBE_STRUCTURE_ITEM object (10000)
2025-05-07 14:45:17,516 - __main__ - INFO - cube_structure_item: CUBE_STRUCTURE_ITEM object (10005)
2025-05-07 14:45:17,516 - __main__ - INFO - cube_structure_item: CUBE_STRUCTURE_ITEM object (10009)
2025-05-07 14:45:17,516 - __main__ - INFO - cube_structure_item: CUBE_STRUCTURE_ITEM object (10011)
2025-05-07 14:45:17,516 - __main__ - INFO - cube_structure_item: CUBE_STRUCTURE_ITEM object (10012)
2025-05-07 14:45:17,516 - __main__ - INFO - cube_structure_item: CUBE_STRUCTURE_ITEM object (10013)
2025-05-07 14:45:17,516 - __main__ - INFO - cube_structure_item: CUBE_STRUCTURE_ITEM object (10020)
2025-05-07 14:45:17,517 - __main__ - INFO - cube_structure_item: CUBE_STRUCTURE_ITEM object (10021)
2025-05-07 14:45:17,517 - __main__ - INFO - cube_structure_item: CUBE_STRUCTURE_ITEM object (10024)
2025-05-07 14:45:17,517 - __main__ - INFO - cube_structure_item: CUBE_STRUCTURE_ITEM object (10025)
2025-05-07 14:45:17,517 - __main__ - INFO - cube_structure_item: CUBE_STRUCTURE_ITEM object (10026)
2025-05-07 14:45:17,517 - __main__ - INFO - cube_structure_item: CUBE_STRUCTURE_ITEM object (10029)
2025-05-07 14:45:17,518 - __main__ - INFO - cube_structure_item: CUBE_STRUCTURE_ITEM object (10030)
2025-05-07 14:45:17,518 - __main__ - INFO - cube_structure_item: CUBE_STRUCTURE_ITEM object (10032)
2025-05-07 14:45:17,518 - __main__ - INFO - cube_structure_item: CUBE_STRUCTURE_ITEM object (10033)
2025-05-07 14:45:17,518 - __main__ - INFO - cube_structure_item: CUBE_STRUCTURE_ITEM object (10053)
2025-05-07 14:45:17,518 - __main__ - INFO - cube_structure_item: CUBE_STRUCTURE_ITEM object (10056)
2025-05-07 14:45:17,519 - __main__ - INFO - cube_structure_item: CUBE_STRUCTURE_ITEM object (10057)
2025-05-07 14:45:17,519 - __main__ - INFO - cube_structure_item: CUBE_STRUCTURE_ITEM object (10062)
2025-05-07 14:45:17,519 - __main__ - INFO - cube_structure_item: CUBE_STRUCTURE_ITEM object (10066)
2025-05-07 14:45:17,519 - __main__ - INFO - cube_structure_item: CUBE_STRUCTURE_ITEM object (10069)
2025-05-07 14:45:17,519 - __main__ - INFO - cube_structure_item: CUBE_STRUCTURE_ITEM object (10070)
2025-05-07 14:45:17,519 - __main__ - INFO - cube_structure_item: CUBE_STRUCTURE_ITEM object (10071)
2025-05-07 14:45:17,520 - __main__ - INFO - cube_structure_item: CUBE_STRUCTURE_ITEM object (10073)
2025-05-07 14:45:17,520 - __main__ - INFO - cube_structure_item: CUBE_STRUCTURE_ITEM object (10075)
2025-05-07 14:45:17,520 - __main__ - INFO - cube_structure_item: CUBE_STRUCTURE_ITEM object (10081)
2025-05-07 14:45:17,520 - __main__ - INFO - cube_structure_item: CUBE_STRUCTURE_ITEM object (10082)
2025-05-07 14:45:17,520 - __main__ - INFO - cube_structure_item: CUBE_STRUCTURE_ITEM object (10084)
2025-05-07 14:45:17,521 - __main__ - INFO - cube_structure_item: CUBE_STRUCTURE_ITEM object (10085)
2025-05-07 14:45:17,521 - __main__ - INFO - cube_structure_item: CUBE_STRUCTURE_ITEM object (10092)
2025-05-07 14:45:17,521 - __main__ - INFO - cube_structure_item: CUBE_STRUCTURE_ITEM object (10094)
2025-05-07 14:45:17,521 - __main__ - INFO - cube_structure_item: CUBE_STRUCTURE_ITEM object (10105)
2025-05-07 14:45:17,522 - __main__ - INFO - cube_structure_item: CUBE_STRUCTURE_ITEM object (10107)
2025-05-07 14:45:17,522 - __main__ - INFO - cube_structure_item: CUBE_STRUCTURE_ITEM object (10108)
2025-05-07 14:45:17,522 - __main__ - INFO - cube_structure_item: CUBE_STRUCTURE_ITEM object (10115)
2025-05-07 14:45:17,522 - __main__ - INFO - cube_structure_item: CUBE_STRUCTURE_ITEM object (10117)
2025-05-07 14:45:17,522 - __main__ - INFO - cube_structure_item: CUBE_STRUCTURE_ITEM object (10127)
2025-05-07 14:45:17,523 - __main__ - INFO - cube_structure_item: CUBE_STRUCTURE_ITEM object (10128)
2025-05-07 14:45:17,523 - __main__ - INFO - cube_structure_item: CUBE_STRUCTURE_ITEM object (10137)
2025-05-07 14:45:21,074 - __main__ - INFO - cube_structure_item: CUBE_STRUCTURE_ITEM object (9965)
2025-05-07 14:45:21,075 - __main__ - INFO - cube_structure_item: CUBE_STRUCTURE_ITEM object (9967)
2025-05-07 14:45:21,076 - __main__ - INFO - cube_structure_item: CUBE_STRUCTURE_ITEM object (9977)
2025-05-07 14:45:21,076 - __main__ - INFO - cube_structure_item: CUBE_STRUCTURE_ITEM object (9978)
2025-05-07 14:45:21,077 - __main__ - INFO - cube_structure_item: CUBE_STRUCTURE_ITEM object (9979)
2025-05-07 14:45:21,078 - __main__ - INFO - cube_structure_item: CUBE_STRUCTURE_ITEM object (9981)
2025-05-07 14:45:21,078 - __main__ - INFO - cube_structure_item: CUBE_STRUCTURE_ITEM object (9984)
2025-05-07 14:45:21,078 - __main__ - INFO - cube_structure_item: CUBE_STRUCTURE_ITEM object (9985)
2025-05-07 14:45:21,079 - __main__ - INFO - cube_structure_item: CUBE_STRUCTURE_ITEM object (9990)
2025-05-07 14:45:21,079 - __main__ - INFO - cube_structure_item: CUBE_STRUCTURE_ITEM object (9993)
2025-05-07 14:45:21,079 - __main__ - INFO - cube_structure_item: CUBE_STRUCTURE_ITEM object (9999)
2025-05-07 14:45:21,080 - __main__ - INFO - cube_structure_item: CUBE_STRUCTURE_ITEM object (10000)
2025-05-07 14:45:21,080 - __main__ - INFO - cube_structure_item: CUBE_STRUCTURE_ITEM object (10005)
2025-05-07 14:45:21,081 - __main__ - INFO - cube_structure_item: CUBE_STRUCTURE_ITEM object (10009)
2025-05-07 14:45:21,081 - __main__ - INFO - cube_structure_item: CUBE_STRUCTURE_ITEM object (10011)
2025-05-07 14:45:21,082 - __main__ - INFO - cube_structure_item: CUBE_STRUCTURE_ITEM object (10012)
2025-05-07 14:45:21,083 - __main__ - INFO - cube_structure_item: CUBE_STRUCTURE_ITEM object (10013)
2025-05-07 14:45:21,083 - __main__ - INFO - cube_structure_item: CUBE_STRUCTURE_ITEM object (10020)
2025-05-07 14:45:21,084 - __main__ - INFO - cube_structure_item: CUBE_STRUCTURE_ITEM object (10021)
2025-05-07 14:45:21,084 - __main__ - INFO - cube_structure_item: CUBE_STRUCTURE_ITEM object (10024)
2025-05-07 14:45:21,084 - __main__ - INFO - cube_structure_item: CUBE_STRUCTURE_ITEM object (10025)
2025-05-07 14:45:21,085 - __main__ - INFO - cube_structure_item: CUBE_STRUCTURE_ITEM object (10026)
2025-05-07 14:45:21,085 - __main__ - INFO - cube_structure_item: CUBE_STRUCTURE_ITEM object (10029)
2025-05-07 14:45:21,086 - __main__ - INFO - cube_structure_item: CUBE_STRUCTURE_ITEM object (10030)
2025-05-07 14:45:21,087 - __main__ - INFO - cube_structure_item: CUBE_STRUCTURE_ITEM object (10032)
2025-05-07 14:45:21,087 - __main__ - INFO - cube_structure_item: CUBE_STRUCTURE_ITEM object (10033)
2025-05-07 14:45:21,087 - __main__ - INFO - cube_structure_item: CUBE_STRUCTURE_ITEM object (10053)
2025-05-07 14:45:21,088 - __main__ - INFO - cube_structure_item: CUBE_STRUCTURE_ITEM object (10056)
2025-05-07 14:45:21,088 - __main__ - INFO - cube_structure_item: CUBE_STRUCTURE_ITEM object (10057)
2025-05-07 14:45:21,088 - __main__ - INFO - cube_structure_item: CUBE_STRUCTURE_ITEM object (10062)
2025-05-07 14:45:21,088 - __main__ - INFO - cube_structure_item: CUBE_STRUCTURE_ITEM object (10066)
2025-05-07 14:45:21,088 - __main__ - INFO - cube_structure_item: CUBE_STRUCTURE_ITEM object (10069)
2025-05-07 14:45:21,089 - __main__ - INFO - cube_structure_item: CUBE_STRUCTURE_ITEM object (10070)
2025-05-07 14:45:21,089 - __main__ - INFO - cube_structure_item: CUBE_STRUCTURE_ITEM object (10071)
2025-05-07 14:45:21,089 - __main__ - INFO - cube_structure_item: CUBE_STRUCTURE_ITEM object (10073)
2025-05-07 14:45:21,089 - __main__ - INFO - cube_structure_item: CUBE_STRUCTURE_ITEM object (10075)
2025-05-07 14:45:21,090 - __main__ - INFO - cube_structure_item: CUBE_STRUCTURE_ITEM object (10081)
2025-05-07 14:45:21,090 - __main__ - INFO - cube_structure_item: CUBE_STRUCTURE_ITEM object (10082)
2025-05-07 14:45:21,090 - __main__ - INFO - cube_structure_item: CUBE_STRUCTURE_ITEM object (10084)
2025-05-07 14:45:21,090 - __main__ - INFO - cube_structure_item: CUBE_STRUCTURE_ITEM object (10085)
2025-05-07 14:45:21,091 - __main__ - INFO - cube_structure_item: CUBE_STRUCTURE_ITEM object (10092)
2025-05-07 14:45:21,091 - __main__ - INFO - cube_structure_item: CUBE_STRUCTURE_ITEM object (10094)
2025-05-07 14:45:21,091 - __main__ - INFO - cube_structure_item: CUBE_STRUCTURE_ITEM object (10105)
2025-05-07 14:45:21,091 - __main__ - INFO - cube_structure_item: CUBE_STRUCTURE_ITEM object (10107)
2025-05-07 14:45:21,092 - __main__ - INFO - cube_structure_item: CUBE_STRUCTURE_ITEM object (10108)
2025-05-07 14:45:21,092 - __main__ - INFO - cube_structure_item: CUBE_STRUCTURE_ITEM object (10115)
2025-05-07 14:45:21,092 - __main__ - INFO - cube_structure_item: CUBE_STRUCTURE_ITEM object (10117)
2025-05-07 14:45:21,092 - __main__ - INFO - cube_structure_item: CUBE_STRUCTURE_ITEM object (10127)
2025-05-07 14:45:21,093 - __main__ - INFO - cube_structure_item: CUBE_STRUCTURE_ITEM object (10128)
2025-05-07 14:45:21,093 - __main__ - INFO - cube_structure_item: CUBE_STRUCTURE_ITEM object (10137)
2025-05-07 14:47:11,346 - __main__ - INFO - Django configured successfully with settings module: birds_nest.settings
2025-05-07 14:47:15,931 - __main__ - INFO - rolc_id: ANCRDT_INSTRMNT_C_1
2025-05-07 14:47:15,931 - __main__ - INFO - cube_structure_item: CUBE_STRUCTURE_ITEM object (9965)
2025-05-07 14:47:15,935 - __main__ - INFO - cube_structure_item: CUBE_STRUCTURE_ITEM object (9967)
2025-05-07 14:47:15,939 - __main__ - INFO - cube_structure_item: CUBE_STRUCTURE_ITEM object (9977)
2025-05-07 14:47:15,942 - __main__ - INFO - cube_structure_item: CUBE_STRUCTURE_ITEM object (9978)
2025-05-07 14:47:15,945 - __main__ - INFO - cube_structure_item: CUBE_STRUCTURE_ITEM object (9979)
2025-05-07 14:47:15,948 - __main__ - INFO - cube_structure_item: CUBE_STRUCTURE_ITEM object (9981)
2025-05-07 14:47:15,950 - __main__ - INFO - cube_structure_item: CUBE_STRUCTURE_ITEM object (9984)
2025-05-07 14:47:15,951 - __main__ - INFO - cube_structure_item: CUBE_STRUCTURE_ITEM object (9985)
2025-05-07 14:47:15,953 - __main__ - INFO - cube_structure_item: CUBE_STRUCTURE_ITEM object (9990)
2025-05-07 14:47:15,955 - __main__ - INFO - cube_structure_item: CUBE_STRUCTURE_ITEM object (9993)
2025-05-07 14:47:15,956 - __main__ - INFO - cube_structure_item: CUBE_STRUCTURE_ITEM object (9999)
2025-05-07 14:47:15,958 - __main__ - INFO - cube_structure_item: CUBE_STRUCTURE_ITEM object (10000)
2025-05-07 14:47:15,960 - __main__ - INFO - cube_structure_item: CUBE_STRUCTURE_ITEM object (10005)
2025-05-07 14:47:15,962 - __main__ - INFO - cube_structure_item: CUBE_STRUCTURE_ITEM object (10009)
2025-05-07 14:47:15,964 - __main__ - INFO - cube_structure_item: CUBE_STRUCTURE_ITEM object (10011)
2025-05-07 14:47:15,966 - __main__ - INFO - cube_structure_item: CUBE_STRUCTURE_ITEM object (10012)
2025-05-07 14:47:15,968 - __main__ - INFO - cube_structure_item: CUBE_STRUCTURE_ITEM object (10013)
2025-05-07 14:47:15,969 - __main__ - INFO - cube_structure_item: CUBE_STRUCTURE_ITEM object (10020)
2025-05-07 14:47:15,971 - __main__ - INFO - cube_structure_item: CUBE_STRUCTURE_ITEM object (10021)
2025-05-07 14:47:15,973 - __main__ - INFO - cube_structure_item: CUBE_STRUCTURE_ITEM object (10024)
2025-05-07 14:47:15,974 - __main__ - INFO - cube_structure_item: CUBE_STRUCTURE_ITEM object (10025)
2025-05-07 14:47:15,976 - __main__ - INFO - cube_structure_item: CUBE_STRUCTURE_ITEM object (10026)
2025-05-07 14:47:15,978 - __main__ - INFO - cube_structure_item: CUBE_STRUCTURE_ITEM object (10029)
2025-05-07 14:47:15,980 - __main__ - INFO - cube_structure_item: CUBE_STRUCTURE_ITEM object (10030)
2025-05-07 14:47:15,982 - __main__ - INFO - cube_structure_item: CUBE_STRUCTURE_ITEM object (10032)
2025-05-07 14:47:15,983 - __main__ - INFO - cube_structure_item: CUBE_STRUCTURE_ITEM object (10033)
2025-05-07 14:47:15,985 - __main__ - INFO - cube_structure_item: CUBE_STRUCTURE_ITEM object (10053)
2025-05-07 14:47:15,986 - __main__ - INFO - cube_structure_item: CUBE_STRUCTURE_ITEM object (10056)
2025-05-07 14:47:15,987 - __main__ - INFO - cube_structure_item: CUBE_STRUCTURE_ITEM object (10057)
2025-05-07 14:47:15,989 - __main__ - INFO - cube_structure_item: CUBE_STRUCTURE_ITEM object (10062)
2025-05-07 14:47:15,990 - __main__ - INFO - cube_structure_item: CUBE_STRUCTURE_ITEM object (10066)
2025-05-07 14:47:15,991 - __main__ - INFO - cube_structure_item: CUBE_STRUCTURE_ITEM object (10069)
2025-05-07 14:47:15,993 - __main__ - INFO - cube_structure_item: CUBE_STRUCTURE_ITEM object (10070)
2025-05-07 14:47:15,994 - __main__ - INFO - cube_structure_item: CUBE_STRUCTURE_ITEM object (10071)
2025-05-07 14:47:15,996 - __main__ - INFO - cube_structure_item: CUBE_STRUCTURE_ITEM object (10073)
2025-05-07 14:47:15,997 - __main__ - INFO - cube_structure_item: CUBE_STRUCTURE_ITEM object (10075)
2025-05-07 14:47:15,998 - __main__ - INFO - cube_structure_item: CUBE_STRUCTURE_ITEM object (10081)
2025-05-07 14:47:15,999 - __main__ - INFO - cube_structure_item: CUBE_STRUCTURE_ITEM object (10082)
2025-05-07 14:47:16,000 - __main__ - INFO - cube_structure_item: CUBE_STRUCTURE_ITEM object (10084)
2025-05-07 14:47:16,001 - __main__ - INFO - cube_structure_item: CUBE_STRUCTURE_ITEM object (10085)
2025-05-07 14:47:16,003 - __main__ - INFO - cube_structure_item: CUBE_STRUCTURE_ITEM object (10092)
2025-05-07 14:47:16,004 - __main__ - INFO - cube_structure_item: CUBE_STRUCTURE_ITEM object (10094)
2025-05-07 14:47:16,005 - __main__ - INFO - cube_structure_item: CUBE_STRUCTURE_ITEM object (10105)
2025-05-07 14:47:16,007 - __main__ - INFO - cube_structure_item: CUBE_STRUCTURE_ITEM object (10107)
2025-05-07 14:47:16,009 - __main__ - INFO - cube_structure_item: CUBE_STRUCTURE_ITEM object (10108)
2025-05-07 14:47:16,010 - __main__ - INFO - cube_structure_item: CUBE_STRUCTURE_ITEM object (10115)
2025-05-07 14:47:16,011 - __main__ - INFO - cube_structure_item: CUBE_STRUCTURE_ITEM object (10117)
2025-05-07 14:47:16,013 - __main__ - INFO - cube_structure_item: CUBE_STRUCTURE_ITEM object (10127)
2025-05-07 14:47:16,014 - __main__ - INFO - cube_structure_item: CUBE_STRUCTURE_ITEM object (10128)
2025-05-07 14:47:16,015 - __main__ - INFO - cube_structure_item: CUBE_STRUCTURE_ITEM object (10137)
2025-05-07 14:47:16,017 - __main__ - INFO - cube_structure_item: CUBE_STRUCTURE_ITEM object (9965)
2025-05-07 14:47:16,017 - __main__ - INFO - cube_structure_item: CUBE_STRUCTURE_ITEM object (9967)
2025-05-07 14:47:16,017 - __main__ - INFO - cube_structure_item: CUBE_STRUCTURE_ITEM object (9977)
2025-05-07 14:47:16,017 - __main__ - INFO - cube_structure_item: CUBE_STRUCTURE_ITEM object (9978)
2025-05-07 14:47:16,018 - __main__ - INFO - cube_structure_item: CUBE_STRUCTURE_ITEM object (9979)
2025-05-07 14:47:16,018 - __main__ - INFO - cube_structure_item: CUBE_STRUCTURE_ITEM object (9981)
2025-05-07 14:47:16,018 - __main__ - INFO - cube_structure_item: CUBE_STRUCTURE_ITEM object (9984)
2025-05-07 14:47:16,018 - __main__ - INFO - cube_structure_item: CUBE_STRUCTURE_ITEM object (9985)
2025-05-07 14:47:16,018 - __main__ - INFO - cube_structure_item: CUBE_STRUCTURE_ITEM object (9990)
2025-05-07 14:47:16,018 - __main__ - INFO - cube_structure_item: CUBE_STRUCTURE_ITEM object (9993)
2025-05-07 14:47:16,018 - __main__ - INFO - cube_structure_item: CUBE_STRUCTURE_ITEM object (9999)
2025-05-07 14:47:16,019 - __main__ - INFO - cube_structure_item: CUBE_STRUCTURE_ITEM object (10000)
2025-05-07 14:47:16,019 - __main__ - INFO - cube_structure_item: CUBE_STRUCTURE_ITEM object (10005)
2025-05-07 14:47:16,019 - __main__ - INFO - cube_structure_item: CUBE_STRUCTURE_ITEM object (10009)
2025-05-07 14:47:16,019 - __main__ - INFO - cube_structure_item: CUBE_STRUCTURE_ITEM object (10011)
2025-05-07 14:47:16,019 - __main__ - INFO - cube_structure_item: CUBE_STRUCTURE_ITEM object (10012)
2025-05-07 14:47:16,019 - __main__ - INFO - cube_structure_item: CUBE_STRUCTURE_ITEM object (10013)
2025-05-07 14:47:16,019 - __main__ - INFO - cube_structure_item: CUBE_STRUCTURE_ITEM object (10020)
2025-05-07 14:47:16,019 - __main__ - INFO - cube_structure_item: CUBE_STRUCTURE_ITEM object (10021)
2025-05-07 14:47:16,020 - __main__ - INFO - cube_structure_item: CUBE_STRUCTURE_ITEM object (10024)
2025-05-07 14:47:16,020 - __main__ - INFO - cube_structure_item: CUBE_STRUCTURE_ITEM object (10025)
2025-05-07 14:47:16,020 - __main__ - INFO - cube_structure_item: CUBE_STRUCTURE_ITEM object (10026)
2025-05-07 14:47:16,020 - __main__ - INFO - cube_structure_item: CUBE_STRUCTURE_ITEM object (10029)
2025-05-07 14:47:16,020 - __main__ - INFO - cube_structure_item: CUBE_STRUCTURE_ITEM object (10030)
2025-05-07 14:47:16,020 - __main__ - INFO - cube_structure_item: CUBE_STRUCTURE_ITEM object (10032)
2025-05-07 14:47:16,020 - __main__ - INFO - cube_structure_item: CUBE_STRUCTURE_ITEM object (10033)
2025-05-07 14:47:16,020 - __main__ - INFO - cube_structure_item: CUBE_STRUCTURE_ITEM object (10053)
2025-05-07 14:47:16,021 - __main__ - INFO - cube_structure_item: CUBE_STRUCTURE_ITEM object (10056)
2025-05-07 14:47:16,021 - __main__ - INFO - cube_structure_item: CUBE_STRUCTURE_ITEM object (10057)
2025-05-07 14:47:16,021 - __main__ - INFO - cube_structure_item: CUBE_STRUCTURE_ITEM object (10062)
2025-05-07 14:47:16,021 - __main__ - INFO - cube_structure_item: CUBE_STRUCTURE_ITEM object (10066)
2025-05-07 14:47:16,021 - __main__ - INFO - cube_structure_item: CUBE_STRUCTURE_ITEM object (10069)
2025-05-07 14:47:16,021 - __main__ - INFO - cube_structure_item: CUBE_STRUCTURE_ITEM object (10070)
2025-05-07 14:47:16,021 - __main__ - INFO - cube_structure_item: CUBE_STRUCTURE_ITEM object (10071)
2025-05-07 14:47:16,022 - __main__ - INFO - cube_structure_item: CUBE_STRUCTURE_ITEM object (10073)
2025-05-07 14:47:16,022 - __main__ - INFO - cube_structure_item: CUBE_STRUCTURE_ITEM object (10075)
2025-05-07 14:47:16,022 - __main__ - INFO - cube_structure_item: CUBE_STRUCTURE_ITEM object (10081)
2025-05-07 14:47:16,022 - __main__ - INFO - cube_structure_item: CUBE_STRUCTURE_ITEM object (10082)
2025-05-07 14:47:16,022 - __main__ - INFO - cube_structure_item: CUBE_STRUCTURE_ITEM object (10084)
2025-05-07 14:47:16,022 - __main__ - INFO - cube_structure_item: CUBE_STRUCTURE_ITEM object (10085)
2025-05-07 14:47:16,022 - __main__ - INFO - cube_structure_item: CUBE_STRUCTURE_ITEM object (10092)
2025-05-07 14:47:16,023 - __main__ - INFO - cube_structure_item: CUBE_STRUCTURE_ITEM object (10094)
2025-05-07 14:47:16,023 - __main__ - INFO - cube_structure_item: CUBE_STRUCTURE_ITEM object (10105)
2025-05-07 14:47:16,023 - __main__ - INFO - cube_structure_item: CUBE_STRUCTURE_ITEM object (10107)
2025-05-07 14:47:16,023 - __main__ - INFO - cube_structure_item: CUBE_STRUCTURE_ITEM object (10108)
2025-05-07 14:47:16,023 - __main__ - INFO - cube_structure_item: CUBE_STRUCTURE_ITEM object (10115)
2025-05-07 14:47:16,023 - __main__ - INFO - cube_structure_item: CUBE_STRUCTURE_ITEM object (10117)
2025-05-07 14:47:16,023 - __main__ - INFO - cube_structure_item: CUBE_STRUCTURE_ITEM object (10127)
2025-05-07 14:47:16,024 - __main__ - INFO - cube_structure_item: CUBE_STRUCTURE_ITEM object (10128)
2025-05-07 14:47:16,024 - __main__ - INFO - cube_structure_item: CUBE_STRUCTURE_ITEM object (10137)
2025-05-07 14:47:16,024 - __main__ - INFO - cube_structure_item: CUBE_STRUCTURE_ITEM object (9965)
2025-05-07 14:47:16,024 - __main__ - INFO - cube_structure_item: CUBE_STRUCTURE_ITEM object (9967)
2025-05-07 14:47:16,024 - __main__ - INFO - cube_structure_item: CUBE_STRUCTURE_ITEM object (9977)
2025-05-07 14:47:16,024 - __main__ - INFO - cube_structure_item: CUBE_STRUCTURE_ITEM object (9978)
2025-05-07 14:47:16,024 - __main__ - INFO - cube_structure_item: CUBE_STRUCTURE_ITEM object (9979)
2025-05-07 14:47:16,025 - __main__ - INFO - cube_structure_item: CUBE_STRUCTURE_ITEM object (9981)
2025-05-07 14:47:16,025 - __main__ - INFO - cube_structure_item: CUBE_STRUCTURE_ITEM object (9984)
2025-05-07 14:47:16,025 - __main__ - INFO - cube_structure_item: CUBE_STRUCTURE_ITEM object (9985)
2025-05-07 14:47:16,025 - __main__ - INFO - cube_structure_item: CUBE_STRUCTURE_ITEM object (9990)
2025-05-07 14:47:16,025 - __main__ - INFO - cube_structure_item: CUBE_STRUCTURE_ITEM object (9993)
2025-05-07 14:47:16,025 - __main__ - INFO - cube_structure_item: CUBE_STRUCTURE_ITEM object (9999)
2025-05-07 14:47:16,025 - __main__ - INFO - cube_structure_item: CUBE_STRUCTURE_ITEM object (10000)
2025-05-07 14:47:16,026 - __main__ - INFO - cube_structure_item: CUBE_STRUCTURE_ITEM object (10005)
2025-05-07 14:47:16,026 - __main__ - INFO - cube_structure_item: CUBE_STRUCTURE_ITEM object (10009)
2025-05-07 14:47:16,026 - __main__ - INFO - cube_structure_item: CUBE_STRUCTURE_ITEM object (10011)
2025-05-07 14:47:16,026 - __main__ - INFO - cube_structure_item: CUBE_STRUCTURE_ITEM object (10012)
2025-05-07 14:47:16,026 - __main__ - INFO - cube_structure_item: CUBE_STRUCTURE_ITEM object (10013)
2025-05-07 14:47:16,026 - __main__ - INFO - cube_structure_item: CUBE_STRUCTURE_ITEM object (10020)
2025-05-07 14:47:16,026 - __main__ - INFO - cube_structure_item: CUBE_STRUCTURE_ITEM object (10021)
2025-05-07 14:47:16,026 - __main__ - INFO - cube_structure_item: CUBE_STRUCTURE_ITEM object (10024)
2025-05-07 14:47:16,027 - __main__ - INFO - cube_structure_item: CUBE_STRUCTURE_ITEM object (10025)
2025-05-07 14:47:16,027 - __main__ - INFO - cube_structure_item: CUBE_STRUCTURE_ITEM object (10026)
2025-05-07 14:47:16,027 - __main__ - INFO - cube_structure_item: CUBE_STRUCTURE_ITEM object (10029)
2025-05-07 14:47:16,027 - __main__ - INFO - cube_structure_item: CUBE_STRUCTURE_ITEM object (10030)
2025-05-07 14:47:16,027 - __main__ - INFO - cube_structure_item: CUBE_STRUCTURE_ITEM object (10032)
2025-05-07 14:47:16,027 - __main__ - INFO - cube_structure_item: CUBE_STRUCTURE_ITEM object (10033)
2025-05-07 14:47:16,027 - __main__ - INFO - cube_structure_item: CUBE_STRUCTURE_ITEM object (10053)
2025-05-07 14:47:16,028 - __main__ - INFO - cube_structure_item: CUBE_STRUCTURE_ITEM object (10056)
2025-05-07 14:47:16,028 - __main__ - INFO - cube_structure_item: CUBE_STRUCTURE_ITEM object (10057)
2025-05-07 14:47:16,028 - __main__ - INFO - cube_structure_item: CUBE_STRUCTURE_ITEM object (10062)
2025-05-07 14:47:16,028 - __main__ - INFO - cube_structure_item: CUBE_STRUCTURE_ITEM object (10066)
2025-05-07 14:47:16,028 - __main__ - INFO - cube_structure_item: CUBE_STRUCTURE_ITEM object (10069)
2025-05-07 14:47:16,028 - __main__ - INFO - cube_structure_item: CUBE_STRUCTURE_ITEM object (10070)
2025-05-07 14:47:16,028 - __main__ - INFO - cube_structure_item: CUBE_STRUCTURE_ITEM object (10071)
2025-05-07 14:47:16,029 - __main__ - INFO - cube_structure_item: CUBE_STRUCTURE_ITEM object (10073)
2025-05-07 14:47:16,029 - __main__ - INFO - cube_structure_item: CUBE_STRUCTURE_ITEM object (10075)
2025-05-07 14:47:16,029 - __main__ - INFO - cube_structure_item: CUBE_STRUCTURE_ITEM object (10081)
2025-05-07 14:47:16,029 - __main__ - INFO - cube_structure_item: CUBE_STRUCTURE_ITEM object (10082)
2025-05-07 14:47:16,029 - __main__ - INFO - cube_structure_item: CUBE_STRUCTURE_ITEM object (10084)
2025-05-07 14:47:16,029 - __main__ - INFO - cube_structure_item: CUBE_STRUCTURE_ITEM object (10085)
2025-05-07 14:47:16,029 - __main__ - INFO - cube_structure_item: CUBE_STRUCTURE_ITEM object (10092)
2025-05-07 14:47:16,030 - __main__ - INFO - cube_structure_item: CUBE_STRUCTURE_ITEM object (10094)
2025-05-07 14:47:16,030 - __main__ - INFO - cube_structure_item: CUBE_STRUCTURE_ITEM object (10105)
2025-05-07 14:47:16,030 - __main__ - INFO - cube_structure_item: CUBE_STRUCTURE_ITEM object (10107)
2025-05-07 14:47:16,030 - __main__ - INFO - cube_structure_item: CUBE_STRUCTURE_ITEM object (10108)
2025-05-07 14:47:16,030 - __main__ - INFO - cube_structure_item: CUBE_STRUCTURE_ITEM object (10115)
2025-05-07 14:47:16,030 - __main__ - INFO - cube_structure_item: CUBE_STRUCTURE_ITEM object (10117)
2025-05-07 14:47:16,030 - __main__ - INFO - cube_structure_item: CUBE_STRUCTURE_ITEM object (10127)
2025-05-07 14:47:16,030 - __main__ - INFO - cube_structure_item: CUBE_STRUCTURE_ITEM object (10128)
2025-05-07 14:47:16,031 - __main__ - INFO - cube_structure_item: CUBE_STRUCTURE_ITEM object (10137)
2025-05-07 14:47:16,031 - __main__ - INFO - {'ANCRDT_INSTRMNT_C_1:Loans and advances': [<CUBE_LINK: CUBE_LINK object (INSTRMNT:Loans and advances:ANCRDT_INSTRMNT_C_1)>, <CUBE_LINK: CUBE_LINK object (INSTRMNT_RL:Loans and advances:ANCRDT_INSTRMNT_C_1)>, <CUBE_LINK: CUBE_LINK object (CLLTRL:Loans and advances:ANCRDT_INSTRMNT_C_1)>]}
2025-05-07 14:47:16,102 - __main__ - INFO - cube_structure_item: CUBE_STRUCTURE_ITEM object (9965)
2025-05-07 14:47:16,102 - __main__ - INFO - cube_structure_item: CUBE_STRUCTURE_ITEM object (9967)
2025-05-07 14:47:16,103 - __main__ - INFO - cube_structure_item: CUBE_STRUCTURE_ITEM object (9977)
2025-05-07 14:47:16,103 - __main__ - INFO - cube_structure_item: CUBE_STRUCTURE_ITEM object (9978)
2025-05-07 14:47:16,103 - __main__ - INFO - cube_structure_item: CUBE_STRUCTURE_ITEM object (9979)
2025-05-07 14:47:16,103 - __main__ - INFO - cube_structure_item: CUBE_STRUCTURE_ITEM object (9981)
2025-05-07 14:47:16,103 - __main__ - INFO - cube_structure_item: CUBE_STRUCTURE_ITEM object (9984)
2025-05-07 14:47:16,103 - __main__ - INFO - cube_structure_item: CUBE_STRUCTURE_ITEM object (9985)
2025-05-07 14:47:16,104 - __main__ - INFO - cube_structure_item: CUBE_STRUCTURE_ITEM object (9990)
2025-05-07 14:47:16,104 - __main__ - INFO - cube_structure_item: CUBE_STRUCTURE_ITEM object (9993)
2025-05-07 14:47:16,104 - __main__ - INFO - cube_structure_item: CUBE_STRUCTURE_ITEM object (9999)
2025-05-07 14:47:16,104 - __main__ - INFO - cube_structure_item: CUBE_STRUCTURE_ITEM object (10000)
2025-05-07 14:47:16,104 - __main__ - INFO - cube_structure_item: CUBE_STRUCTURE_ITEM object (10005)
2025-05-07 14:47:16,104 - __main__ - INFO - cube_structure_item: CUBE_STRUCTURE_ITEM object (10009)
2025-05-07 14:47:16,105 - __main__ - INFO - cube_structure_item: CUBE_STRUCTURE_ITEM object (10011)
2025-05-07 14:47:16,105 - __main__ - INFO - cube_structure_item: CUBE_STRUCTURE_ITEM object (10012)
2025-05-07 14:47:16,105 - __main__ - INFO - cube_structure_item: CUBE_STRUCTURE_ITEM object (10013)
2025-05-07 14:47:16,105 - __main__ - INFO - cube_structure_item: CUBE_STRUCTURE_ITEM object (10020)
2025-05-07 14:47:16,105 - __main__ - INFO - cube_structure_item: CUBE_STRUCTURE_ITEM object (10021)
2025-05-07 14:47:16,106 - __main__ - INFO - cube_structure_item: CUBE_STRUCTURE_ITEM object (10024)
2025-05-07 14:47:16,106 - __main__ - INFO - cube_structure_item: CUBE_STRUCTURE_ITEM object (10025)
2025-05-07 14:47:16,106 - __main__ - INFO - cube_structure_item: CUBE_STRUCTURE_ITEM object (10026)
2025-05-07 14:47:16,106 - __main__ - INFO - cube_structure_item: CUBE_STRUCTURE_ITEM object (10029)
2025-05-07 14:47:16,106 - __main__ - INFO - cube_structure_item: CUBE_STRUCTURE_ITEM object (10030)
2025-05-07 14:47:16,106 - __main__ - INFO - cube_structure_item: CUBE_STRUCTURE_ITEM object (10032)
2025-05-07 14:47:16,107 - __main__ - INFO - cube_structure_item: CUBE_STRUCTURE_ITEM object (10033)
2025-05-07 14:47:16,107 - __main__ - INFO - cube_structure_item: CUBE_STRUCTURE_ITEM object (10053)
2025-05-07 14:47:16,107 - __main__ - INFO - cube_structure_item: CUBE_STRUCTURE_ITEM object (10056)
2025-05-07 14:47:16,107 - __main__ - INFO - cube_structure_item: CUBE_STRUCTURE_ITEM object (10057)
2025-05-07 14:47:16,107 - __main__ - INFO - cube_structure_item: CUBE_STRUCTURE_ITEM object (10062)
2025-05-07 14:47:16,107 - __main__ - INFO - cube_structure_item: CUBE_STRUCTURE_ITEM object (10066)
2025-05-07 14:47:16,107 - __main__ - INFO - cube_structure_item: CUBE_STRUCTURE_ITEM object (10069)
2025-05-07 14:47:16,108 - __main__ - INFO - cube_structure_item: CUBE_STRUCTURE_ITEM object (10070)
2025-05-07 14:47:16,108 - __main__ - INFO - cube_structure_item: CUBE_STRUCTURE_ITEM object (10071)
2025-05-07 14:47:16,108 - __main__ - INFO - cube_structure_item: CUBE_STRUCTURE_ITEM object (10073)
2025-05-07 14:47:16,108 - __main__ - INFO - cube_structure_item: CUBE_STRUCTURE_ITEM object (10075)
2025-05-07 14:47:16,108 - __main__ - INFO - cube_structure_item: CUBE_STRUCTURE_ITEM object (10081)
2025-05-07 14:47:16,108 - __main__ - INFO - cube_structure_item: CUBE_STRUCTURE_ITEM object (10082)
2025-05-07 14:47:16,109 - __main__ - INFO - cube_structure_item: CUBE_STRUCTURE_ITEM object (10084)
2025-05-07 14:47:16,109 - __main__ - INFO - cube_structure_item: CUBE_STRUCTURE_ITEM object (10085)
2025-05-07 14:47:16,109 - __main__ - INFO - cube_structure_item: CUBE_STRUCTURE_ITEM object (10092)
2025-05-07 14:47:16,109 - __main__ - INFO - cube_structure_item: CUBE_STRUCTURE_ITEM object (10094)
2025-05-07 14:47:16,109 - __main__ - INFO - cube_structure_item: CUBE_STRUCTURE_ITEM object (10105)
2025-05-07 14:47:16,109 - __main__ - INFO - cube_structure_item: CUBE_STRUCTURE_ITEM object (10107)
2025-05-07 14:47:16,109 - __main__ - INFO - cube_structure_item: CUBE_STRUCTURE_ITEM object (10108)
2025-05-07 14:47:16,110 - __main__ - INFO - cube_structure_item: CUBE_STRUCTURE_ITEM object (10115)
2025-05-07 14:47:16,110 - __main__ - INFO - cube_structure_item: CUBE_STRUCTURE_ITEM object (10117)
2025-05-07 14:47:16,110 - __main__ - INFO - cube_structure_item: CUBE_STRUCTURE_ITEM object (10127)
2025-05-07 14:47:16,110 - __main__ - INFO - cube_structure_item: CUBE_STRUCTURE_ITEM object (10128)
2025-05-07 14:47:16,110 - __main__ - INFO - cube_structure_item: CUBE_STRUCTURE_ITEM object (10137)
2025-05-07 14:47:18,756 - __main__ - INFO - cube_structure_item: CUBE_STRUCTURE_ITEM object (9965)
2025-05-07 14:47:18,757 - __main__ - INFO - cube_structure_item: CUBE_STRUCTURE_ITEM object (9967)
2025-05-07 14:47:18,758 - __main__ - INFO - cube_structure_item: CUBE_STRUCTURE_ITEM object (9977)
2025-05-07 14:47:18,759 - __main__ - INFO - cube_structure_item: CUBE_STRUCTURE_ITEM object (9978)
2025-05-07 14:47:18,760 - __main__ - INFO - cube_structure_item: CUBE_STRUCTURE_ITEM object (9979)
2025-05-07 14:47:18,761 - __main__ - INFO - cube_structure_item: CUBE_STRUCTURE_ITEM object (9981)
2025-05-07 14:47:18,761 - __main__ - INFO - cube_structure_item: CUBE_STRUCTURE_ITEM object (9984)
2025-05-07 14:47:18,761 - __main__ - INFO - cube_structure_item: CUBE_STRUCTURE_ITEM object (9985)
2025-05-07 14:47:18,762 - __main__ - INFO - cube_structure_item: CUBE_STRUCTURE_ITEM object (9990)
2025-05-07 14:47:18,763 - __main__ - INFO - cube_structure_item: CUBE_STRUCTURE_ITEM object (9993)
2025-05-07 14:47:18,764 - __main__ - INFO - cube_structure_item: CUBE_STRUCTURE_ITEM object (9999)
2025-05-07 14:47:18,764 - __main__ - INFO - cube_structure_item: CUBE_STRUCTURE_ITEM object (10000)
2025-05-07 14:47:18,765 - __main__ - INFO - cube_structure_item: CUBE_STRUCTURE_ITEM object (10005)
2025-05-07 14:47:18,766 - __main__ - INFO - cube_structure_item: CUBE_STRUCTURE_ITEM object (10009)
2025-05-07 14:47:18,767 - __main__ - INFO - cube_structure_item: CUBE_STRUCTURE_ITEM object (10011)
2025-05-07 14:47:18,768 - __main__ - INFO - cube_structure_item: CUBE_STRUCTURE_ITEM object (10012)
2025-05-07 14:47:18,769 - __main__ - INFO - cube_structure_item: CUBE_STRUCTURE_ITEM object (10013)
2025-05-07 14:47:18,769 - __main__ - INFO - cube_structure_item: CUBE_STRUCTURE_ITEM object (10020)
2025-05-07 14:47:18,770 - __main__ - INFO - cube_structure_item: CUBE_STRUCTURE_ITEM object (10021)
2025-05-07 14:47:18,770 - __main__ - INFO - cube_structure_item: CUBE_STRUCTURE_ITEM object (10024)
2025-05-07 14:47:18,772 - __main__ - INFO - cube_structure_item: CUBE_STRUCTURE_ITEM object (10025)
2025-05-07 14:47:18,773 - __main__ - INFO - cube_structure_item: CUBE_STRUCTURE_ITEM object (10026)
2025-05-07 14:47:18,774 - __main__ - INFO - cube_structure_item: CUBE_STRUCTURE_ITEM object (10029)
2025-05-07 14:47:18,775 - __main__ - INFO - cube_structure_item: CUBE_STRUCTURE_ITEM object (10030)
2025-05-07 14:47:18,776 - __main__ - INFO - cube_structure_item: CUBE_STRUCTURE_ITEM object (10032)
2025-05-07 14:47:18,776 - __main__ - INFO - cube_structure_item: CUBE_STRUCTURE_ITEM object (10033)
2025-05-07 14:47:18,777 - __main__ - INFO - cube_structure_item: CUBE_STRUCTURE_ITEM object (10053)
2025-05-07 14:47:18,778 - __main__ - INFO - cube_structure_item: CUBE_STRUCTURE_ITEM object (10056)
2025-05-07 14:47:18,778 - __main__ - INFO - cube_structure_item: CUBE_STRUCTURE_ITEM object (10057)
2025-05-07 14:47:18,779 - __main__ - INFO - cube_structure_item: CUBE_STRUCTURE_ITEM object (10062)
2025-05-07 14:47:18,779 - __main__ - INFO - cube_structure_item: CUBE_STRUCTURE_ITEM object (10066)
2025-05-07 14:47:18,779 - __main__ - INFO - cube_structure_item: CUBE_STRUCTURE_ITEM object (10069)
2025-05-07 14:47:18,780 - __main__ - INFO - cube_structure_item: CUBE_STRUCTURE_ITEM object (10070)
2025-05-07 14:47:18,781 - __main__ - INFO - cube_structure_item: CUBE_STRUCTURE_ITEM object (10071)
2025-05-07 14:47:18,781 - __main__ - INFO - cube_structure_item: CUBE_STRUCTURE_ITEM object (10073)
2025-05-07 14:47:18,781 - __main__ - INFO - cube_structure_item: CUBE_STRUCTURE_ITEM object (10075)
2025-05-07 14:47:18,782 - __main__ - INFO - cube_structure_item: CUBE_STRUCTURE_ITEM object (10081)
2025-05-07 14:47:18,782 - __main__ - INFO - cube_structure_item: CUBE_STRUCTURE_ITEM object (10082)
2025-05-07 14:47:18,782 - __main__ - INFO - cube_structure_item: CUBE_STRUCTURE_ITEM object (10084)
2025-05-07 14:47:18,782 - __main__ - INFO - cube_structure_item: CUBE_STRUCTURE_ITEM object (10085)
2025-05-07 14:47:18,783 - __main__ - INFO - cube_structure_item: CUBE_STRUCTURE_ITEM object (10092)
2025-05-07 14:47:18,784 - __main__ - INFO - cube_structure_item: CUBE_STRUCTURE_ITEM object (10094)
2025-05-07 14:47:18,784 - __main__ - INFO - cube_structure_item: CUBE_STRUCTURE_ITEM object (10105)
2025-05-07 14:47:18,785 - __main__ - INFO - cube_structure_item: CUBE_STRUCTURE_ITEM object (10107)
2025-05-07 14:47:18,786 - __main__ - INFO - cube_structure_item: CUBE_STRUCTURE_ITEM object (10108)
2025-05-07 14:47:18,786 - __main__ - INFO - cube_structure_item: CUBE_STRUCTURE_ITEM object (10115)
2025-05-07 14:47:18,786 - __main__ - INFO - cube_structure_item: CUBE_STRUCTURE_ITEM object (10117)
2025-05-07 14:47:18,787 - __main__ - INFO - cube_structure_item: CUBE_STRUCTURE_ITEM object (10127)
2025-05-07 14:47:18,787 - __main__ - INFO - cube_structure_item: CUBE_STRUCTURE_ITEM object (10128)
2025-05-07 14:47:18,787 - __main__ - INFO - cube_structure_item: CUBE_STRUCTURE_ITEM object (10137)
2025-05-07 14:48:48,600 - __main__ - INFO - Django configured successfully with settings module: birds_nest.settings
