MAINTENANCE_AGENCY_ID,MEMBER_ID,CODE,NAME,DOMAIN_ID,DESCRIPTION
ECB,RCRS_2,2,No recourse,RCRS,"Instrument on which the creditor does not have the right to seize the debtor's assets other than any protection pledged to secure the instrument, or, in the case of trade receivables, the right to collect the debt from the entity that sold the receivables to the creditor."
ECB,PRPS_5,5,Debt financing,PRPS,Financing of outstanding or maturing debt. This includes debt refinancing.
ECB,PRPS_1,1,Credit for consumption,PRPS,"Credit for consumption (a loan granted predominantly for the purpose of personal consumption of goods and services), in accordance with Part 2 of Annex II of Regulation (EU) No 1071/2013 (ECB/2013/33)."
ECB,PRPS_9,9,Working capital facility,PRPS,Financing the cash flow management of an organisation.
ECB,PRPS_0,0,Not applicable,PRPS,Not applicable
ECB,PRPS_4,4,Margin lending,PRPS,"Instruments in which an institution extends credit in connection with the purchase, sale, carrying or trading of securities. Margin lending instruments do not include other loans that are secured by collateral in the form of securities."
ECB,PRPS_8,8,Construction investment,PRPS,"Financing of construction of buildings, infrastructure and industrial facilities."
ECB,RCRS_1,1,Recourse,RCRS,"Instrument on which the creditor has the right to seize the debtor's assets other than any protection pledged to secure the instrument, or, in the case of trade receivables, the right to collect the debt from the entity that sold the receivables to the creditor."
ECB,NEVS_0,0,Not applicable,NEVS,Data attributes which do not apply to the item that it refers to.
ECB,PRPS_6,6,Imports,PRPS,"Financing of goods and services (purchases, barter and/or gifts) from non-residents to residents."
ECB,PRPS_2,2,Lending for house purchase,PRPS,"Credit extended for the purpose of investing in houses for own use or rental, including building and refurbishments. Reg EU 1071/2013"
ECB,PRPS_3,3,"Lending other than for Consumption, house purchase",PRPS,"Purposes other than consumption, lending for house purchase as defined in Reg EU 1071/2013 (Other purpose)"
ECB,PRPS_7,7,Exports,PRPS,"Financing of goods and services (sales, barter and/or gifts) from residents to non-residents."
ECB,RCRS_0,0,Not applicable,RCRS,
ECB,PRPS_13,13,Commercial real estate purchase,PRPS,Financing of real estate property other than residential property.
ECB,PRPS_-1,-1,All types of purposes,PRPS,Member that represent all types of purposes (Total)
ECB,FDCRY_0,0,Not applicable,FDCRY,
ECB,NEVS_-2,-2,Not allowed value reported,NEVS,Data attribute for which a value not in the domain of the data attribute was reported.
ECB,NEVS_-3,-3,Not reported,NEVS,Data attribute not reported even if the data attribute concept applies to the instrument or protection but it has not been reported by the reporting agent.
ECB,FDCRY_1,1,Fiduciary instrument,FDCRY,To be used if the instrument is placed in a fiduciary capacity.
ECB,PRPS_16,16,"Credit for consumption, Lending for house purchase, lending other than for consumption and house purchase",PRPS,"Credit for consumption, Lending for house purchase, lending other than for consumption and house purchase"
ECB,PRPS_12,12,Residential real estate purchase,PRPS,Financing of residential property. Residential property is defined in Article 4(1)(75) of Regulation (EU) No 575/2013.
ECB,NEVS_-5,-5,Not required,NEVS,Data attribute which is not required as decided by the relevant Regulation.
ECB,PRPS_20,20,Lending other than for house purchase,PRPS,Lending for Consumption and other lending Reg EU 1071/2013 Annex II
ECB,PRPS_21,21,Lending for house purchase and credit for consumption,PRPS,Lending for house purchase and credit for consumption
ECB,FDCRY_2,2,Non-fiduciary instrument,FDCRY,To be used if the instrument is not placed in a fiduciary capacity.
ECB,PRPS_19,19,Other purposes,PRPS,"Purposes other than consumption, residential and commercial real estate purchase, margin lending, imports, exports, construction investment and working capital facility, debt financing."
ECB,PRPS_15,15,Lending other than house purchase,PRPS,
ECB,PRPS_11,11,"Purposes other than real estate purchase, margin lending, debt financing, imports, exports, construction investment, working capital facility",PRPS,"Other purposes not included in other categories of financing, including loans for consumption purposes to sole proprietorships/partnerships without legal status (see Part 3 of Annex II) if these are not already reported under the category ‘consumption’."
ECB,PRPS_-99,-99,Technical null,PRPS,Technical member to represent the null value
ECB,FRQNCY_6,6,Voluntary,FRQNCY,Voluntary
ECB,NEVS_-99,-99,Technical null,NEVS,Technical member to represent the null value.
ECB,CRRNCY_0,0,Not applicable,CRRNCY,Not applicable
ECB,CRRNCY_8,8,"Currency other than EUR, USD, GBP, CHF, JPY",CRRNCY,"Currency other than EUR, USD, GBP, CHF, JPY"
ECB,FDCRY_-1,-1,Total,FDCRY,Total
ECB,CRRNCY_9,9,No detailed information available,CRRNCY,No detailed information available
ECB,FRQNCY_3,3,At creditor discretion,FRQNCY,Instrument with a contractual agreement by which the creditor has the right to establish the interest rate reset date
ECB,FRQNCY_1,1,Annual,FRQNCY,Instrument with a contractual agreement to change the interest rate on an annual basis
ECB,FRQNCY_5,5,Ad Hoc,FRQNCY,Ad Hoc
ECB,RCRS_-99,-99,Technical null,RCRS,Technical member to represent the null value
ECB,FRQNCY_8,8,Monthly,FRQNCY,Instrument with a contractual agreement to change the interest rate on a monthly basis
ECB,FRQNCY_4,4,Bullet,FRQNCY,Amortisation in which the full principal amount is repaid in the last instalment regardless of the interest payment frequency.
ECB,FRQNCY_0,0,Not applicable,FRQNCY,Not applicable
ECB,FRQNCY_26,26,Event-linked,FRQNCY,Event-linked
ECB,FRQNCY_22,22,Zero-coupon,FRQNCY,Amortisation in which the full principal amount and interest is repaid in the last instalment.
ECB,FDCRY_-99,-99,Technical null,FDCRY,Technical member to represent the null value
ECB,FRQNCY_16,16,Overnight,FRQNCY,Instrument with a contractual agreement to change the interest rate on a daily basis
ECB,FRQNCY_12,12,"Other than overnight, monthly, quarterly, half yearly, annually or at creditor discretion",FRQNCY,"Other than overnight, monthly, quarterly, half yearly, annually or at creditor discretion"
ECB,FRQNCY_-1,-1,All type of frequency (Total),FRQNCY,All type of frequency (Total)
ECB,FRQNCY_23,23,Bi-monthly,FRQNCY,Bi-monthly
ECB,FRQNCY_99,99,Nullification,FRQNCY,Nullification
ECB,FRQNCY_27,27,One time only,FRQNCY,One time only
ECB,FRQNCY_29,29,"Other than one time only, other regular timing, perpetual, biannual and event-linked",FRQNCY,"Other than one time only, other regular timing, perpetual, biannual and event-linked"
ECB,FRQNCY_25,25,"Frequency other than annual, semi-annual, zero-coupon, quarterly, bi-monthly, irregular, overnight or monthly frequencies",FRQNCY,"Frequency other than annual, semi-annual, zero-coupon, quarterly, bi-monthly, irregular, overnight or monthly"
ECB,FRQNCY_15,15,"Other than monthly, quarterly, half yearly, annually, bullet or zero coupon",FRQNCY,"Other than monthly, quarterly, half yearly, annually, bullet or zero coupon"
ECB,FRQNCY_19,19,Semi-annually,FRQNCY,Instrument with a contractual agreement to change the interest rate on a semi-annual basis
ECB,FRQNCY_18,18,Quarterly,FRQNCY,Instrument with a contractual agreement to change the interest rate on a quarterly basis
ECB,FRQNCY_28,28,Other regular timing,FRQNCY,Other regular timing
ECB,FRQNCY_24,24,Irregular,FRQNCY,Irregular
ECB,FRQNCY_30,30,Perpetuall,FRQNCY,Perpetuall
ECB,CRRNCY_TJR,TJR,Tajikistan rouble,CRRNCY,Tajikistan rouble
ECB,CRRNCY_ZWD,ZWD,Zimbabwe dollar,CRRNCY,Zimbabwe dollar
ECB,CRRNCY_DJF,DJF,Djibouti Franc,CRRNCY,Djibouti Franc
ECB,CRRNCY_NAD,NAD,Namibia Dollar,CRRNCY,Namibia Dollar
ECB,CRRNCY_MAD,MAD,Moroccan Dirham,CRRNCY,Moroccan Dirham
ECB,CRRNCY_PYG,PYG,Guarani,CRRNCY,Guarani
ECB,CRRNCY_LKR,LKR,Sri Lanka Rupee,CRRNCY,Sri Lanka Rupee
ECB,CRRNCY_Z01,Z01,All currencies combined,CRRNCY,All currencies combined
ECB,CRRNCY_TWD,TWD,New Taiwan Dollar,CRRNCY,New Taiwan Dollar
ECB,CRRNCY_NOK,NOK,Norwegian Krone,CRRNCY,Norwegian Krone
ECB,CRRNCY_BWP,BWP,Pula,CRRNCY,Pula
ECB,CRRNCY_CAD,CAD,Canadian Dollar,CRRNCY,Canadian Dollar
ECB,CRRNCY_LVL,LVL,Latvian lats,CRRNCY,Latvian lats
ECB,CRRNCY_SOS,SOS,Somali Shilling,CRRNCY,Somali Shilling
ECB,CRRNCY_GWP,GWP,Guinea-Bissau Peso,CRRNCY,Guinea-Bissau Peso
ECB,CRRNCY_ZWL,ZWL,Zimbabwe Dollar,CRRNCY,Zimbabwe Dollar
ECB,CRRNCY_MRU,MRU,Ouguiya,CRRNCY,Ouguiya
ECB,CRRNCY_XSU,XSU,Sucre,CRRNCY,Sucre
ECB,CRRNCY_Z05,Z05,"All currencies other than EU, EUR, USD, CHF, JPY",CRRNCY,"All currencies other than EU, EUR, USD, CHF, JPY"
ECB,CRRNCY_TVD,TVD,"Tuvalu, Tuvalu Dollars",CRRNCY,"Tuvalu, Tuvalu Dollars"
ECB,CRRNCY_ANG,ANG,Netherlands Antillean Guilder,CRRNCY,Netherlands Antillean Guilder
ECB,CRRNCY_UYW,UYW,Unidad Previsional,CRRNCY,Unidad Previsional
ECB,CRRNCY_XEU,XEU,European Currency Unit (E.C.U.),CRRNCY,European Currency Unit (E.C.U.)
ECB,CRRNCY_DEM,DEM,German mark,CRRNCY,German mark
ECB,CRRNCY_TRY,TRY,Turkish Lira,CRRNCY,Turkish Lira
ECB,ENTTY_RL_8,8,Customer,ENTTY_RL,Customer
ECB,ENTTY_RL_0,0,Not applicable,ENTTY_RL,Not applicable
ECB,CRRNCY_PKR,PKR,Pakistan Rupee,CRRNCY,Pakistan Rupee
ECB,CRRNCY_UAH,UAH,Hryvnia,CRRNCY,Hryvnia
ECB,ENTTY_RL_4,4,Protection provider,ENTTY_RL,The counterparty that grants protection against a contractually agreed negative credit event and that bears the credit risk of the negative credit event
ECB,CRRNCY_KWD,KWD,Kuwaiti Dinar,CRRNCY,Kuwaiti Dinar
ECB,CRRNCY_MGA,MGA,Malagasy Ariary,CRRNCY,Malagasy Ariary
ECB,CRRNCY_AUD,AUD,Australian Dollar,CRRNCY,Australian Dollar
ECB,CRRNCY_TTD,TTD,Trinidad and Tobago Dollar,CRRNCY,Trinidad and Tobago Dollar
ECB,CRRNCY_ZMK,ZMK,Zambian Kwacha,CRRNCY,Zambian Kwacha
ECB,CRRNCY_BBD,BBD,Barbados Dollar,CRRNCY,Barbados Dollar
ECB,CRRNCY_KHR,KHR,Riel,CRRNCY,Riel
ECB,CRRNCY_STD,STD,Dobra,CRRNCY,Dobra
ECB,CRRNCY_NLG,NLG,Netherlands guilder,CRRNCY,Netherlands guilder
ECB,CRRNCY_BIF,BIF,Burundi Franc,CRRNCY,Burundi Franc
ECB,CRRNCY_THB,THB,Baht,CRRNCY,Baht
ECB,CRRNCY_XCD,XCD,East Caribbean Dollar,CRRNCY,East Caribbean Dollar
ECB,CRRNCY_AFA,AFA,Afghanistan afghani (old),CRRNCY,Afghanistan afghani (old)
ECB,CRRNCY_TPE,TPE,East Timor escudo,CRRNCY,East Timor escudo
ECB,CRRNCY_JPY,JPY,Japanese yen,CRRNCY,Japanese yen
ECB,CRRNCY_CHF,CHF,Swiss franc,CRRNCY,Swiss franc
ECB,CRRNCY_CZK,CZK,Czech koruna,CRRNCY,Czech koruna
ECB,CRRNCY_LBP,LBP,Lebanese Pound,CRRNCY,Lebanese Pound
ECB,CRRNCY_XBD,XBD,Bond Markets Unit European Unit of Account 17 (E.U.A.-17),CRRNCY,Bond Markets Unit European Unit of Account 17 (E.U.A.-17)
ECB,CRRNCY_ZMW,ZMW,Zambian Kwacha,CRRNCY,Zambian Kwacha
ECB,CRRNCY_ILS,ILS,New Israeli Sheqel,CRRNCY,New Israeli Sheqel
ECB,CRRNCY_CUP,CUP,Cuban Peso,CRRNCY,Cuban Peso
ECB,CRRNCY_ITL,ITL,Italian lira,CRRNCY,Italian lira
ECB,CRRNCY_MMK,MMK,Kyat,CRRNCY,Kyat
ECB,CRRNCY_GBP,GBP,UK pound sterling,CRRNCY,UK pound sterling
ECB,CRRNCY_SBD,SBD,Solomon Islands Dollar,CRRNCY,Solomon Islands Dollar
ECB,RFRNC_RT_6,6,CHF LIBOR - ON,RFRNC_RT,Overnight CHF LIBOR
ECB,RFRNC_RT_2,2,USD LIBOR - ON,RFRNC_RT,Overnight USD LIBOR
ECB,CRRNCY_LTL,LTL,Lithuanian litas,CRRNCY,Lithuanian litas
ECB,CRRNCY_UZS,UZS,Uzbekistan Sum,CRRNCY,Uzbekistan Sum
ECB,CRRNCY_TZS,TZS,Tanzanian Shilling,CRRNCY,Tanzanian Shilling
ECB,CRRNCY_MTL,MTL,Maltese lira,CRRNCY,Maltese lira
ECB,CRRNCY_KMF,KMF,Comoro Franc,CRRNCY,Comoro Franc
ECB,CRRNCY_XUA,XUA,ADB Unit of Account,CRRNCY,ADB Unit of Account
ECB,CRRNCY_EGP,EGP,Egyptian Pound,CRRNCY,Egyptian Pound
ECB,CRRNCY_GHC,GHC,Ghanaian cedi (old),CRRNCY,Ghanaian cedi (old)
ECB,CRRNCY_SGD,SGD,Singapore Dollar,CRRNCY,Singapore Dollar
ECB,CRRNCY_AZN,AZN,Azerbaijanian Manat,CRRNCY,Azerbaijanian Manat
ECB,CRRNCY_XBA,XBA,Bond Markets Unit European Composite Unit (EURCO),CRRNCY,Bond Markets Unit European Composite Unit (EURCO)
ECB,CRRNCY_PLN,PLN,Polish zloty,CRRNCY,Polish zloty
ECB,CRRNCY_GGP,GGP,"Guernsey, Pounds",CRRNCY,"Guernsey, Pounds"
ECB,CRRNCY_YUM,YUM,Yugoslav dinar,CRRNCY,Yugoslav dinar
ECB,RFRNC_RT_3,3,GBP LIBOR - ON,RFRNC_RT,Overnight GBP LIBOR
ECB,CRRNCY_IQD,IQD,Iraqi Dinar,CRRNCY,Iraqi Dinar
ECB,RFRNC_RT_7,7,MIBOR - ON,RFRNC_RT,Overnight MIBOR
ECB,CRRNCY_SPL,SPL,"Seborga, Luigini",CRRNCY,"Seborga, Luigini"
ECB,CRRNCY_MZN,MZN,Mozambique Metical,CRRNCY,Mozambique Metical
ECB,CRRNCY_XPD,XPD,Palladium (one Troy ounce),CRRNCY,Palladium (one Troy ounce)
ECB,CRRNCY_GTQ,GTQ,Quetzal,CRRNCY,Quetzal
ECB,CRRNCY_XPT,XPT,Platinum (one Troy ounce),CRRNCY,Platinum (one Troy ounce)
ECB,CRRNCY_PTE,PTE,Portugese escudo,CRRNCY,Portugese escudo
ECB,CRRNCY_BGL,BGL,Bulgarian lev A/99,CRRNCY,Bulgarian lev A/99
ECB,CRRNCY_EUA,EUA,European Unit of Account,CRRNCY,European Unit of Account
ECB,CRRNCY_UGX,UGX,Uganda Shilling,CRRNCY,Uganda Shilling
ECB,CRRNCY_CLF,CLF,Unidades de fomento,CRRNCY,Unidades de fomento
ECB,CRRNCY_GHS,GHS,Ghana Cedi,CRRNCY,Ghana Cedi
ECB,CRRNCY_CHW,CHW,WIR Franc,CRRNCY,WIR Franc
ECB,CRRNCY_NIO,NIO,Cordoba Oro,CRRNCY,Cordoba Oro
ECB,CRRNCY_OMR,OMR,Rial Omani,CRRNCY,Rial Omani
ECB,CRRNCY_PLZ,PLZ,Polish zloty (old),CRRNCY,Polish zloty (old)
ECB,CRRNCY_BOV,BOV,Mvdol,CRRNCY,Mvdol
ECB,ENTTY_RL_9,9,Originator only,ENTTY_RL,Counterparty in a securitisation transaction that acts only as an originator and is not servicing the securitised loan.
ECB,CRRNCY_GEL,GEL,Lari,CRRNCY,Lari
ECB,CRRNCY_GNF,GNF,Guinea Franc,CRRNCY,Guinea Franc
ECB,CRRNCY_BRL,BRL,Brazilian Real,CRRNCY,Brazilian Real
ECB,CRRNCY_DKK,DKK,Danish krone,CRRNCY,Danish krone
ECB,CRRNCY_AOR,AOR,Angolan kwanza reajustado,CRRNCY,Angolan kwanza reajustado
ECB,CRRNCY_BYB,BYB,Belarussian rouble (old),CRRNCY,Belarussian rouble (old)
ECB,CRRNCY_LRD,LRD,Liberian Dollar,CRRNCY,Liberian Dollar
ECB,CRRNCY_BEL,BEL,Belgian franc (financial),CRRNCY,Belgian franc (financial)
ECB,CRRNCY_ADP,ADP,Andorran Peseta (1-1 peg to the Spanish peseta),CRRNCY,Andorran Peseta (1-1 peg to the Spanish peseta)
ECB,CRRNCY_RSD,RSD,Serbian Dinar,CRRNCY,Serbian Dinar
ECB,ENTTY_RL_5,5,Transferee,ENTTY_RL,A person to whom an asset is transferred.
ECB,CRRNCY_ESP,ESP,Spanish peseta,CRRNCY,Spanish peseta
ECB,CRRNCY_GRD,GRD,Greek drachma,CRRNCY,Greek drachma
ECB,CRRNCY_AED,AED,UAE Dirham,CRRNCY,UAE Dirham
ECB,CRRNCY_USD,USD,US dollar,CRRNCY,US dollar
ECB,CRRNCY_XOF,XOF,CFA Franc BCEAO,CRRNCY,CFA Franc BCEAO
ECB,CRRNCY_BDT,BDT,Taka,CRRNCY,Taka
ECB,CRRNCY_SDD,SDD,Sudanese dinar,CRRNCY,Sudanese dinar
ECB,CRRNCY_Z41,Z41,All currencies other than domestic,CRRNCY,
ECB,ENTTY_RL_1,1,Creditor,ENTTY_RL,"Counterparty bearing the credit risk of an instrument, other than a protection provider."
ECB,CRRNCY_MXV,MXV,Mexican Unidad de Inversion (UDI),CRRNCY,Mexican Unidad de Inversion (UDI)
ECB,CRRNCY_BYN,BYN,Belarussian Ruble,CRRNCY,Belarussian Ruble
ECB,CRRNCY_RON,RON,Romanian leu,CRRNCY,Romanian leu
ECB,CRRNCY_MYR,MYR,Malaysian Ringgit,CRRNCY,Malaysian Ringgit
ECB,CRRNCY_LSL,LSL,Loti,CRRNCY,Loti
ECB,CRRNCY_AON,AON,Angolan kwanza (old),CRRNCY,Angolan kwanza (old)
ECB,CRRNCY_SRD,SRD,Surinam Dollar,CRRNCY,Surinam Dollar
ECB,CRRNCY_SSP,SSP,South Sudanese Pound,CRRNCY,South Sudanese Pound
ECB,CRRNCY_WST,WST,Tala,CRRNCY,Tala
ECB,CRRNCY_INR,INR,Indian Rupee,CRRNCY,Indian Rupee
ECB,CRRNCY_BAM,BAM,Convertible Mark,CRRNCY,Convertible Mark
ECB,CRRNCY_CSD,CSD,Serbian dinar (old),CRRNCY,Serbian dinar (old)
ECB,CRRNCY_MDL,MDL,Moldovan Leu,CRRNCY,Moldovan Leu
ECB,CRRNCY_BSD,BSD,Bahamian Dollar,CRRNCY,Bahamian Dollar
ECB,CRRNCY_TJS,TJS,Somoni,CRRNCY,Somoni
ECB,CRRNCY_XAU,XAU,Gold (one Troy ounce),CRRNCY,Gold (one Troy ounce)
ECB,CRRNCY_SDP,SDP,Sudanese pound (old),CRRNCY,Sudanese pound (old)
ECB,CRRNCY_Z04,Z04,Other currencies than EU combined,CRRNCY,Other currencies than EU combined
ECB,CRRNCY_BOB,BOB,Boliviano,CRRNCY,Boliviano
ECB,CRRNCY_SKK,SKK,Slovak koruna,CRRNCY,Slovak koruna
ECB,CRRNCY_TRL,TRL,Turkish lira (old),CRRNCY,Turkish lira (old)
ECB,CRRNCY_BYR,BYR,"Belarus, Rubles",CRRNCY,"Belarus, Rubles"
ECB,CRRNCY_JEP,JEP,"Jersey, Pounds",CRRNCY,"Jersey, Pounds"
ECB,CRRNCY_MXN,MXN,Mexican Peso,CRRNCY,Mexican Peso
ECB,CRRNCY_CVE,CVE,Cape Verde Escudo,CRRNCY,Cape Verde Escudo
ECB,CRRNCY_IEP,IEP,Irish pound,CRRNCY,Irish pound
ECB,ENTTY_RL_3,3,Originator,ENTTY_RL,Counterparty in a securitisation transaction as defined in Article 1(3) of Regulation (EU) No 1075/2013 (ECB/2013/40).
ECB,CRRNCY_KYD,KYD,Cayman Islands Dollar,CRRNCY,Cayman Islands Dollar
ECB,CRRNCY_ROL,ROL,Romanian leu (old),CRRNCY,Romanian leu (old)
ECB,CRRNCY_CNH,CNH,Off-shore Yuan Renminbi,CRRNCY,Off-shore Yuan Renminbi
ECB,CRRNCY_MOP,MOP,Pataca,CRRNCY,Pataca
ECB,CRRNCY_FRF,FRF,French franc,CRRNCY,French franc
ECB,CRRNCY_XAG,XAG,Silver (one Troy ounce),CRRNCY,Silver (one Troy ounce)
ECB,CRRNCY_LYD,LYD,Libyan Dinar,CRRNCY,Libyan Dinar
ECB,CRRNCY_-99,-99,Technical null,CRRNCY,Technical member to represent the null value
ECB,ENTTY_RL_7,7,Servicer,ENTTY_RL,Counterparty responsible for the administrative and financial management of an instrument.
ECB,CRRNCY_MXP,MXP,Mexican peso (old),CRRNCY,Mexican peso (old)
ECB,CRRNCY_BEF,BEF,Belgian franc,CRRNCY,Belgian franc
ECB,CRRNCY_IDR,IDR,Rupiah,CRRNCY,Rupiah
ECB,CRRNCY_COP,COP,Colombian Peso,CRRNCY,Colombian Peso
ECB,CRRNCY_SYP,SYP,Syrian Pound,CRRNCY,Syrian Pound
ECB,CRRNCY_GYD,GYD,Guyana Dollar,CRRNCY,Guyana Dollar
ECB,CRRNCY_HNL,HNL,Lempira,CRRNCY,Lempira
ECB,CRRNCY_ERN,ERN,Nakfa,CRRNCY,Nakfa
ECB,CRRNCY_AWG,AWG,Aruban Florin,CRRNCY,Aruban Florin
ECB,CRRNCY_BND,BND,Brunei Dollar,CRRNCY,Brunei Dollar
ECB,CRRNCY_MWK,MWK,Kwacha,CRRNCY,Kwacha
ECB,CRRNCY_SVC,SVC,El Salvador Colon,CRRNCY,El Salvador Colon
ECB,CRRNCY_USN,USN,US Dollar (Next day),CRRNCY,US Dollar (Next day)
ECB,CRRNCY_DOP,DOP,Dominican Peso,CRRNCY,Dominican Peso
ECB,CRRNCY_YER,YER,Yemeni Rial,CRRNCY,Yemeni Rial
ECB,CRRNCY_TOP,TOP,Pa’anga,CRRNCY,Pa’anga
ECB,CRRNCY_VND,VND,Dong,CRRNCY,Dong
ECB,CRRNCY_TND,TND,Tunisian Dinar,CRRNCY,Tunisian Dinar
ECB,CRRNCY_XXX,XXX,Code assigned for transactions where no currency is involved,CRRNCY,Code assigned for transactions where no currency is involved
ECB,CRRNCY_IRR,IRR,Iranian Rial,CRRNCY,Iranian Rial
ECB,CRRNCY_CYP,CYP,Cyprus pound,CRRNCY,Cyprus pound
ECB,CRRNCY_XDR,XDR,Special Drawing Rights (SDR),CRRNCY,Special Drawing Rights (SDR)
ECB,CRRNCY_PEN,PEN,Nuevo Sol,CRRNCY,Nuevo Sol
ECB,CRRNCY_HKQ,HKQ,Hong Kong dollar (old),CRRNCY,Hong Kong dollar (old)
ECB,CRRNCY_LAK,LAK,Kip,CRRNCY,Kip
ECB,CRRNCY_Z06,Z06,Non-Euro and non-euro area currencies combined,CRRNCY,Non-Euro and non-euro area currencies combined
ECB,CRRNCY_VEB,VEB,Venezuela bolivar,CRRNCY,Venezuela bolivar
ECB,CRRNCY_MNT,MNT,Tugrik,CRRNCY,Tugrik
ECB,CRRNCY_VEF,VEF,Bolivar,CRRNCY,Bolivar
ECB,CRRNCY_ADF,ADF,Andorran Franc (1-1 peg to the French franc),CRRNCY,Andorran Franc (1-1 peg to the French franc)
ECB,CRRNCY_JOD,JOD,Jordanian Dinar,CRRNCY,Jordanian Dinar
ECB,CRRNCY_CDF,CDF,Congolese Franc,CRRNCY,Congolese Franc
ECB,CRRNCY_AFN,AFN,Afghani,CRRNCY,Afghani
ECB,CRRNCY_DZD,DZD,Algerian Dinar,CRRNCY,Algerian Dinar
ECB,CRRNCY_BMD,BMD,Bermudian Dollar,CRRNCY,Bermudian Dollar
ECB,CRRNCY_XPF,XPF,CFP Franc,CRRNCY,CFP Franc
ECB,RFRNC_RT_5,5,JPY LIBOR - ON,RFRNC_RT,Overnight JPY LIBOR
ECB,CRRNCY_AMD,AMD,Armenian Dram,CRRNCY,Armenian Dram
ECB,CRRNCY_CLP,CLP,Chilean Peso,CRRNCY,Chilean Peso
ECB,CRRNCY_NPR,NPR,Nepalese Rupee,CRRNCY,Nepalese Rupee
ECB,CRRNCY_TMT,TMT,Turkmenistan New Manat,CRRNCY,Turkmenistan New Manat
ECB,CRRNCY_BZD,BZD,Belize Dollar,CRRNCY,Belize Dollar
ECB,CRRNCY_GMD,GMD,Dalasi,CRRNCY,Dalasi
ECB,CRRNCY_XTS,XTS,Codes specifically reserved for testing purposes,CRRNCY,Codes specifically reserved for testing purposes
ECB,CRRNCY_XBC,XBC,Bond Markets Unit European Unit of Account 9 (E.U.A.-9),CRRNCY,Bond Markets Unit European Unit of Account 9 (E.U.A.-9)
ECB,CRRNCY_CHE,CHE,WIR Euro,CRRNCY,WIR Euro
ECB,CRRNCY_SLL,SLL,Leone,CRRNCY,Leone
ECB,RFRNC_RT_9,9,multiple reference rates - ON,RFRNC_RT,multiple reference rates - Overnight
ECB,CRRNCY_NZD,NZD,New Zealand Dollar,CRRNCY,New Zealand Dollar
ECB,CRRNCY_HTG,HTG,Gourde,CRRNCY,Gourde
ECB,CRRNCY_JMD,JMD,Jamaican Dollar,CRRNCY,Jamaican Dollar
ECB,CRRNCY_NGN,NGN,Naira,CRRNCY,Naira
ECB,CRRNCY_ALL,ALL,Lek,CRRNCY,Lek
ECB,CRRNCY_KZT,KZT,Tenge,CRRNCY,Tenge
ECB,CRRNCY_IMP,IMP,"Isle of Man, Pounds",CRRNCY,"Isle of Man, Pounds"
ECB,CRRNCY_SZL,SZL,Lilangeni,CRRNCY,Lilangeni
ECB,CRRNCY_ECS,ECS,Ecuador sucre,CRRNCY,Ecuador sucre
ECB,CRRNCY_BGN,BGN,Bulgarian lev,CRRNCY,Bulgarian lev
ECB,CRRNCY_ATS,ATS,Austrian schilling,CRRNCY,Austrian schilling
ECB,CRRNCY_FIM,FIM,Finnish markka,CRRNCY,Finnish markka
ECB,CRRNCY_CUC,CUC,Peso Convertible,CRRNCY,Peso Convertible
ECB,CRRNCY_MGF,MGF,Malagasy franc,CRRNCY,Malagasy franc
ECB,CRRNCY_TMM,TMM,Turkmenistan manat,CRRNCY,Turkmenistan manat
ECB,CRRNCY_HUF,HUF,Hungarian forint,CRRNCY,Hungarian forint
ECB,CRRNCY_XFO,XFO,Gold franc (special settlement currency),CRRNCY,Gold franc (special settlement currency)
ECB,CRRNCY_SIT,SIT,Slovenian tolar,CRRNCY,Slovenian tolar
ECB,CRRNCY_STN,STN,Dobra,CRRNCY,Dobra
ECB,CRRNCY_LUF,LUF,Luxembourg franc,CRRNCY,Luxembourg franc
ECB,CRRNCY_RUR,RUR,Russian ruble (old),CRRNCY,Russian ruble (old)
ECB,CRRNCY_VUV,VUV,Vatu,CRRNCY,Vatu
ECB,RFRNC_RT_0,0,Not applicable,RFRNC_RT,Not applicable
ECB,CRRNCY_EUR,EUR,Euro,CRRNCY,Euro
ECB,CRRNCY_PGK,PGK,Kina,CRRNCY,Kina
ECB,CRRNCY_KPW,KPW,North Korean Won,CRRNCY,North Korean Won
ECB,RFRNC_RT_4,4,EUR LIBOR - ON,RFRNC_RT,Overnight EUR LIBOR
ECB,CRRNCY_RUB,RUB,Russian Ruble,CRRNCY,Russian Ruble
ECB,CRRNCY_MZM,MZM,Mozambique metical (old),CRRNCY,Mozambique metical (old)
ECB,CRRNCY_ETB,ETB,Ethiopian Birr,CRRNCY,Ethiopian Birr
ECB,CRRNCY_SCR,SCR,Seychelles Rupee,CRRNCY,Seychelles Rupee
ECB,CRRNCY_KGS,KGS,Som,CRRNCY,Som
ECB,CRRNCY_GIP,GIP,Gibraltar Pound,CRRNCY,Gibraltar Pound
ECB,CRRNCY_PHP,PHP,Philippine Peso,CRRNCY,Philippine Peso
ECB,CRRNCY_BTN,BTN,Ngultrum,CRRNCY,Ngultrum
ECB,CRRNCY_SHP,SHP,Saint Helena Pound,CRRNCY,Saint Helena Pound
ECB,CRRNCY_BHD,BHD,Bahraini Dinar,CRRNCY,Bahraini Dinar
ECB,RFRNC_RT_8,8,other single reference rate - ON,RFRNC_RT,other single reference rate - Overnight
ECB,CRRNCY_MUR,MUR,Mauritius Rupee,CRRNCY,Mauritius Rupee
ECB,CRRNCY_XBB,XBB,Bond Markets Unit European Monetary Unit (E.M.U.-6),CRRNCY,Bond Markets Unit European Monetary Unit (E.M.U.-6)
ECB,CRRNCY_AZM,AZM,Azerbaijanian manat (old),CRRNCY,Azerbaijanian manat (old)
ECB,CRRNCY_Z07,Z07,"All currencies other than domestic, Euro and euro area currencies",CRRNCY,"All currencies other than domestic, Euro and euro area currencies"
ECB,CRRNCY_AOA,AOA,Kwanza,CRRNCY,Kwanza
ECB,CRRNCY_RWF,RWF,Rwanda Franc,CRRNCY,Rwanda Franc
ECB,CRRNCY_ZWN,ZWN,Zimbabwe dollars (old),CRRNCY,Zimbabwe dollars (old)
ECB,CRRNCY_SAR,SAR,Saudi Riyal,CRRNCY,Saudi Riyal
ECB,CRRNCY_SEK,SEK,Swedish krona,CRRNCY,Swedish krona
ECB,CRRNCY_KES,KES,Kenyan Shilling,CRRNCY,Kenyan Shilling
ECB,CRRNCY_QAR,QAR,Qatari Rial,CRRNCY,Qatari Rial
ECB,CRRNCY_KRW,KRW,Won,CRRNCY,Won
ECB,CRRNCY_Z03,Z03,Other EU currencies combined,CRRNCY,Other EU currencies combined
ECB,CRRNCY_UYI,UYI,Uruguay Peso en Unidades Indexadas (URUIURUI),CRRNCY,Uruguay Peso en Unidades Indexadas (URUIURUI)
ECB,CRRNCY_CNY,CNY,Yuan Renminbi,CRRNCY,Yuan Renminbi
ECB,CRRNCY_SRG,SRG,Suriname guilder,CRRNCY,Suriname guilder
ECB,CRRNCY_FJD,FJD,Fiji Dollar,CRRNCY,Fiji Dollar
ECB,CRRNCY_ISK,ISK,Iceland Krona,CRRNCY,Iceland Krona
ECB,CRRNCY_FKP,FKP,Falkland Islands Pound,CRRNCY,Falkland Islands Pound
ECB,CRRNCY_ZAR,ZAR,South African Rand,CRRNCY,South African Rand
ECB,CRRNCY_ARS,ARS,Argentine Peso,CRRNCY,Argentine Peso
ECB,FRQNCY_-99,-99,Technical null,FRQNCY,Technical member to represent the null value
ECB,ENTTY_RL_6,6,Beneficiary,ENTTY_RL,Beneficiary of a fiduciary instrument.
ECB,CRRNCY_MRO,MRO,Ouguiya,CRRNCY,Ouguiya
ECB,CRRNCY_HRK,HRK,Croatian kuna,CRRNCY,Croatian kuna
ECB,CRRNCY_VES,VES,Bolívar Soberano,CRRNCY,Bolívar Soberano
ECB,CRRNCY_XAF,XAF,CFA Franc BEAC,CRRNCY,CFA Franc BEAC
ECB,CRRNCY_CRC,CRC,Costa Rican Colon,CRRNCY,Costa Rican Colon
ECB,CRRNCY_SDG,SDG,Sudanese Pound,CRRNCY,Sudanese Pound
ECB,CRRNCY_Z42,Z42,"All currencies other than EUR, USD, GBP, CHF, JPY and domestic",CRRNCY,
ECB,ENTTY_RL_2,2,Debtor,ENTTY_RL,"Counterparty generating the credit risk of an instrument, other than a protection provider."
ECB,CRRNCY_ZWR,ZWR,Third Zimbabwe dollar,CRRNCY,Third Zimbabwe dollar
ECB,CRRNCY_MVR,MVR,Rufiyaa,CRRNCY,Rufiyaa
ECB,CRRNCY_COU,COU,Unidad de Valor Real,CRRNCY,Unidad de Valor Real
ECB,CRRNCY_HKD,HKD,Hong Kong Dollar,CRRNCY,Hong Kong Dollar
ECB,CRRNCY_PAB,PAB,Balboa,CRRNCY,Balboa
ECB,CRRNCY_UYU,UYU,Peso Uruguayo,CRRNCY,Peso Uruguayo
ECB,CRRNCY_MKD,MKD,Denar,CRRNCY,Denar
ECB,CRRNCY_EEK,EEK,Estonian kroon,CRRNCY,Estonian kroon
ECB,RFRNC_RT_99,99,multiple reference rates - 7M,RFRNC_RT,multiple reference rates - 7M
ECB,RFRNC_RT_23,23,JPY LIBOR - 2W,RFRNC_RT,2 Week JPY LIBOR
ECB,ENTTY_RL_12,12,Protection Provider Internal,ENTTY_RL,The counterparty that grants protection against a contractually agreed negative credit event and that bears the credit risk of the negative credit event. The role is intended to be used for internal purposes.
ECB,RFRNC_RT_27,27,multiple reference rates - 2W,RFRNC_RT,multiple reference rates - 2W
ECB,CRDT_QLTY_5,5,Impaired,CRDT_QLTY,Impaired
ECB,RFRNC_RT_95,95,JPY LIBOR - 7M,RFRNC_RT,7 Month JPY LIBOR
ECB,RFRNC_RT_72,72,multiple reference rates - 4M,RFRNC_RT,multiple reference rates - 4M
ECB,RFRNC_RT_91,91,EURIBOR - 7M,RFRNC_RT,7 Month EURIBOR
ECB,RFRNC_RT_76,76,EUR LIBOR - 5M,RFRNC_RT,5 Month EUR LIBOR
ECB,CRDT_QLTY_1,1,Non-performing,CRDT_QLTY,Non-performing
ECB,RFRNC_RT_85,85,EUR LIBOR - 6M,RFRNC_RT,6 Month EUR LIBOR
ECB,RFRNC_RT_62,62,other single reference rate - 3M,RFRNC_RT,other single reference rate - 3M
ECB,RFRNC_RT_81,81,multiple reference rates - 5M,RFRNC_RT,multiple reference rates - 5M
ECB,RFRNC_RT_66,66,GBP LIBOR - 4M,RFRNC_RT,4 Month GBP LIBOR
ECB,RFRNC_RT_89,89,other single reference rate - 6M,RFRNC_RT,other single reference rate - 6M
ECB,RFRNC_RT_33,33,CHF LIBOR - 3W,RFRNC_RT,3 Week CHF LIBOR
ECB,RFRNC_RT_37,37,EURIBOR - 1M,RFRNC_RT,1 Month EURIBOR
ECB,RFRNC_RT_42,42,CHF LIBOR - 1M,RFRNC_RT,1 Month CHF LIBOR
ECB,RFRNC_RT_46,46,EURIBOR - 2M,RFRNC_RT,2 Month EURIBOR
ECB,RFRNC_RT_13,13,EUR LIBOR - 1W,RFRNC_RT,1 Week EUR LIBOR
ECB,RFRNC_RT_17,17,other single reference rate - 1W,RFRNC_RT,other single reference rate - 1W
ECB,RFRNC_RT_52,52,MIBOR - 2M,RFRNC_RT,2 Month MIBOR
ECB,RFRNC_RT_56,56,USD LIBOR - 3M,RFRNC_RT,3 Month USD LIBOR
ECB,RFRNC_RT_57,57,GBP LIBOR - 3M,RFRNC_RT,3 Month GBP LIBOR
ECB,RFRNC_RT_53,53,other single reference rate - 2M,RFRNC_RT,other single reference rate - 2M
ECB,RFRNC_RT_47,47,USD LIBOR - 2M,RFRNC_RT,2 Month USD LIBOR
ECB,RFRNC_RT_43,43,MIBOR - 1M,RFRNC_RT,1 Month MIBOR
ECB,RFRNC_RT_16,16,MIBOR - 1W,RFRNC_RT,1 Week MIBOR
ECB,RFRNC_RT_12,12,GBP LIBOR - 1W,RFRNC_RT,1 Week GBP LIBOR
ECB,RFRNC_RT_80,80,other single reference rate - 5M,RFRNC_RT,other single reference rate - 5M
ECB,RFRNC_RT_67,67,EUR LIBOR - 4M,RFRNC_RT,4 Month EUR LIBOR
ECB,RFRNC_RT_84,84,GBP LIBOR - 6M,RFRNC_RT,6 Month GBP LIBOR
ECB,RFRNC_RT_63,63,multiple reference rates - 3M,RFRNC_RT,multiple reference rates - 3M
ECB,RFRNC_RT_36,36,multiple reference rates - 3W,RFRNC_RT,multiple reference rates - 3W
ECB,RFRNC_RT_32,32,JPY LIBOR - 3W,RFRNC_RT,3 Week JPY LIBOR
ECB,RFRNC_RT_88,88,MIBOR - 6M,RFRNC_RT,6 Month MIBOR
ECB,RFRNC_RT_26,26,other single reference rate - 2W,RFRNC_RT,other single reference rate - 2W
ECB,RFRNC_RT_22,22,EUR LIBOR - 2W,RFRNC_RT,2 Week EUR LIBOR
ECB,RFRNC_RT_98,98,other single reference rate - 7M,RFRNC_RT,other single reference rate - 7M
ECB,CRDT_QLTY_0,0,Not applicable,CRDT_QLTY,Not applicable
ECB,RFRNC_RT_90,90,multiple reference rates - 6M,RFRNC_RT,multiple reference rates - 6M
ECB,RFRNC_RT_77,77,JPY LIBOR - 5M,RFRNC_RT,5 Month JPY LIBOR
ECB,RFRNC_RT_94,94,EUR LIBOR - 7M,RFRNC_RT,7 Month EUR LIBOR
ECB,RFRNC_RT_73,73,EURIBOR - 5M,RFRNC_RT,5 Month EURIBOR
ECB,CRDT_QLTY_4,4,Non-impaired,CRDT_QLTY,Non-impaired
ECB,RFRNC_RT_30,30,GBP LIBOR - 3W,RFRNC_RT,3 Week GBP LIBOR
ECB,RFRNC_RT_34,34,MIBOR - 3W,RFRNC_RT,3 Week MIBOR
ECB,RFRNC_RT_69,69,CHF LIBOR - 4M,RFRNC_RT,4 Month CHF LIBOR
ECB,RFRNC_RT_86,86,JPY LIBOR - 6M,RFRNC_RT,6 Month JPY LIBOR
ECB,RFRNC_RT_61,61,MIBOR - 3M,RFRNC_RT,3 Month MIBOR
ECB,RFRNC_RT_38,38,USD LIBOR - 1M,RFRNC_RT,1 Month USD LIBOR
ECB,RFRNC_RT_82,82,EURIBOR - 6M,RFRNC_RT,6 Month EURIBOR
ECB,RFRNC_RT_65,65,USD LIBOR - 4M,RFRNC_RT,4 Month USD LIBOR
ECB,RFRNC_RT_96,96,CHF LIBOR - 7M,RFRNC_RT,7 Month CHF LIBOR
ECB,RFRNC_RT_71,71,other single reference rate - 4M,RFRNC_RT,other single reference rate - 4M
ECB,CRDT_QLTY_6,6,Default,CRDT_QLTY,Exposures in respect of which a default is considered to have occurred in accordance with Article 178 CRR
ECB,RFRNC_RT_28,28,EURIBOR - 3W,RFRNC_RT,3 Week EURIBOR
ECB,CRDT_QLTY_2,2,Non performing but not in default,CRDT_QLTY,Non performing but not in default
ECB,RFRNC_RT_92,92,USD LIBOR - 7M,RFRNC_RT,7 Month USD LIBOR
ECB,RFRNC_RT_75,75,GBP LIBOR - 5M,RFRNC_RT,5 Month GBP LIBOR
ECB,RFRNC_RT_20,20,USD LIBOR - 2W,RFRNC_RT,2 Week USD LIBOR
ECB,ENTTY_RL_11,11,Originator and Servicer,ENTTY_RL,Coutrerparty that originated the securitised instrument and is servicing it.
ECB,RFRNC_RT_24,24,CHF LIBOR - 2W,RFRNC_RT,2 Week CHF LIBOR
ECB,RFRNC_RT_79,79,MIBOR - 5M,RFRNC_RT,5 Month MIBOR
ECB,RFRNC_RT_51,51,CHF LIBOR - 2M,RFRNC_RT,2 Month CHF LIBOR
ECB,RFRNC_RT_55,55,EURIBOR - 3M,RFRNC_RT,3 Month EURIBOR
ECB,RFRNC_RT_59,59,JPY LIBOR - 3M,RFRNC_RT,3 Month JPY LIBOR
ECB,RFRNC_RT_10,10,EURIBOR - 1W,RFRNC_RT,1 Week EURIBOR
ECB,RFRNC_RT_49,49,EUR LIBOR - 2M,RFRNC_RT,2 Month EUR LIBOR
ECB,RFRNC_RT_14,14,JPY LIBOR - 1W,RFRNC_RT,1 Week JPY LIBOR
ECB,RFRNC_RT_41,41,JPY LIBOR - 1M,RFRNC_RT,1 Month JPY LIBOR
ECB,RFRNC_RT_45,45,multiple reference rates - 1M,RFRNC_RT,multiple reference rates - 1M
ECB,RFRNC_RT_18,18,multiple reference rates - 1W,RFRNC_RT,multiple reference rates - 1W
ECB,RFRNC_RT_15,15,CHF LIBOR - 1W,RFRNC_RT,1 Week CHF LIBOR
ECB,RFRNC_RT_48,48,GBP LIBOR - 2M,RFRNC_RT,2 Month GBP LIBOR
ECB,RFRNC_RT_11,11,USD LIBOR - 1W,RFRNC_RT,1 Week USD LIBOR
ECB,RFRNC_RT_19,19,EURIBOR - 2W,RFRNC_RT,2 Week EURIBOR
ECB,RFRNC_RT_44,44,other single reference rate - 1M,RFRNC_RT,other single reference rate - 1M
ECB,RFRNC_RT_40,40,EUR LIBOR - 1M,RFRNC_RT,1 Month EUR LIBOR
ECB,RFRNC_RT_54,54,multiple reference rates - 2M,RFRNC_RT,multiple reference rates - 2M
ECB,RFRNC_RT_50,50,JPY LIBOR - 2M,RFRNC_RT,2 Month JPY LIBOR
ECB,RFRNC_RT_58,58,EUR LIBOR - 3M,RFRNC_RT,3 Month EUR LIBOR
ECB,RFRNC_RT_93,93,GBP LIBOR - 7M,RFRNC_RT,7 Month GBP LIBOR
ECB,RFRNC_RT_74,74,USD LIBOR - 5M,RFRNC_RT,5 Month USD LIBOR
ECB,CRDT_QLTY_3,3,Performing exposures. Exited from NPE in the last 12 months,CRDT_QLTY,Performing exposures. Exited from NPE in the last 12 months
ECB,RFRNC_RT_29,29,USD LIBOR - 3W,RFRNC_RT,3 Week USD LIBOR
ECB,RFRNC_RT_97,97,MIBOR - 7M,RFRNC_RT,7 Month MIBOR
ECB,RFRNC_RT_70,70,MIBOR - 4M,RFRNC_RT,4 Month MIBOR
ECB,RFRNC_RT_78,78,CHF LIBOR - 5M,RFRNC_RT,5 Month CHF LIBOR
ECB,RFRNC_RT_25,25,MIBOR - 2W,RFRNC_RT,2 Week MIBOR
ECB,RFRNC_RT_21,21,GBP LIBOR - 2W,RFRNC_RT,2 Week GBP LIBOR
ECB,ENTTY_RL_10,10,Servicer only,ENTTY_RL,Counterparty responsible for the administrative and financial management of an instrument but did not originate it.
ECB,RFRNC_RT_68,68,JPY LIBOR - 4M,RFRNC_RT,4 Month JPY LIBOR
ECB,RFRNC_RT_35,35,other single reference rate - 3W,RFRNC_RT,other single reference rate - 3W
ECB,RFRNC_RT_31,31,EUR LIBOR - 3W,RFRNC_RT,3 Week EUR LIBOR
ECB,RFRNC_RT_83,83,USD LIBOR - 6M,RFRNC_RT,6 Month USD LIBOR
ECB,RFRNC_RT_64,64,EURIBOR - 4M,RFRNC_RT,4 Month EURIBOR
ECB,RFRNC_RT_39,39,GBP LIBOR - 1M,RFRNC_RT,1 Month GBP LIBOR
ECB,RFRNC_RT_87,87,CHF LIBOR - 6M,RFRNC_RT,6 Month CHF LIBOR
ECB,RFRNC_RT_60,60,CHF LIBOR - 3M,RFRNC_RT,3 Month CHF LIBOR
ECB,RFRNC_RT_146,146,€STR,RFRNC_RT,
ECB,CRDT_QLTY_20,20,Default because more than 90/180 days past due,CRDT_QLTY,Instrument in default because the debt is more than 90/180 days past due in accordance with Article 178(1)(b) of the CRR but the debtor has not been classified as unlikely to pay
ECB,CRDT_QLTY_24,24,Stage 2 (IFRS),CRDT_QLTY,Instruments with significant increase in credit risk (Stage 2). Only for instruments subject to impairment under IFRS 9.
ECB,RFRNC_RT_142,142,MIBOR - 12M,RFRNC_RT,12 Month MIBOR
ECB,RFRNC_RT_117,117,multiple reference rates - 9M,RFRNC_RT,multiple reference rates - 9M
ECB,RFRNC_RT_113,113,JPY LIBOR - 9M,RFRNC_RT,9 Month JPY LIBOR
ECB,RFRNC_RT_107,107,other single reference rate - 8M,RFRNC_RT,other single reference rate - 8M
ECB,TYP_PRTCTN_8,8,Residential real estate collateral,TYP_PRTCTN,Residential property as defined in Article 4(1)(75) of Regulation (EU) No 575/2013.
ECB,RFRNC_RT_203,203,Euro Overnight Index Swap 1-year (€STR),RFRNC_RT,Euro Overnight Index Swap 1-year (€STR)
ECB,RFRNC_RT_103,103,EUR LIBOR - 8M,RFRNC_RT,8 Month EUR LIBOR
ECB,TYP_PRTCTN_4,4,Credit derivatives,TYP_PRTCTN,Credit derivatives as defined in paragraph 5.215 of Annex A to Regulation (EU) No 549/2013. This includes the eligible credit derivatives indicated in Article 204 of Regulation (EU) No 575/2013.
ECB,RFRNC_RT_156,156,"Compounded euro short-term rate average rate, 6 month tenor",RFRNC_RT,"Compounded euro short-term rate average rate, 6 month tenor"
ECB,CRDT_QLTY_34,34,"Specific allowances (GAAP), General allowances for credit risk, General allowances for banking risk",CRDT_QLTY,"Specific allowances (GAAP), General allowances for credit risk, General allowances for banking risk"
ECB,RFRNC_RT_152,152,SORA (Singapore overnight rate average),RFRNC_RT,
ECB,TYP_PRTCTN_0,0,Not applicable,TYP_PRTCTN,Not applicable
ECB,RFRNC_RT_127,127,EURIBOR - 11M,RFRNC_RT,11 Month EURIBOR
ECB,RFRNC_RT_123,123,CHF LIBOR - 10M,RFRNC_RT,10 Month CHF LIBOR
ECB,CRDT_QLTY_18,18,Default because both unlikely to pay and more than 90/180 days past due,CRDT_QLTY,Instrument in default both because it is considered that the debtor is unlikely to pay and because the debt is more than 90/180 days past due in accordance with Article 178(1)(a) and (b) of the CRR
ECB,RFRNC_RT_199,199,Euro Overnight Index Swap 15-year (EONIA),RFRNC_RT,Euro Overnight Index Swap 15-year (EONIA)
ECB,TYP_TRNSFR_7,7,Not securitised,TYP_TRNSFR,Instrument which is not securitised either in a traditional or synthetic securitisation.
ECB,RFRNC_RT_191,191,Euro Overnight Index Swap 4-year (EONIA),RFRNC_RT,Euro Overnight Index Swap 4-year (EONIA)
ECB,CRDT_QLTY_10,10,"Default, Not in default",CRDT_QLTY,All types of default status
ECB,RFRNC_RT_176,176,Euro Overnight Index Swap 1-year (EONIA),RFRNC_RT,Euro Overnight Index Swap 1-year (EONIA)
ECB,RFRNC_RT_195,195,Euro Overnight Index Swap 8-year (EONIA),RFRNC_RT,Euro Overnight Index Swap 8-year (EONIA)
ECB,RFRNC_RT_172,172,Euro Overnight Index Swap 8-month (EONIA),RFRNC_RT,Euro Overnight Index Swap 8-month (EONIA)
ECB,CRDT_QLTY_14,14,Not in default,CRDT_QLTY,Instrument not in default in accordance with the CRR
ECB,TYP_TRNSFR_3,3,Other transfer,TYP_TRNSFR,"Other types of securitisations besides Traditional, Synthetic and Insurance-linked"
ECB,RFRNC_RT_181,181,Euro Overnight Index Swap 17-month (EONIA),RFRNC_RT,Euro Overnight Index Swap 17-month (EONIA)
ECB,RFRNC_RT_166,166,Euro Overnight Index Swap 2-month (EONIA),RFRNC_RT,Euro Overnight Index Swap 2-month (EONIA)
ECB,RFRNC_RT_-99,-99,Technical null,RFRNC_RT,Technical member to represent the null value
ECB,RFRNC_RT_185,185,Euro Overnight Index Swap 21-month (EONIA),RFRNC_RT,Euro Overnight Index Swap 21-month (EONIA)
ECB,RFRNC_RT_162,162,Euro Overnight Index Swap 1-week (EONIA),RFRNC_RT,Euro Overnight Index Swap 1-week (EONIA)
ECB,RFRNC_RT_137,137,USD LIBOR - 12M,RFRNC_RT,12 Month USD LIBOR
ECB,RFRNC_RT_133,133,MIBOR - 11M,RFRNC_RT,11 Month MIBOR
ECB,RFRNC_RT_189,189,Euro Overnight Index Swap 30-month (EONIA),RFRNC_RT,Euro Overnight Index Swap 30-month (EONIA)
ECB,RFRNC_RT_184,184,Euro Overnight Index Swap 20-month (EONIA),RFRNC_RT,Euro Overnight Index Swap 20-month (EONIA)
ECB,RFRNC_RT_163,163,Euro Overnight Index Swap 2-week (EONIA),RFRNC_RT,Euro Overnight Index Swap 2-week (EONIA)
ECB,RFRNC_RT_180,180,Euro Overnight Index Swap 16-month (EONIA),RFRNC_RT,Euro Overnight Index Swap 16-month (EONIA)
ECB,RFRNC_RT_167,167,Euro Overnight Index Swap 3-month (EONIA),RFRNC_RT,Euro Overnight Index Swap 3-month (EONIA)
ECB,RFRNC_RT_188,188,Euro Overnight Index Swap 2-year (EONIA),RFRNC_RT,Euro Overnight Index Swap 2-year (EONIA)
ECB,RFRNC_RT_132,132,CHF LIBOR - 11M,RFRNC_RT,11 Month CHF LIBOR
ECB,RFRNC_RT_136,136,EURIBOR - 12M,RFRNC_RT,12 Month EURIBOR
ECB,CRDT_QLTY_19,19,Default because unlikely to pay,CRDT_QLTY,Instrument in default because the debtor is unlikely to pay in accordance with Article 178(1)(a) of the CRR but the instrument is not more than 90/180 days past due
ECB,RFRNC_RT_198,198,Euro Overnight Index Swap 12-year (EONIA),RFRNC_RT,Euro Overnight Index Swap 12-year (EONIA)
ECB,RFRNC_RT_122,122,JPY LIBOR - 10M,RFRNC_RT,10 Month JPY LIBOR
ECB,RFRNC_RT_126,126,multiple reference rates - 10M,RFRNC_RT,multiple reference rates - 10M
ECB,RFRNC_RT_194,194,Euro Overnight Index Swap 7-year (EONIA),RFRNC_RT,Euro Overnight Index Swap 7-year (EONIA)
ECB,RFRNC_RT_173,173,Euro Overnight Index Swap 9-month (EONIA),RFRNC_RT,Euro Overnight Index Swap 9-month (EONIA)
ECB,CRDT_QLTY_15,15,Performing and non-performing exposures,CRDT_QLTY,Performing and non-performing exposures
ECB,RFRNC_RT_190,190,Euro Overnight Index Swap 3-year (EONIA),RFRNC_RT,Euro Overnight Index Swap 3-year (EONIA)
ECB,CRDT_QLTY_11,11,Performing,CRDT_QLTY,Performing
ECB,RFRNC_RT_177,177,Euro Overnight Index Swap 13-month (EONIA),RFRNC_RT,Euro Overnight Index Swap 13-month (EONIA)
ECB,TYP_TRNSFR_6,6,Synthetic securitisation,TYP_TRNSFR,"Securitisations where the transfer of risk is achieved by the use of credit derivatives or guarantees, and the exposures being securitised remain exposures of the originator institution.  See Article 242(11) of Regulation (EU) No 575/2013 and the Glossary of the ECB Guideline ECB/2014/15."
ECB,RFRNC_RT_102,102,GBP LIBOR - 8M,RFRNC_RT,8 Month GBP LIBOR
ECB,RFRNC_RT_202,202,Euro Overnight Index Swap 1-week (€STR),RFRNC_RT,Euro Overnight Index Swap 1-week (€STR)
ECB,RFRNC_RT_106,106,MIBOR - 8M,RFRNC_RT,8 Month MIBOR
ECB,TYP_PRTCTN_9,9,Offices and commercial premises,TYP_PRTCTN,Offices and commercial premises in accordance with Regulation (EU) No 575/2013.
ECB,TYP_PRTCTN_1,1,"Secured, Not secured",TYP_PRTCTN,"Secured, Not secured"
ECB,RFRNC_RT_153,153,"Compounded euro short-term rate average rate, 1 week tenor",RFRNC_RT,"Compounded euro short-term rate average rate, 1 week tenor"
ECB,RFRNC_RT_157,157,"Compounded euro short-term rate average rate, 12 month tenor",RFRNC_RT,"Compounded euro short-term rate average rate, 12 month tenor"
ECB,TYP_PRTCTN_5,5,Financial guarantees other than credit derivatives,TYP_PRTCTN,"Financial guarantees other than credit derivatives, in accordance with Implementing Regulation (EU) No 680/2014."
ECB,CRDT_QLTY_25,25,Stage 3 (IFRS),CRDT_QLTY,Instruments with significant increase in credit risk. Credit impaired  assets (Stage 3). Only for instruments subject to impairment under IFRS 9.
ECB,RFRNC_RT_143,143,other single reference rate - 12M,RFRNC_RT,other single reference rate - 12M
ECB,RFRNC_RT_147,147,SOFR,RFRNC_RT,
ECB,CRDT_QLTY_21,21,General allowances (GAAP),CRDT_QLTY,To be used if the instrument is subject to impairment in accordance with an applied accounting standard other than IFRS 9 and no specific loss allowances are raised against the instrument (unimpaired).
ECB,RFRNC_RT_112,112,EUR LIBOR - 9M,RFRNC_RT,9 Month EUR LIBOR
ECB,RFRNC_RT_116,116,other single reference rate - 9M,RFRNC_RT,other single reference rate - 9M
ECB,RFRNC_RT_108,108,multiple reference rates - 8M,RFRNC_RT,multiple reference rates - 8M
ECB,TYP_PRTCTN_7,7,Other protection,TYP_PRTCTN,Other protection that is not one of the types of protection listed under ‘type of protection’.
ECB,RFRNC_RT_155,155,"Compounded euro short-term rate average rate, 3 month tenor",RFRNC_RT,"Compounded euro short-term rate average rate, 3 month tenor"
ECB,RFRNC_RT_151,151,HONIA (Hong Kong dollar overnight index average),RFRNC_RT,
ECB,TYP_PRTCTN_3,3,Other physical collaterals,TYP_PRTCTN,"Other physical collateral (e.g. commercial equipment, machines and vehicles) in accordance with Regulation (EU) No 575/2013 and not included in the previous values."
ECB,RFRNC_RT_104,104,JPY LIBOR - 8M,RFRNC_RT,8 Month JPY LIBOR
ECB,RFRNC_RT_159,159,ECB Marginal Lending Facility Rate,RFRNC_RT,ECB Marginal Lending Facility Rate
ECB,RFRNC_RT_200,200,Euro Overnight Index Swap 20-year (EONIA),RFRNC_RT,Euro Overnight Index Swap 20-year (EONIA)
ECB,RFRNC_RT_100,100,EURIBOR - 8M,RFRNC_RT,8 Month EURIBOR
ECB,RFRNC_RT_114,114,CHF LIBOR - 9M,RFRNC_RT,9 Month CHF LIBOR
ECB,RFRNC_RT_149,149,SARON (Swiss average rate overnight),RFRNC_RT,
ECB,RFRNC_RT_110,110,USD LIBOR - 9M,RFRNC_RT,9 Month USD LIBOR
ECB,RFRNC_RT_118,118,EURIBOR - 10M,RFRNC_RT,10 Month EURIBOR
ECB,RFRNC_RT_145,145,EONIA,RFRNC_RT,Euro Overnight Index Average
ECB,CRDT_QLTY_23,23,Stage 1 (IFRS),CRDT_QLTY,Instruments without significant increase in credit risk (Stage 1). Only for instruments subject to impairment under IFRS 9.
ECB,CRDT_QLTY_27,27,POCI (IFRS),CRDT_QLTY,Instruments with significant increase in credit risk. Purchased or originated credit-impaired instruments. Only for instruments subject to impairment under IFRS 9.
ECB,RFRNC_RT_141,141,CHF LIBOR - 12M,RFRNC_RT,12 Month CHF LIBOR
ECB,RFRNC_RT_169,169,Euro Overnight Index Swap 5-month (EONIA),RFRNC_RT,Euro Overnight Index Swap 5-month (EONIA)
ECB,RFRNC_RT_134,134,other single reference rate - 11M,RFRNC_RT,other single reference rate - 11M
ECB,RFRNC_RT_130,130,EUR LIBOR - 11M,RFRNC_RT,11 Month EUR LIBOR
ECB,RFRNC_RT_182,182,Euro Overnight Index Swap 18-month (EONIA),RFRNC_RT,Euro Overnight Index Swap 18-month (EONIA)
ECB,RFRNC_RT_165,165,Euro Overnight Index Swap 1-month (EONIA),RFRNC_RT,Euro Overnight Index Swap 1-month (EONIA)
ECB,RFRNC_RT_138,138,GBP LIBOR - 12M,RFRNC_RT,12 Month GBP LIBOR
ECB,RFRNC_RT_186,186,Euro Overnight Index Swap 22-month (EONIA),RFRNC_RT,Euro Overnight Index Swap 22-month (EONIA)
ECB,RFRNC_RT_161,161,ECB MRO Rate (variable rate tenders | minimum bid rate),RFRNC_RT,ECB MRO Rate (variable rate tenders | minimum bid rate)
ECB,RFRNC_RT_192,192,Euro Overnight Index Swap 5-year (EONIA),RFRNC_RT,Euro Overnight Index Swap 5-year (EONIA)
ECB,CRDT_QLTY_13,13,Non-performing exposures. Impaired,CRDT_QLTY,Non-performing exposures. Impaired
ECB,RFRNC_RT_175,175,Euro Overnight Index Swap 11-month (EONIA),RFRNC_RT,Euro Overnight Index Swap 11-month (EONIA)
ECB,TYP_TRNSFR_4,4,Securitization,TYP_TRNSFR,"Securitisation means a transaction or scheme, whereby the credit risk associated with an exposure or pool of exposures is tranched, having both of the following characteristics:
(a) payments in the transaction or scheme are dependent upon the performance"
ECB,RFRNC_RT_128,128,USD LIBOR - 11M,RFRNC_RT,11 Month USD LIBOR
ECB,TYP_TRNSFR_0,0,Not applicable,TYP_TRNSFR,Not applicable
ECB,RFRNC_RT_196,196,Euro Overnight Index Swap 9-year (EONIA),RFRNC_RT,Euro Overnight Index Swap 9-year (EONIA)
ECB,RFRNC_RT_171,171,Euro Overnight Index Swap 7-month (EONIA),RFRNC_RT,Euro Overnight Index Swap 7-month (EONIA)
ECB,CRDT_QLTY_17,17,"Impaired, Non-impaired",CRDT_QLTY,"Impaired, Non-impaired"
ECB,TYP_TRNSFR_8,8,Insurance-linked,TYP_TRNSFR,"Insurance-linked securitisations are securitisations where there is a transfer of insurance policies achieved either by the transfer of legal title or beneficial interest to an FVC, or there is a transfer of insurance risks from an insurance or reinsurance undertaking to an FVC which fully funds its exposure to such risks through the issuance of financing instruments, and the repayment rights of the investors in those financing instruments are subordinated to the reinsurance obligations of the FVC. See the Glossary of the ECB Guideline ECB/2014/15."
ECB,CRDT_QLTY_-1,-1,All impairment classification according to IFRS and nGAAP,CRDT_QLTY,All impairment classification according to IFRS and nGAAP (Total)
ECB,RFRNC_RT_179,179,Euro Overnight Index Swap 15-month (EONIA),RFRNC_RT,Euro Overnight Index Swap 15-month (EONIA)
ECB,RFRNC_RT_124,124,MIBOR - 10M,RFRNC_RT,10 Month MIBOR
ECB,RFRNC_RT_120,120,GBP LIBOR - 10M,RFRNC_RT,10 Month GBP LIBOR
ECB,RFRNC_RT_197,197,Euro Overnight Index Swap 10-year (EONIA),RFRNC_RT,Euro Overnight Index Swap 10-year (EONIA)
ECB,RFRNC_RT_170,170,Euro Overnight Index Swap 6-month (EONIA),RFRNC_RT,Euro Overnight Index Swap 6-month (EONIA)
ECB,CRDT_QLTY_16,16,"Stage 1, Stage 2, Stage 3 (IFRS)",CRDT_QLTY,"Stage 1, Stage 2, Stage 3 (IFRS)"
ECB,TYP_TRNSFR_1,1,Traditional securitisation,TYP_TRNSFR,Securitisations involving the economic transfer of the exposures being securitised. This shall be accomplished by the transfer of ownership of the securitised exposures from the originator institution to a securitisation vehicle or through sub-participation by a securitisation vehicle. The securities issued do not represent payment obligations of the originator institution. See Article 242(10) of Regulation (EU) No 575/2013 and the Glossary of the ECB Guideline ECB/2014/15.
ECB,RFRNC_RT_129,129,GBP LIBOR - 11M,RFRNC_RT,11 Month GBP LIBOR
ECB,TYP_TRNSFR_5,5,Repurchase agreements,TYP_TRNSFR,Repurchase agreements
ECB,RFRNC_RT_193,193,Euro Overnight Index Swap 6-year (EONIA),RFRNC_RT,Euro Overnight Index Swap 6-year (EONIA)
ECB,CRDT_QLTY_12,12,Non-performing exposures. Defaulted,CRDT_QLTY,Non-performing exposures. Defaulted
ECB,RFRNC_RT_174,174,Euro Overnight Index Swap 10-month (EONIA),RFRNC_RT,Euro Overnight Index Swap 10-month (EONIA)
ECB,RFRNC_RT_121,121,EUR LIBOR - 10M,RFRNC_RT,10 Month EUR LIBOR
ECB,RFRNC_RT_125,125,other single reference rate - 10M,RFRNC_RT,other single reference rate - 10M
ECB,RFRNC_RT_178,178,Euro Overnight Index Swap 14-month (EONIA),RFRNC_RT,Euro Overnight Index Swap 14-month (EONIA)
ECB,RFRNC_RT_131,131,JPY LIBOR - 11M,RFRNC_RT,11 Month JPY LIBOR
ECB,RFRNC_RT_135,135,multiple reference rates - 11M,RFRNC_RT,multiple reference rates - 11M
ECB,RFRNC_RT_168,168,Euro Overnight Index Swap 4-month (EONIA),RFRNC_RT,Euro Overnight Index Swap 4-month (EONIA)
ECB,RFRNC_RT_187,187,Euro Overnight Index Swap 23-month (EONIA),RFRNC_RT,Euro Overnight Index Swap 23-month (EONIA)
ECB,RFRNC_RT_160,160,ECB MRO Rate (fixed rate tenders | fixed rate),RFRNC_RT,ECB MRO Rate (fixed rate tenders | fixed rate)
ECB,RFRNC_RT_139,139,EUR LIBOR - 12M,RFRNC_RT,12 Month EUR LIBOR
ECB,RFRNC_RT_183,183,Euro Overnight Index Swap 19-month (EONIA),RFRNC_RT,Euro Overnight Index Swap 19-month (EONIA)
ECB,RFRNC_RT_164,164,Euro Overnight Index Swap 3-week (EONIA),RFRNC_RT,Euro Overnight Index Swap 3-week (EONIA)
ECB,RFRNC_RT_111,111,GBP LIBOR - 9M,RFRNC_RT,9 Month GBP LIBOR
ECB,RFRNC_RT_148,148,SONIA (Sterling overnight index average),RFRNC_RT,
ECB,RFRNC_RT_115,115,MIBOR - 9M,RFRNC_RT,9 Month MIBOR
ECB,CRDT_QLTY_26,26,Specific allowances (GAAP),CRDT_QLTY,"To be used if the instrument is subject to impairment in accordance with an applied accounting standard other than IFRS 9 and specific loss allowances are raised, irrespective of whether these allowances are individually or collectively assessed (impaired)."
ECB,RFRNC_RT_140,140,JPY LIBOR - 12M,RFRNC_RT,12 Month JPY LIBOR
ECB,RFRNC_RT_144,144,multiple reference rates - 12M,RFRNC_RT,multiple reference rates - 12M
ECB,RFRNC_RT_119,119,USD LIBOR - 10M,RFRNC_RT,10 Month USD LIBOR
ECB,TYP_PRTCTN_2,2,Life insurance policies pledged,TYP_PRTCTN,Life insurance policies pledged to the lending institutions in accordance with Regulation (EU) No 575/2013.
ECB,RFRNC_RT_150,150,TONA (Tokyo overnight average rate),RFRNC_RT,
ECB,RFRNC_RT_154,154,"Compounded euro short-term rate average rate, 1 month tenor",RFRNC_RT,"Compounded euro short-term rate average rate, 1 month tenor"
ECB,RFRNC_RT_109,109,EURIBOR - 9M,RFRNC_RT,9 Month EURIBOR
ECB,RFRNC_RT_101,101,USD LIBOR - 8M,RFRNC_RT,8 Month USD LIBOR
ECB,RFRNC_RT_201,201,Euro Overnight Index Swap 30-year (EONIA),RFRNC_RT,Euro Overnight Index Swap 30-year (EONIA)
ECB,RFRNC_RT_158,158,ECB Deposit Facility Rate,RFRNC_RT,ECB Deposit Facility Rate
ECB,RFRNC_RT_105,105,CHF LIBOR - 8M,RFRNC_RT,8 Month CHF LIBOR
ECB,RCGNTN_STTS_2,2,Recognised to the extent of the institution's continuing involvement,RCGNTN_STTS,"Instrument recognised to the extent of the institution's continuing involvement, in accordance with Implementing Regulation (EU) No 680/2014."
ECB,TYP_PRTCTN_21,21,Currency and deposits in the reporting institution,TYP_PRTCTN,Currency and deposits in the reporting institution
ECB,TYP_PRTCTN_78,78,Deposit,TYP_PRTCTN,Deposit
ECB,TYP_PRTCTN_25,25,"Credit derivatives meeting the definition of financial guarantees, Financial guarantees other than credit derivatives",TYP_PRTCTN,Financial guarantees according to Regulation (EU) No 680/2014
ECB,TYP_PRTCTN_74,74,Financial guarantee,TYP_PRTCTN, Financial guarantees according to Regulation (EU) No 680/2014
ECB,TYP_PRTCTN_93,93,Other financial guarantee protection item,TYP_PRTCTN,Other financial guarantee protection item
ECB,TYP_PRTCTN_87,87,Commodity collateral,TYP_PRTCTN,Commodity collateral
ECB,TYP_PRTCTN_83,83,Ship collateral,TYP_PRTCTN,Ship collateral
ECB,TYP_PRTCTN_31,31,Other than Real estate,TYP_PRTCTN,Other than Real estate
ECB,TYP_PRTCTN_35,35,Equity Instruments and debt securities,TYP_PRTCTN,"Equities and debt securities includes collateral in the form of equity instruments, including investments in subsidiaries, joint ventures and associates, as well as in the form of debt securities issued by third parties."
ECB,TYP_PRTCTN_40,40,Protections eligible for prudential purposes,TYP_PRTCTN,Funded and unfunded credit protections eligible in accordance with Article 197 to 207 of Regulation (EU) No 575/2013
ECB,TYP_AMRTSTN_1,1,French,TYP_AMRTSTN,Amortisation in which the total amount - principal plus interest - repaid in each instalment is the same.
ECB,TYP_AMRTSTN_5,5,"Amortisation types other than French, German, Fixed amortisation schedule or bullet",TYP_AMRTSTN,Other amortisation schedule applied than the ones specified.
ECB,TYP_PRTCTN_15,15,Currency and deposits,TYP_PRTCTN,Currency and deposits as defined in paragraph 5.74 of Annex A to Regulation (EU) No 549/2013.
ECB,GGRPHCL_ARS_2,2,Country sub-region,GGRPHCL_ARS,Country sub-region
ECB,CRDT_QLTY_211,211,General allowances for credit risk,CRDT_QLTY,General allowances for credit risk
ECB,CRDT_QLTY_214,214,General allowances for credit risk. Part affecting carrying amount,CRDT_QLTY,General allowances for credit risk. Part affecting carrying amount
ECB,TYP_TRNSFR_-1,-1,All types of risk transfer,TYP_TRNSFR,Member that represents all types of risk transfer (Total).
ECB,TYP_AMRTSTN_4,4,Bullet,TYP_AMRTSTN,Amortisation in which the full principal amount is repaid in the last instalment.
ECB,TYP_PRTCTN_18,18,Equity and investment funds shares,TYP_PRTCTN,Equity and investment fund shares or units as defined in paragraph 5.139 of Annex A to Regulation (EU) No 549/2013.
ECB,TYP_AMRTSTN_0,0,Not applicable,TYP_AMRTSTN,Not applicable
ECB,TYP_PRTCTN_41,41,Credit derivatives meeting the definition of financial guarantees,TYP_PRTCTN,As defined in paragraph 58 (b) of Part 2 of Annex V to Implementing Regulation (EU) No 680/2014. This includes the eligible credit derivatives indicated in Article 204 of Regulation (EU) No 575/2013.
ECB,SBRDNTD_DBT_2,2,Non-subordinated debt,SBRDNTD_DBT,The instrument is not a subordinated debt in accordance with the Table in Annex II to Regulation (EU) No 1071/2013 (ECB/2013/33).
ECB,TYP_PRTCTN_10,10,Commercial real estate collateral,TYP_PRTCTN,"Real estate property other than residential property, offices and commercial premises."
ECB,TYP_PRTCTN_82,82,Real estate collateral,TYP_PRTCTN,Real estate collateral
ECB,TYP_PRTCTN_61,61,Collateral obtained by taking possession,TYP_PRTCTN,Collateral obtained by taking possession
ECB,TYP_PRTCTN_86,86,Inventory collateral,TYP_PRTCTN,Inventory collateral
ECB,TYP_PRTCTN_34,34,Movable property,TYP_PRTCTN,"Movable property comprises pledges of physical collateral other than immovable property and include cars, airplanes, ships, industrial and mechanical equipment (machinery, mechanical and technical equipment), inventories and commodities (merchandise, finished and semi-finished products, raw materials) and other forms of movable property."
ECB,TYP_PRTCTN_30,30,Tangible assets. Real estate,TYP_PRTCTN,Tangible assets. Real estate
ECB,TYP_PRTCTN_79,79,Registered collateral,TYP_PRTCTN,Registered collateral
ECB,RCGNTN_STTS_3,3,Entirely derecognised,RCGNTN_STTS,"Instrument entirely derecognised, in accordance with Implementing Regulation (EU) No 680/2014"
ECB,FRBRNC_STTS_3,3,Forborne: Refinanced debt,FRBRNC_STTS,Forbearance measures apply to refinanced debt in accordance with Implementing Regulation (EU) No 680/2014.
ECB,TYP_PRTCTN_75,75,Financial collateral,TYP_PRTCTN,Financial collateral
ECB,TYP_PRTCTN_92,92,Credit default swap financial guarantee protection item,TYP_PRTCTN,Credit default swap financial guarantee protection item
ECB,TYP_PRTCTN_71,71,Guarantees other than financial guarantees and credit derivatives,TYP_PRTCTN,Guarantees not meeting the definition of financial guarantees.
ECB,TYP_PRTCTN_32,32,"Deposits, Debt securities",TYP_PRTCTN,"Deposits, Debt securities"
ECB,TYP_PRTCTN_88,88,Other non-registered collateral,TYP_PRTCTN,Other non-registered collateral
ECB,TYP_PRTCTN_36,36,"Other than Real estate, movable property, deposits, debt securities issued, equity instruments, debt securities",TYP_PRTCTN,"Other than Real estate, movable property, deposits, debt securities issued, equity instruments, debt securities"
ECB,TYP_PRTCTN_84,84,Rolling stock collateral,TYP_PRTCTN,Rolling stock collateral
ECB,TYP_PRTCTN_80,80,Non-registered collateral,TYP_PRTCTN,Non-registered collateral
ECB,TYP_PRTCTN_73,73,Collateral,TYP_PRTCTN,Collateral
ECB,TYP_PRTCTN_94,94,Collateral and/or Guarantee,TYP_PRTCTN,Collateral and/or Guarantee
ECB,FRBRNC_STTS_5,5,Forborne: instruments with other modified terms and conditions,FRBRNC_STTS,"Forbearance measures apply to instruments with modified terms and conditions, excluding a modification of interest rate below market conditions in accordance with Implementing Regulation (EU) No 680/2014."
ECB,FRBRNC_STTS_1,1,Exposure with forbearance measures,FRBRNC_STTS,Exposure with forbearance measures
ECB,TYP_PRTCTN_77,77,Currency,TYP_PRTCTN,Currency
ECB,TYP_PRTCTN_90,90,Real estate collateral located in a member state,TYP_PRTCTN,Real estate collateral located in a member state
ECB,TYP_PRTCTN_22,22,Currency and deposits in other institutions,TYP_PRTCTN,Currency and deposits in other institutions
ECB,RCGNTN_STTS_1,1,Entirely recognised,RCGNTN_STTS,"Instrument entirely recognised, in accordance with Implementing Regulation (EU) No 680/2014."
ECB,FRBRNC_STTS_9,9,Renegotiated instrument without forbearance measures,FRBRNC_STTS,An instrument for which the financial conditions have been modified and to which no forbearance measures apply in accordance with Implementing Regulation (EU) No 680/2014.
ECB,RCGNTN_STTS_5,5,Partially or entirely derecognised,RCGNTN_STTS,Instrument partially or entirely derecognised
ECB,CRDT_QLTY_212,212,General allowances for banking risk,CRDT_QLTY,General allowances for banking risks
ECB,GGRPHCL_ARS_1,1,Countries other than country of incorporation of the reporting institution / location of critical function,GGRPHCL_ARS,Countries other than country of incorporation of the reporting institution / location of critical function
ECB,TYP_PRTCTN_12,12,Securities,TYP_PRTCTN,Securities as defined in paragraph 5.89 of Annex A to Regulation (EU) No 549/2013.
ECB,TYP_PRTCTN_16,16,Loans,TYP_PRTCTN,Loans as defined in paragraph 5.89 of Annex A to Regulation (EU) No 549/2013.
ECB,SBRDNTD_DBT_0,0,Not applicable,SBRDNTD_DBT,Not applicable
ECB,TYP_AMRTSTN_2,2,German,TYP_AMRTSTN,"Amortisation in which the first instalment is interest-only and the remaining instalments are constant, including capital amortisation and interest."
ECB,TYP_TRNSFR_10,10,Transfer other than securitisation,TYP_TRNSFR,Transfer other than securitisation
ECB,SBRDNTD_DBT_1,1,Subordinated debt,SBRDNTD_DBT,The instrument is a subordinated debt in accordance with the Table in Annex II to Regulation (EU) No 1071/2013 (ECB/2013/33).
ECB,TYP_PRTCTN_17,17,Trade receivables,TYP_PRTCTN,Trade receivables as defined in paragraph 5.41(c) of part 2 of Annex V to Implementing Regulation (EU) No 680/2014.
ECB,TYP_PRTCTN_13,13,Gold,TYP_PRTCTN,Gold in accordance with Regulation (EU) No 575/2013.
ECB,TYP_AMRTSTN_3,3,Fixed amortisation schedule,TYP_AMRTSTN,Amortisation in which the principal amount repaid in each instalment is the same.
ECB,TYP_PRTCTN_-1,-1,All types of protection,TYP_PRTCTN,All types of protection (Total)
ECB,TYP_PRTCTN_42,42,Credit derivatives other than financial guarantees,TYP_PRTCTN,As defined in paragraph 67 (d) of Part 2 of Annex V to Implementing Regulation (EU) No 680/2014. This includes the eligible credit derivatives indicated in Article 204 of Regulation (EU) No 575/2013.
ECB,CRDT_QLTY_213,213,General allowances for banking risk. Part affecting carrying amount,CRDT_QLTY,General allowances for banking risk. Part affecting carrying amount
ECB,GGRPHCL_ARS_0,0,Not applicable,GGRPHCL_ARS,Not applicable
ECB,TYP_PRTCTN_76,76,Physical collateral,TYP_PRTCTN,Physical collateral
ECB,TYP_PRTCTN_91,91,Real estate collateral not located in a member state,TYP_PRTCTN,Real estate collateral not located in a member state
ECB,FRBRNC_STTS_0,0,Not applicable,FRBRNC_STTS,Not applicable
ECB,FRBRNC_STTS_4,4,Forborne: instruments with modified interest rate below market conditions,FRBRNC_STTS,"Forbearance measures apply to instruments with modified terms and conditions, including a modification of interest rate below market conditions in accordance with Regulation (EU) No 1072/2013 (ECB/2013/34)."
ECB,TYP_PRTCTN_72,72,Other financial protection,TYP_PRTCTN,Other financial protection that is not one of the types of protection listed under ‘type of protection’.
ECB,RCGNTN_STTS_4,4,Partially derecognised,RCGNTN_STTS,Partially derecognised
ECB,FRBRNC_STTS_8,8,Not forborne or renegotiated,FRBRNC_STTS,Neither forbearance measures nor renegotiation apply in accordance with Implementing Regulation (EU) No 680/2014.
ECB,RCGNTN_STTS_0,0,Not applicable,RCGNTN_STTS,Not applicable
ECB,CRDT_QLTY_-99,-99,Technical null,CRDT_QLTY,Technical member to represent the null value
ECB,TYP_PRTCTN_23,23,Currency and deposits in the other institutions belonging to the banking group,TYP_PRTCTN,Currency and deposits in the other institutions belonging to the banking group
ECB,TYP_PRTCTN_89,89,Other commodity collateral,TYP_PRTCTN,Other commodity collateral
ECB,TYP_PRTCTN_33,33,"Other than Real estate, Deposits, Debt securities issued",TYP_PRTCTN,"Other than Real estate, Deposits, Debt securities issued"
ECB,TYP_PRTCTN_66,66,Exchange tradable derivative collateral,TYP_PRTCTN,
ECB,TYP_PRTCTN_81,81,Aircraft collateral,TYP_PRTCTN,Aircraft collateral
ECB,TYP_PRTCTN_62,62,Not obtained collateral,TYP_PRTCTN,Not obtained collateral
ECB,TYP_PRTCTN_85,85,Machinery and equiptment collateral,TYP_PRTCTN,Machinery and equiptment collateral
ECB,FRBRNC_STTS_10,10,Exposure with forbearance measures. Forborne twice,FRBRNC_STTS,"Exposures classified as forborne at the reporting reference date, to which forbearance measures have been applied at two different points in time. That includes, among others, originally forborne exposures that exited the forborne status (cured forborne exposures), but were granted new forbearance measures after that."
ECB,GGRPHCL_ARS_EG,EG,Egypt,GGRPHCL_ARS,Egypt
ECB,GGRPHCL_ARS_6C,6C,CE (Council of Europe),GGRPHCL_ARS,CE (Council of Europe)
ECB,GGRPHCL_ARS_6G,6G,EUROCONTROL (European Organisation for the Safety of Air Navigation),GGRPHCL_ARS,EUROCONTROL (European Organisation for the Safety of Air Navigation)
ECB,GGRPHCL_ARS_JP,JP,Japan,GGRPHCL_ARS,Japan
ECB,GGRPHCL_ARS_NI,NI,Nicaragua,GGRPHCL_ARS,Nicaragua
ECB,GGRPHCL_ARS_AZ,AZ,Azerbaijan,GGRPHCL_ARS,Azerbaijan
ECB,GGRPHCL_ARS_EC,EC,Ecuador,GGRPHCL_ARS,Ecuador
ECB,GGRPHCL_ARS_SS,SS,South Sudan,GGRPHCL_ARS,South Sudan
ECB,GGRPHCL_ARS_AR,AR,Argentina,GGRPHCL_ARS,Argentina
ECB,GGRPHCL_ARS_YE,YE,Yemen,GGRPHCL_ARS,Yemen
ECB,RPYMNT_RGHTS_1,1,On demand or short notice,RPYMNT_RGHTS,Instruments which are repayable on demand or at short notice at the request of the creditor.
ECB,GGRPHCL_ARS_RO,RO,Romania,GGRPHCL_ARS,Romania
ECB,GGRPHCL_ARS_NA,NA,Namibia,GGRPHCL_ARS,Namibia
ECB,GGRPHCL_ARS_6O,6O,OECD (Organisation for Economic Co-operation and Development),GGRPHCL_ARS,OECD (Organisation for Economic Co-operation and Development)
ECB,GGRPHCL_ARS_6K,6K,EBU/UER (European Broadcasting Union/Union europeenne de radio-television),GGRPHCL_ARS,EBU/UER (European Broadcasting Union/Union europeenne de radio-television)
ECB,GGRPHCL_ARS_NE,NE,Niger (the),GGRPHCL_ARS,Niger (the)
ECB,RPYMNT_RGHTS_5,5,"With agreed maturity, Redeemable at notice",RPYMNT_RGHTS,Repayment right with agreed maturity or reedemable at notice
ECB,GGRPHCL_ARS_WF,WF,Wallis and Futuna,GGRPHCL_ARS,Wallis and Futuna
ECB,GGRPHCL_ARS_KH,KH,Cambodia,GGRPHCL_ARS,Cambodia
ECB,GGRPHCL_ARS_NU,NU,Niue,GGRPHCL_ARS,Niue
ECB,GGRPHCL_ARS_DK,DK,Denmark,GGRPHCL_ARS,Denmark
ECB,GGRPHCL_ARS_AF,AF,Afghanistan,GGRPHCL_ARS,Afghanistan
ECB,GGRPHCL_ARS_7O,7O,The Eastern and Southern African Trade and Development Bank,GGRPHCL_ARS,The Eastern and Southern African Trade and Development Bank
ECB,GGRPHCL_ARS_SO,SO,Somalia,GGRPHCL_ARS,Somalia
ECB,GGRPHCL_ARS_SK,SK,Slovakia,GGRPHCL_ARS,Slovakia
ECB,GGRPHCL_ARS_-1,-1,All countries,GGRPHCL_ARS,All countries
ECB,GGRPHCL_ARS_7K,7K,RDC (Fonds Belgo-Congolais d`Amortissement et de Gestion),GGRPHCL_ARS,RDC (Fonds Belgo-Congolais d`Amortissement et de Gestion)
ECB,GGRPHCL_ARS_DO,DO,Dominican Republic (the),GGRPHCL_ARS,Dominican Republic (the)
ECB,GGRPHCL_ARS_VN,VN,Viet Nam,GGRPHCL_ARS,Viet Nam
ECB,GGRPHCL_ARS_RW,RW,Rwanda,GGRPHCL_ARS,Rwanda
ECB,GGRPHCL_ARS_SC,SC,Seychelles,GGRPHCL_ARS,Seychelles
ECB,GGRPHCL_ARS_OM,OM,Oman,GGRPHCL_ARS,Oman
ECB,GGRPHCL_ARS_7C,7C,EDB (Eurasian Development Bank ),GGRPHCL_ARS,EDB (Eurasian Development Bank )
ECB,GGRPHCL_ARS_ES,ES,Spain,GGRPHCL_ARS,Spain
ECB,GGRPHCL_ARS_7G,7G,BSTDB (Black Sea Trade and Development Bank),GGRPHCL_ARS,BSTDB (Black Sea Trade and Development Bank)
ECB,GGRPHCL_ARS_KP,KP,Korea (the Democratic People's Republic of),GGRPHCL_ARS,Korea (the Democratic People's Republic of)
ECB,GGRPHCL_ARS_U3,U3,Intra EU Extra Euro Area (EU Member States and institutions not belonging to the Euro area) changing composition,GGRPHCL_ARS,Intra EU Extra Euro Area (EU Member States and institutions not belonging to the Euro area) changing composition
ECB,GGRPHCL_ARS_AN,AN,Netherlands Antilles,GGRPHCL_ARS,Netherlands Antilles
ECB,GGRPHCL_ARS_SG,SG,Singapore,GGRPHCL_ARS,Singapore
ECB,TYP_TRNSFR_-99,-99,Technical null,TYP_TRNSFR,Technical member to represent the null value
ECB,GGRPHCL_ARS_RS,RS,Serbia,GGRPHCL_ARS,Serbia
ECB,GGRPHCL_ARS_CF,CF,Central African Republic (the),GGRPHCL_ARS,Central African Republic (the)
ECB,GGRPHCL_ARS_MA,MA,Morocco,GGRPHCL_ARS,Morocco
ECB,GGRPHCL_ARS_1V,1V,UPU (Universal Postal Union),GGRPHCL_ARS,UPU (Universal Postal Union)
ECB,GGRPHCL_ARS_5O,5O,BCEAO (Banque Centrale des Etats de l`Afrique de l`Ouest),GGRPHCL_ARS,West African Central Bank
ECB,TYP_PRTCTN_106,106,Offices and commercial premises not related to land collateral,TYP_PRTCTN,
ECB,TYP_INSTRMNT_4,4,Instrument resulting from a Credit facility,TYP_INSTRMNT,Instrument resulting from a Credit facility
ECB,GGRPHCL_ARS_LU,LU,Luxembourg,GGRPHCL_ARS,Luxembourg
ECB,GGRPHCL_ARS_FK,FK,Falkland Islands (the) [Malvinas],GGRPHCL_ARS,Falkland Islands (the) [Malvinas]
ECB,GGRPHCL_ARS_BR,BR,Brazil,GGRPHCL_ARS,Brazil
ECB,TYP_INSTRMNT_0,0,Not applicable,TYP_INSTRMNT,Not applicable
ECB,GGRPHCL_ARS_R2,R2,EFTA (European Free Trade Association),GGRPHCL_ARS,EFTA (European Free Trade Association)
ECB,GGRPHCL_ARS_BV,BV,Bouvet Island,GGRPHCL_ARS,Bouvet Island
ECB,GGRPHCL_ARS_FO,FO,Faroe Islands (the),GGRPHCL_ARS,Faroe Islands (the)
ECB,GGRPHCL_ARS_ZA,ZA,South Africa,GGRPHCL_ARS,South Africa
ECB,GGRPHCL_ARS_TF,TF,French Southern Territories (the),GGRPHCL_ARS,French Southern Territories (the)
ECB,GGRPHCL_ARS_5K,5K,IIB (International Investment Bank),GGRPHCL_ARS,IIB (International Investment Bank)
ECB,GGRPHCL_ARS_1R,1R,IAEA (International Atomic Energy Agency),GGRPHCL_ARS,IAEA (International Atomic Energy Agency)
ECB,GGRPHCL_ARS_ME,ME,Montenegro,GGRPHCL_ARS,Montenegro
ECB,PRDNTL_PRTFL_1,1,Trading book,PRDNTL_PRTFL,Instruments in the trading book as defined in Article 4(1)(86) of Regulation (EU) No 575/2013.
ECB,GGRPHCL_ARS_UZ,UZ,Uzbekistan,GGRPHCL_ARS,Uzbekistan
ECB,GGRPHCL_ARS_IT,IT,Italy,GGRPHCL_ARS,Italy
ECB,GGRPHCL_ARS_MM,MM,Myanmar,GGRPHCL_ARS,Myanmar
ECB,GGRPHCL_ARS_5C,5C,IADB (Inter-American Development Bank),GGRPHCL_ARS,IADB (Inter-American Development Bank)
ECB,GGRPHCL_ARS_GS,GS,South Georgia and the South Sandwich Islands,GGRPHCL_ARS,South Georgia and the South Sandwich Islands
ECB,TYP_INSTRMNT_8,8,Other OTC Swap,TYP_INSTRMNT,Other OTC Swap
ECB,GGRPHCL_ARS_4W,4W,European Financial Stability Facility (EFSF),GGRPHCL_ARS,European Financial Stability Facility (EFSF)
ECB,GGRPHCL_ARS_LY,LY,Libya,GGRPHCL_ARS,Libya
ECB,GGRPHCL_ARS_PW,PW,Palau,GGRPHCL_ARS,Palau
ECB,GGRPHCL_ARS_TN,TN,Tunisia,GGRPHCL_ARS,Tunisia
ECB,GGRPHCL_ARS_TJ,TJ,Tajikistan,GGRPHCL_ARS,Tajikistan
ECB,GGRPHCL_ARS_PS,PS,"Palestine, State of",GGRPHCL_ARS,"Palestine, State of"
ECB,GGRPHCL_ARS_ZM,ZM,Zambia,GGRPHCL_ARS,Zambia
ECB,GGRPHCL_ARS_BZ,BZ,Belize,GGRPHCL_ARS,Belize
ECB,GGRPHCL_ARS_4S,4S,ESM (European Stability Mechanism),GGRPHCL_ARS,ESM (European Stability Mechanism)
ECB,GGRPHCL_ARS_5G,5G,IIC (Inter-American Investment Corporation),GGRPHCL_ARS,IIC (Inter-American Investment Corporation)
ECB,GGRPHCL_ARS_GW,GW,Guinea-Bissau,GGRPHCL_ARS,Guinea-Bissau
ECB,GGRPHCL_ARS_CN,CN,China,GGRPHCL_ARS,"China excluding Taiwan (TW), Hong Kong (HK), Macao (MO)"
ECB,SRC_ENCMBRNC_7,7,Over-the-counter derivatives,SRC_ENCMBRNC,Over-the-counter derivatives in accordance with the EBA’s implementing technical standards on asset encumbrance reporting as referred to in Article 99(5) and Article 100 of Regulation (EU) No 575/2013.
ECB,GGRPHCL_ARS_X0,X0,GGRPHCL_ARS_X0,GGRPHCL_ARS,
ECB,GGRPHCL_ARS_HT,HT,Haiti,GGRPHCL_ARS,Haiti
ECB,GGRPHCL_ARS_4C,4C,EIB (European Investment Bank),GGRPHCL_ARS,EIB (European Investment Bank)
ECB,GGRPHCL_ARS_BJ,BJ,Benin,GGRPHCL_ARS,Benin
ECB,GGRPHCL_ARS_TZ,TZ,"Tanzania, United Republic of",GGRPHCL_ARS,"Tanzania, United Republic of"
ECB,GGRPHCL_ARS_GG,GG,Guernsey,GGRPHCL_ARS,Guernsey
ECB,GGRPHCL_ARS_5W,5W,BEAC (Banque des Etats de l`Afrique Centrale),GGRPHCL_ARS,BEAC (Banque des Etats de l`Afrique Centrale)
ECB,GGRPHCL_ARS_1N,1N,MIGA (Multilateral Investment Guarantee Agency),GGRPHCL_ARS,MIGA (Multilateral Investment Guarantee Agency)
ECB,GGRPHCL_ARS_MY,MY,Malaysia,GGRPHCL_ARS,Malaysia
ECB,GGRPHCL_ARS_CZ,CZ,Czechia,GGRPHCL_ARS,Czechia
ECB,GGRPHCL_ARS_ID,ID,Indonesia,GGRPHCL_ARS,Indonesia
ECB,GGRPHCL_ARS_1J,1J,FAO (Food and Agriculture Organisation),GGRPHCL_ARS,FAO (Food and Agriculture Organisation)
ECB,GGRPHCL_ARS_5S,5S,SDF (Fonds special unifie de developpement),GGRPHCL_ARS,Special Development Fund (related to the Caribbean Development Bank)
ECB,GGRPHCL_ARS_N$,N$,Non-European International Organisations,GGRPHCL_ARS,Non-European International Organisations
ECB,GGRPHCL_ARS_PG,PG,Papua New Guinea,GGRPHCL_ARS,Papua New Guinea
ECB,GGRPHCL_ARS_4G,4G,EIF (European Investment Fund),GGRPHCL_ARS,EIF (European Investment Fund)
ECB,GGRPHCL_ARS_LI,LI,Liechtenstein,GGRPHCL_ARS,Liechtenstein
ECB,GGRPHCL_ARS_BN,BN,Brunei Darussalam,GGRPHCL_ARS,Brunei Darussalam
ECB,GGRPHCL_ARS_TV,TV,Tuvalu,GGRPHCL_ARS,Tuvalu
ECB,GGRPHCL_ARS_J5,J5,Extra-Euro area 16 (fixed composition),GGRPHCL_ARS,Extra-Euro area 16 (fixed composition)
ECB,GGRPHCL_ARS_BF,BF,Burkina Faso,GGRPHCL_ARS,Burkina Faso
ECB,GGRPHCL_ARS_LA,LA,Lao People's Democratic Republic (the),GGRPHCL_ARS,Lao People's Democratic Republic (the)
ECB,GGRPHCL_ARS_1B,1B,United Nations organisations,GGRPHCL_ARS,United Nations organisations
ECB,GGRPHCL_ARS_MU,MU,Mauritius,GGRPHCL_ARS,Mauritius
ECB,GGRPHCL_ARS_IL,IL,Israel,GGRPHCL_ARS,Israel
ECB,GGRPHCL_ARS_CR,CR,Costa Rica,GGRPHCL_ARS,Costa Rica
ECB,GGRPHCL_ARS__X,_X,Not allocated/ unspecified/not assigned,GGRPHCL_ARS,Not allocated/ unspecified/not assigned
ECB,GGRPHCL_ARS_MQ,MQ,Martinique,GGRPHCL_ARS,Martinique
ECB,GGRPHCL_ARS_1F,1F,IDA (International Development Association),GGRPHCL_ARS,IDA (International Development Association)
ECB,GGRPHCL_ARS_CV,CV,Cabo Verde,GGRPHCL_ARS,Cabo Verde
ECB,GGRPHCL_ARS_BB,BB,Barbados,GGRPHCL_ARS,Barbados
ECB,GGRPHCL_ARS_PK,PK,Pakistan,GGRPHCL_ARS,Pakistan
ECB,GGRPHCL_ARS_TR,TR,Turkey,GGRPHCL_ARS,Turkey
ECB,GGRPHCL_ARS_J1,J1,Extra-Euro area 11 (fixed composition),GGRPHCL_ARS,Extra-Euro area 11 (fixed composition)
ECB,GGRPHCL_ARS_4F,4F,ECB (European Central Bank),GGRPHCL_ARS,ECB (European Central Bank)
ECB,GGRPHCL_ARS_BO,BO,Bolivia (Plurinational State of),GGRPHCL_ARS,Bolivia (Plurinational State of)
ECB,GGRPHCL_ARS_PF,PF,French Polynesia,GGRPHCL_ARS,French Polynesia
ECB,GGRPHCL_ARS_GB,GB,United Kingdom of Great Britain and Northern Ireland (the),GGRPHCL_ARS,United Kingdom of Great Britain and Northern Ireland (the)
ECB,GGRPHCL_ARS_IE,IE,Ireland,GGRPHCL_ARS,Ireland
ECB,GGRPHCL_ARS_5R,5R,AsDF (Asian Development Fund),GGRPHCL_ARS,AsDF (Asian Development Fund)
ECB,GGRPHCL_ARS_1K,1K,WHO (World Health Organisation),GGRPHCL_ARS,WHO (World Health Organisation)
ECB,GGRPHCL_ARS_GF,GF,French Guiana,GGRPHCL_ARS,French Guiana
ECB,GGRPHCL_ARS_1O,1O,UNICEF (United Nations Children Fund),GGRPHCL_ARS,UNICEF (United Nations Children Fund)
ECB,GGRPHCL_ARS_5V,5V,Other International Organizations (financial institutions),GGRPHCL_ARS,Other International Organizations (financial institutions)
ECB,GGRPHCL_ARS_MX,MX,Mexico,GGRPHCL_ARS,Mexico
ECB,GGRPHCL_ARS_HU,HU,Hungary,GGRPHCL_ARS,Hungary
ECB,GGRPHCL_ARS_4B,4B,EMS (European Monetary System),GGRPHCL_ARS,EMS (European Monetary System)
ECB,GGRPHCL_ARS_FR,FR,France,GGRPHCL_ARS,"France excluding Guadeloupe (GP), Guyane (GF), La Réunion (RE), Martinique (MQ), Mayotte (YT), Nouvelle-Calédonie (NC), Polynésie française (PF), Saint-Barthélemy (BL), Saint-Martin (MF), Saint-Pierre-et-Miquelon (PM), Terres australes françaises (TF), Wallis-et-Futuna (WF)"
ECB,GGRPHCL_ARS_4J,4J,"Other European Union Institutions, Organs and Organisms covered by General budget",GGRPHCL_ARS,"Other European Union Institutions, Organs and Organisms covered by General budget"
ECB,GGRPHCL_ARS_MP,MP,Northern Mariana Islands (the),GGRPHCL_ARS,Northern Mariana Islands (the)
ECB,GGRPHCL_ARS_1G,1G,ICSID (International Centre for Settlement of Investment Disputes),GGRPHCL_ARS,ICSID (International Centre for Settlement of Investment Disputes)
ECB,GGRPHCL_ARS_GN,GN,Guinea,GGRPHCL_ARS,Guinea
ECB,GGRPHCL_ARS_CW,CW,Curacao,GGRPHCL_ARS,Curacao
ECB,GGRPHCL_ARS_UG,UG,Uganda,GGRPHCL_ARS,Uganda
ECB,GGRPHCL_ARS_5Z,5Z,Other International Financial Organisations n.i.e.,GGRPHCL_ARS,Other International Financial Organisations n.i.e.
ECB,GGRPHCL_ARS_1C,1C,IMF (International Monetary Fund),GGRPHCL_ARS,IMF (International Monetary Fund)
ECB,GGRPHCL_ARS_IM,IM,Isle of Man,GGRPHCL_ARS,Isle of Man
ECB,GGRPHCL_ARS_MT,MT,Malta,GGRPHCL_ARS,Malta
ECB,GGRPHCL_ARS_CS,CS,Serbia and Montenegro,GGRPHCL_ARS,Serbia and Montenegro
ECB,GGRPHCL_ARS_BG,BG,Bulgaria,GGRPHCL_ARS,Bulgaria
ECB,GGRPHCL_ARS_PN,PN,Pitcairn,GGRPHCL_ARS,Pitcairn
ECB,GGRPHCL_ARS_TW,TW,Taiwan (Province of China),GGRPHCL_ARS,Taiwan (Province of China)
ECB,GGRPHCL_ARS_J4,J4,Extra-Euro area 15 (fixed composition),GGRPHCL_ARS,Extra-Euro area 15 (fixed composition)
ECB,GGRPHCL_ARS_CC,CC,Cocos (Keeling) Islands (the),GGRPHCL_ARS,Cocos (Keeling) Islands (the)
ECB,GGRPHCL_ARS_1S,1S,ILO (International Labour Organisation),GGRPHCL_ARS,ILO (International Labour Organisation)
ECB,GGRPHCL_ARS_5J,5J,IBEC (International Bank for Economic Co-operation),GGRPHCL_ARS,IBEC (International Bank for Economic Co-operation)
ECB,GGRPHCL_ARS_MD,MD,Moldova (the Republic of),GGRPHCL_ARS,Moldova (the Republic of)
ECB,GGRPHCL_ARS_US,US,United States of America (the),GGRPHCL_ARS,"United States excluding American Samoa (AS), Guam (GU), Northern Mariana Islands (MP), Puerto Rico (PR), United States Minor Outlying Islands (UM), Virgin Islands, U.S. (VI)"
ECB,GGRPHCL_ARS_TG,TG,Togo,GGRPHCL_ARS,Togo
ECB,TYP_INSTRMNT_1,1,Over the counter (OTC) Derivative instrument,TYP_INSTRMNT,Over the counter (OTC) Derivative instrument
ECB,GGRPHCL_ARS_R3,R3,NAFTA (North American Free Trade Association),GGRPHCL_ARS,NAFTA (North American Free Trade Association)
ECB,GGRPHCL_ARS_BW,BW,Botswana,GGRPHCL_ARS,Botswana
ECB,TYP_INSTRMNT_5,5,Other OTC Derivative instrument,TYP_INSTRMNT,Other OTC Derivative instrument
ECB,GGRPHCL_ARS_HM,HM,Heard Island and McDonald Islands,GGRPHCL_ARS,Heard Island and McDonald Islands
ECB,GGRPHCL_ARS_LT,LT,Lithuania,GGRPHCL_ARS,Lithuania
ECB,GGRPHCL_ARS_BS,BS,Bahamas (the),GGRPHCL_ARS,Bahamas (the)
ECB,GGRPHCL_ARS_FJ,FJ,Fiji,GGRPHCL_ARS,Fiji
ECB,GGRPHCL_ARS_TC,TC,Turks and Caicos Islands (the),GGRPHCL_ARS,Turks and Caicos Islands (the)
ECB,TYP_PRTCTN_107,107,Land excluding agriculture,TYP_PRTCTN,
ECB,GGRPHCL_ARS_CG,CG,Congo (the),GGRPHCL_ARS,Congo (the)
ECB,GGRPHCL_ARS_5N,5N,BADEA (Banque arabe pour le developpement economique en Afrique),GGRPHCL_ARS,Arab Bank for Economic Development in Africa
ECB,GGRPHCL_ARS_1W,1W,World Bank Group,GGRPHCL_ARS,World Bank Group
ECB,SRC_ENCMBRNC_6,6,Exchange traded derivatives,SRC_ENCMBRNC,Exchange traded derivatives in accordance with the EBA’s implementing technical standards on asset encumbrance reporting as referred to in Article 99(5) and Article 100 of Regulation (EU) No 575/2013.
ECB,GGRPHCL_ARS_5F,5F,EBRD (European Bank for Reconstruction and Development),GGRPHCL_ARS,EBRD (European Bank for Reconstruction and Development)
ECB,GGRPHCL_ARS_IQ,IQ,Iraq,GGRPHCL_ARS,Iraq
ECB,GGRPHCL_ARS_MH,MH,Marshall Islands (the),GGRPHCL_ARS,Marshall Islands (the)
ECB,GGRPHCL_ARS_CO,CO,Colombia,GGRPHCL_ARS,Colombia
ECB,GGRPHCL_ARS_W2,W2,Domestic (home or reference area),GGRPHCL_ARS,Domestic (home or reference area)
ECB,TYP_PRTCTN_252,252,Financial guarantees for exposures with RE Residential collateral,TYP_PRTCTN,Financial guarantees for exposures with RE Residential collateral
ECB,GGRPHCL_ARS_4R,4R,EU-Africa Infrastructure Trust Fund,GGRPHCL_ARS,EU-Africa Infrastructure Trust Fund
ECB,GGRPHCL_ARS_PR,PR,Puerto Rico,GGRPHCL_ARS,Puerto Rico
ECB,GGRPHCL_ARS_TK,TK,Tokelau,GGRPHCL_ARS,Tokelau
ECB,GGRPHCL_ARS_N1,N1,CEMAC (Communauté Économique et Monétaire de l'Afrique Centrale),GGRPHCL_ARS,CEMAC (Communauté Économique et Monétaire de l'Afrique Centrale)
ECB,GGRPHCL_ARS_TO,TO,Tonga,GGRPHCL_ARS,Tonga
ECB,TYP_INSTRMNT_9,9,OTC Credit spread option,TYP_INSTRMNT,OTC Credit spread option
ECB,GGRPHCL_ARS_4V,4V,FEMIP (Facility for Euro-Mediterranean Investment and Partnership),GGRPHCL_ARS,FEMIP (Facility for Euro-Mediterranean Investment and Partnership)
ECB,GGRPHCL_ARS_ML,ML,Mali,GGRPHCL_ARS,Mali
ECB,GGRPHCL_ARS_5B,5B,BIS (Bank for International Settlements),GGRPHCL_ARS,BIS (Bank for International Settlements)
ECB,GGRPHCL_ARS_GR,GR,Greece,GGRPHCL_ARS,Greece
ECB,GGRPHCL_ARS_CK,CK,Cook Islands (the),GGRPHCL_ARS,Cook Islands (the)
ECB,PRDNTL_PRTFL_0,0,Not applicable,PRDNTL_PRTFL,Not applicable
ECB,GGRPHCL_ARS_VG,VG,Virgin Islands (British),GGRPHCL_ARS,Virgin Islands (British)
ECB,GGRPHCL_ARS_NP,NP,Nepal,GGRPHCL_ARS,Nepal
ECB,GGRPHCL_ARS_7J,7J,FLAR (Fondo Latino Americano de Reservas),GGRPHCL_ARS,LARF (Latin American Reserve Fund)
ECB,GGRPHCL_ARS_SJ,SJ,Svalbard and Jan Mayen,GGRPHCL_ARS,Svalbard and Jan Mayen
ECB,GGRPHCL_ARS_WS,WS,Samoa,GGRPHCL_ARS,Samoa
ECB,GGRPHCL_ARS_YT,YT,Mayotte,GGRPHCL_ARS,Mayotte
ECB,GGRPHCL_ARS_SN,SN,Senegal,GGRPHCL_ARS,Senegal
ECB,GGRPHCL_ARS_AG,AG,Antigua and Barbuda,GGRPHCL_ARS,Antigua and Barbuda
ECB,GGRPHCL_ARS_KY,KY,Cayman Islands (the),GGRPHCL_ARS,Cayman Islands (the)
ECB,GGRPHCL_ARS_6Z,6Z,Other International Non-Financial Organisations n.i.e.,GGRPHCL_ARS,Other International Non-Financial Organisations n.i.e.
ECB,GGRPHCL_ARS_JM,JM,Jamaica,GGRPHCL_ARS,Jamaica
ECB,GGRPHCL_ARS_DJ,DJ,Djibouti,GGRPHCL_ARS,Djibouti
ECB,GGRPHCL_ARS_VC,VC,Saint Vincent and the Grenadines,GGRPHCL_ARS,Saint Vincent and the Grenadines
ECB,GGRPHCL_ARS_JE,JE,Jersey,GGRPHCL_ARS,Jersey
ECB,GGRPHCL_ARS_6R,6R,International Iberian Nanotechnology Laboratory,GGRPHCL_ARS,International Iberian Nanotechnology Laboratory
ECB,GGRPHCL_ARS_7F,7F,International Union of Credit and Investment Insurers,GGRPHCL_ARS,International Union of Credit and Investment Insurers
ECB,GGRPHCL_ARS_U2,U2,Euro area (Member States and Institutions of the Euro Area) changing composition,GGRPHCL_ARS,Euro area (Member States and Institutions of the Euro Area) changing composition
ECB,GGRPHCL_ARS_AO,AO,Angola,GGRPHCL_ARS,Angola
ECB,GGRPHCL_ARS_9A,9A,International Organisations excluding European Union Institutions,GGRPHCL_ARS,International Organisations excluding European Union Institutions
ECB,GGRPHCL_ARS_7B,7B,IDB (Islamic Development Bank),GGRPHCL_ARS,IDB (Islamic Development Bank)
ECB,GGRPHCL_ARS_ER,ER,Eritrea,GGRPHCL_ARS,Eritrea
ECB,GGRPHCL_ARS_SB,SB,Solomon Islands,GGRPHCL_ARS,Solomon Islands
ECB,GGRPHCL_ARS_SR,SR,Suriname,GGRPHCL_ARS,Suriname
ECB,GGRPHCL_ARS_KE,KE,Kenya,GGRPHCL_ARS,Kenya
ECB,GGRPHCL_ARS_6F,6F,EPO (European Patent Office),GGRPHCL_ARS,EPO (European Patent Office)
ECB,GGRPHCL_ARS_Z5,Z5,World not allocated (geographically),GGRPHCL_ARS,World not allocated (geographically)
ECB,GGRPHCL_ARS_XX,XX,No country identified,GGRPHCL_ARS,No country identified
ECB,GGRPHCL_ARS_NL,NL,Netherlands (the),GGRPHCL_ARS,"Netherlands excluding Aruba (AW), Bonaire, Saint Eustatius and Saba (BQ), Curacao (CW), Sint Maarten (SX)"
ECB,GGRPHCL_ARS_6B,6B,NATO (North Atlantic Treaty Organisation),GGRPHCL_ARS,NATO (North Atlantic Treaty Organisation)
ECB,TYP_PRTCTN_-99,-99,Technical null,TYP_PRTCTN,Technical member to represent the null value
ECB,GGRPHCL_ARS_SV,SV,El Salvador,GGRPHCL_ARS,El Salvador
ECB,FRBRNC_STTS_11,11,Exposure with forbearance measures. Forborne more than twice,FRBRNC_STTS,"Exposures classified as forborne at the reporting reference date, to which forbearance measures have been applied at more than two different points in time. That includes, among others, originally forborne exposures that exited the forborne status (cured forborne exposures), but were granted new forbearance measures after that."
ECB,GGRPHCL_ARS_KI,KI,Kiribati,GGRPHCL_ARS,Kiribati
ECB,GGRPHCL_ARS_AW,AW,Aruba,GGRPHCL_ARS,Aruba
ECB,RPYMNT_RGHTS_4,4,Redeemable at notice,RPYMNT_RGHTS,Non-transferable. Without any agreed maturity which cannot be converted into currency without a period of prior notice; before the expiry the conversion into currency is not possible or possible only with a penalty. Reg EU 1071/2013
ECB,RCGNTN_STTS_-1,-1,All types of recognition status,RCGNTN_STTS,Member that represents all types of recognition status (Total).
ECB,GGRPHCL_ARS_DZ,DZ,Algeria,GGRPHCL_ARS,Algeria
ECB,GGRPHCL_ARS_6J,6J,INTELSAT (International Telecommunications Satellite Organisation),GGRPHCL_ARS,INTELSAT (International Telecommunications Satellite Organisation)
ECB,GGRPHCL_ARS_Z9,Z9,EU 15 (fixed composition) excluding LU,GGRPHCL_ARS,EU 15 (fixed composition) excluding LU
ECB,GGRPHCL_ARS_6N,6N,ECMWF (European Centre for Medium-Range Weather Forecasts),GGRPHCL_ARS,ECMWF (European Centre for Medium-Range Weather Forecasts)
ECB,RPYMNT_RGHTS_0,0,Not applicable,RPYMNT_RGHTS,Not applicable
ECB,GGRPHCL_ARS_SZ,SZ,Swaziland,GGRPHCL_ARS,Swaziland
ECB,GGRPHCL_ARS_KM,KM,Comoros (the),GGRPHCL_ARS,Comoros (the)
ECB,GGRPHCL_ARS_AS,AS,American Samoa,GGRPHCL_ARS,American Samoa
ECB,GGRPHCL_ARS_NZ,NZ,New Zealand,GGRPHCL_ARS,New Zealand
ECB,GGRPHCL_ARS_KW,KW,Kuwait,GGRPHCL_ARS,Kuwait
ECB,GGRPHCL_ARS_U4,U4,Extra Euro area (changing composition),GGRPHCL_ARS,Extra Euro area (changing composition)
ECB,GGRPHCL_ARS_AI,AI,Anguilla,GGRPHCL_ARS,Anguilla
ECB,GGRPHCL_ARS_SD,SD,Sudan (the),GGRPHCL_ARS,Sudan (the)
ECB,GGRPHCL_ARS_7D,7D,Paris Club Creditor Institutions,GGRPHCL_ARS,Paris Club Creditor Institutions
ECB,GGRPHCL_ARS_AM,AM,Armenia,GGRPHCL_ARS,Armenia
ECB,GGRPHCL_ARS_ET,ET,Ethiopia,GGRPHCL_ARS,Ethiopia
ECB,GGRPHCL_ARS_6P,6P,CERN (European Organisation for Nuclear Research),GGRPHCL_ARS,CERN (European Organisation for Nuclear Research)
ECB,GGRPHCL_ARS_VI,VI,Virgin Islands (U.S.),GGRPHCL_ARS,Virgin Islands (U.S.)
ECB,GGRPHCL_ARS_JO,JO,Jordan,GGRPHCL_ARS,Jordan
ECB,GGRPHCL_ARS_VA,VA,Holy See (the),GGRPHCL_ARS,Holy See (the)
ECB,GGRPHCL_ARS_SL,SL,Sierra Leone,GGRPHCL_ARS,Sierra Leone
ECB,GGRPHCL_ARS_AE,AE,United Arab Emirates (the),GGRPHCL_ARS,United Arab Emirates (the)
ECB,GGRPHCL_ARS_U8,U8,All areas other than Euro area and ref./home area,GGRPHCL_ARS,All areas other than Euro area and ref./home area
ECB,GGRPHCL_ARS_7L,7L,IFFIm (International finance Facility for Immunisation),GGRPHCL_ARS,IFFIm (International finance Facility for Immunisation)
ECB,GGRPHCL_ARS_7H,7H,AFREXIMBANK (African Export-Import Bank),GGRPHCL_ARS,AFREXIMBANK (African Export-Import Bank)
ECB,GGRPHCL_ARS_SH,SH,"Saint Helena, Ascension and Tristan da Cunha",GGRPHCL_ARS,"Saint Helena, Ascension and Tristan da Cunha"
ECB,GGRPHCL_ARS_I2,I2,Euro area 12 (fixed composition) as of 1 January 2001,GGRPHCL_ARS,Euro area 12 (fixed composition) as of 1 January 2001
ECB,GGRPHCL_ARS_VE,VE,Venezuela (Bolivarian Republic of),GGRPHCL_ARS,Venezuela (Bolivarian Republic of)
ECB,GGRPHCL_ARS_NR,NR,Nauru,GGRPHCL_ARS,Nauru
ECB,RPYMNT_RGHTS_2,2,Other than on demand or short notice,RPYMNT_RGHTS,Instruments subject to repayment rights other than on demand or at short notice.
ECB,GGRPHCL_ARS_SX,SX,Sint Maarten (Dutch part),GGRPHCL_ARS,Sint Maarten (Dutch part)
ECB,GGRPHCL_ARS_AQ,AQ,Antarctica,GGRPHCL_ARS,Antarctica
ECB,GGRPHCL_ARS_EH,EH,Western Sahara,GGRPHCL_ARS,Western Sahara
ECB,FRBRNC_STTS_-1,-1,All exposures with or without a renegotiated instrument or forborne,FRBRNC_STTS,Member that represents all exposures with or without a renegotiated instrument or forborne (Total).
ECB,GGRPHCL_ARS_6L,6L,EUMETSAT (European Organisation for the Exploitation of Meteorological Satellites),GGRPHCL_ARS,EUMETSAT (European Organisation for the Exploitation of Meteorological Satellites)
ECB,GGRPHCL_ARS_VU,VU,Vanuatu,GGRPHCL_ARS,Vanuatu
ECB,GGRPHCL_ARS_6H,6H,EUTELSAT (European Telecommunications Satellite Organisation),GGRPHCL_ARS,EUTELSAT (European Telecommunications Satellite Organisation)
ECB,GGRPHCL_ARS_NF,NF,Norfolk Island,GGRPHCL_ARS,Norfolk Island
ECB,GGRPHCL_ARS_AU,AU,Australia,GGRPHCL_ARS,Australia
ECB,RPYMNT_RGHTS_6,6,"On demand or short notice, With agreed maturity, Redeemable at notice",RPYMNT_RGHTS,"Repayment right with agreed maturity, reedemable at notice, or on demand and short notice"
ECB,GGRPHCL_ARS_ST,ST,Sao Tome and Principe,GGRPHCL_ARS,Sao Tome and Principe
ECB,GGRPHCL_ARS_6D,6D,ICRC (International Committee of the Red Cross),GGRPHCL_ARS,ICRC (International Committee of the Red Cross)
ECB,GGRPHCL_ARS_KG,KG,Kyrgyzstan,GGRPHCL_ARS,Kyrgyzstan
ECB,GGRPHCL_ARS_BE,BE,Belgium,GGRPHCL_ARS,Belgium
ECB,GGRPHCL_ARS_LB,LB,Lebanon,GGRPHCL_ARS,Lebanon
ECB,TYP_TRNSFR_100,100,"All types of risk transfer according to CRR, Article (10), (11)",TYP_TRNSFR,"Member that represents all types of risk transfer according to CRR, Article (10), (11)."
ECB,GGRPHCL_ARS_PL,PL,Poland,GGRPHCL_ARS,Poland
ECB,GGRPHCL_ARS_J6,J6,Extra-Euro area 17 (fixed composition),GGRPHCL_ARS,Extra-Euro area 17 (fixed composition)
ECB,GGRPHCL_ARS___,__,Not assigned yet,GGRPHCL_ARS,Not assigned yet
ECB,GGRPHCL_ARS_UA,UA,Ukraine,GGRPHCL_ARS,Ukraine
ECB,GGRPHCL_ARS_1A,1A,International organisations,GGRPHCL_ARS,International organisations
ECB,GGRPHCL_ARS_5X,5X,Asian Infrastructure Investment Bank,GGRPHCL_ARS,Asian Infrastructure Investment Bank
ECB,GGRPHCL_ARS_MV,MV,Maldives,GGRPHCL_ARS,Maldives
ECB,GGRPHCL_ARS_IO,IO,British Indian Ocean Territory (the),GGRPHCL_ARS,British Indian Ocean Territory (the)
ECB,GGRPHCL_ARS_GH,GH,Ghana,GGRPHCL_ARS,Ghana
ECB,GGRPHCL_ARS_MR,MR,Mauritania,GGRPHCL_ARS,Mauritania
ECB,GGRPHCL_ARS_1E,1E,IBRD (International Bank for Reconstruction and Development),GGRPHCL_ARS,IBRD (International Bank for Reconstruction and Development)
ECB,GGRPHCL_ARS_CU,CU,Cuba,GGRPHCL_ARS,Cuba
ECB,GGRPHCL_ARS_GL,GL,Greenland,GGRPHCL_ARS,Greenland
ECB,GGRPHCL_ARS_PH,PH,Philippines (the),GGRPHCL_ARS,Philippines (the)
ECB,TYP_PRTCTN_111,111,Other immaterial rights collateral,TYP_PRTCTN,
ECB,GGRPHCL_ARS_J2,J2,Extra-Euro area 12 (fixed composition),GGRPHCL_ARS,Extra-Euro area 12 (fixed composition)
ECB,GGRPHCL_ARS_BA,BA,Bosnia and Herzegovina,GGRPHCL_ARS,Bosnia and Herzegovina
ECB,GGRPHCL_ARS_FX,FX,France metropolitan,GGRPHCL_ARS,
ECB,GGRPHCL_ARS_4H,4H,ECSC (European Community of Steel and Coal),GGRPHCL_ARS,ECSC (European Community of Steel and Coal)
ECB,GGRPHCL_ARS_BI,BI,Burundi,GGRPHCL_ARS,Burundi
ECB,GGRPHCL_ARS_GD,GD,Grenada,GGRPHCL_ARS,Grenada
ECB,GGRPHCL_ARS_5T,5T,CABEI (Central American Bank for Economic Integration),GGRPHCL_ARS,CABEI (Central American Bank for Economic Integration)
ECB,GGRPHCL_ARS_1M,1M,IFC (International Finance Corporation),GGRPHCL_ARS,IFC (International Finance Corporation)
ECB,GGRPHCL_ARS_MZ,MZ,Mozambique,GGRPHCL_ARS,Mozambique
ECB,GGRPHCL_ARS_UM,UM,United States Minor Outlying Islands (the),GGRPHCL_ARS,United States Minor Outlying Islands (the)
ECB,GGRPHCL_ARS_CY,CY,Cyprus,GGRPHCL_ARS,Cyprus
ECB,GGRPHCL_ARS_5P,5P,CASDB (Central African States Development Bank),GGRPHCL_ARS,CASDB (Central African States Development Bank)
ECB,GGRPHCL_ARS_4D,4D,EC (European Commission),GGRPHCL_ARS,EC (European Commission)
ECB,GGRPHCL_ARS_BM,BM,Bermuda,GGRPHCL_ARS,Bermuda
ECB,GGRPHCL_ARS_MN,MN,Mongolia,GGRPHCL_ARS,Mongolia
ECB,GGRPHCL_ARS_1Y,1Y,WFP (United Nations World Food Programme),GGRPHCL_ARS,WFP (United Nations World Food Programme)
ECB,GGRPHCL_ARS_CI,CI,Cote d'Ivoire,GGRPHCL_ARS,Cote d'Ivoire
ECB,GGRPHCL_ARS_GP,GP,Guadeloupe,GGRPHCL_ARS,Guadeloupe
ECB,SRC_ENCMBRNC_0,0,Not applicable,SRC_ENCMBRNC,Not applicable
ECB,TYP_PRTCTN_109,109,Immaterial rights as collateral,TYP_PRTCTN,
ECB,PRDNTL_PRTFL_2,2,Non-trading book,PRDNTL_PRTFL,Instruments not in the trading book as defined in Article 4(1)(86) of Regulation (EU) No 575/2013.
ECB,GGRPHCL_ARS_UY,UY,Uruguay,GGRPHCL_ARS,Uruguay
ECB,GGRPHCL_ARS_PT,PT,Portugal,GGRPHCL_ARS,Portugal
ECB,GGRPHCL_ARS_TM,TM,Turkmenistan,GGRPHCL_ARS,Turkmenistan
ECB,GGRPHCL_ARS_4T,4T,Joint Committee of the European Supervisory Authorities (ESAs),GGRPHCL_ARS,Joint Committee of the European Supervisory Authorities (ESAs)
ECB,GGRPHCL_ARS_BY,BY,Belarus,GGRPHCL_ARS,Belarus
ECB,GGRPHCL_ARS_5D,5D,AfDB (African Development Bank),GGRPHCL_ARS,AfDB (African Development Bank)
ECB,GGRPHCL_ARS_IS,IS,Iceland,GGRPHCL_ARS,Iceland
ECB,GGRPHCL_ARS_GT,GT,Guatemala,GGRPHCL_ARS,Guatemala
ECB,GGRPHCL_ARS_CM,CM,Cameroon,GGRPHCL_ARS,Cameroon
ECB,GGRPHCL_ARS_W0,W0,"World (all entities, including reference area, including IO)",GGRPHCL_ARS,Rest of the world plus Domestic (home or reference area)
ECB,TYP_PRTCTN_105,105,Offices and commercial premises related to land collateral,TYP_PRTCTN,
ECB,GGRPHCL_ARS_1U,1U,Rest of UN Organisations n.i.e.,GGRPHCL_ARS,Rest of UN Organisations n.i.e.
ECB,GGRPHCL_ARS_5L,5L,CDB (Caribbean Development Bank),GGRPHCL_ARS,CDB (Caribbean Development Bank)
ECB,GGRPHCL_ARS_4X,4X,All the European Union Institutions not financed via the EU Budget (excluding ECB and ESM),GGRPHCL_ARS,All the European Union Institutions not financed via the EU Budget (excluding ECB and ESM)
ECB,TYP_INSTRMNT_7,7,OTC Credit default swap,TYP_INSTRMNT,OTC Credit default swap
ECB,GGRPHCL_ARS_LV,LV,Latvia,GGRPHCL_ARS,Latvia
ECB,GGRPHCL_ARS_R5,R5,OPEC (Organization of Petroleum Exporting Countries),GGRPHCL_ARS,OPEC (Organization of Petroleum Exporting Countries)
ECB,GGRPHCL_ARS_BQ,BQ,"Bonaire, Saint Eustatius and Saba",GGRPHCL_ARS,"Bonaire, Saint Eustatius and Saba"
ECB,GGRPHCL_ARS_HK,HK,Hong Kong,GGRPHCL_ARS,Hong Kong
ECB,GGRPHCL_ARS_LR,LR,Liberia,GGRPHCL_ARS,Liberia
ECB,TYP_INSTRMNT_3,3,Instrument resulting directly from a Financial contract,TYP_INSTRMNT,Instrument resulting directly from a Financial contract
ECB,GGRPHCL_ARS_CA,CA,Canada,GGRPHCL_ARS,Canada
ECB,GGRPHCL_ARS_5H,5H,NIB (Nordic Investment Bank),GGRPHCL_ARS,NIB (Nordic Investment Bank)
ECB,GGRPHCL_ARS_1Q,1Q,UNRWA (United Nations Relief and Works Agency for Palestine),GGRPHCL_ARS,UNRWA (United Nations Relief and Works Agency for Palestine)
ECB,GGRPHCL_ARS_MF,MF,Saint Martin (French part),GGRPHCL_ARS,Saint Martin (French part)
ECB,TYP_PRTCTN_101,101,Land related to commercial real estate corporations,TYP_PRTCTN,"Commercial real estate collateral in the form of land related to commercial real estate corporations, excluding agricultural land."
ECB,SRC_ENCMBRNC_8,8,Deposits - repurchase agreements other than to central banks,SRC_ENCMBRNC,Repurchase agreements other than to central banks in accordance with the EBA’s implementing technical standards on asset encumbrance reporting as referred to in Article 99(5) and Article 100 of Regulation (EU) No 575/2013.
ECB,GGRPHCL_ARS_5E,5E,AsDB (Asian Development Bank),GGRPHCL_ARS,AsDB (Asian Development Bank)
ECB,GGRPHCL_ARS_IR,IR,Iran (Islamic Republic of),GGRPHCL_ARS,Iran (Islamic Republic of)
ECB,GGRPHCL_ARS_MK,MK,Macedonia (the former Yugoslav Republic of),GGRPHCL_ARS,Macedonia (the former Yugoslav Republic of)
ECB,GGRPHCL_ARS_CL,CL,Chile,GGRPHCL_ARS,Chile
ECB,GGRPHCL_ARS_GU,GU,Guam,GGRPHCL_ARS,Guam
ECB,TYP_PRTCTN_251,251,Financial guarantees for exposures with RE Commercial collateral,TYP_PRTCTN,Financial guarantees for exposures with RE Commercial collateral
ECB,GGRPHCL_ARS_W1,W1,Rest of the World,GGRPHCL_ARS,
ECB,SRC_ENCMBRNC_5,5,Central bank funding,SRC_ENCMBRNC,"Central bank funding (of all types, including repos), in accordance with the European Banking Authority’s (EBA) implementing technical standards on asset encumbrance reporting as referred to in Article 99(5) and Article 100 of Regulation (EU) No 575/2013."
ECB,GGRPHCL_ARS_TH,TH,Thailand,GGRPHCL_ARS,Thailand
ECB,GGRPHCL_ARS_N2,N2,ECCU (Eastern Caribbean Currency Union),GGRPHCL_ARS,ECCU (Eastern Caribbean Currency Union)
ECB,GGRPHCL_ARS_4U,4U,EURATOM (European Atomic Energy Community),GGRPHCL_ARS,EURATOM (European Atomic Energy Community)
ECB,GGRPHCL_ARS_TL,TL,Timor-Leste,GGRPHCL_ARS,Timor-Leste
ECB,SRC_ENCMBRNC_1,1,Unencumbered/No encumbrance,SRC_ENCMBRNC,"Instrument which has not been pledged or it is not subject to any form of arrangement to secure, collateralise or credit enhance any instrument from which it cannot be freely withdrawn"
ECB,TYP_PRTCTN_108,108,Land including agriculture,TYP_PRTCTN,
ECB,GGRPHCL_ARS_QA,QA,Qatar,GGRPHCL_ARS,Qatar
ECB,GGRPHCL_ARS_MO,MO,Macao,GGRPHCL_ARS,Macao
ECB,GGRPHCL_ARS_1X,1X,UNODC (United Nations Office on Drugs and Crimes),GGRPHCL_ARS,UNODC (United Nations Office on Drugs and Crimes)
ECB,GGRPHCL_ARS_5A,5A,Other International Organisations (financial institutions),GGRPHCL_ARS,Other International Organisations (financial institutions)
ECB,GGRPHCL_ARS_GQ,GQ,Equatorial Guinea,GGRPHCL_ARS,Equatorial Guinea
ECB,GGRPHCL_ARS_CH,CH,Switzerland,GGRPHCL_ARS,Switzerland
ECB,TYP_PRTCTN_100,100,Not secured,TYP_PRTCTN,The member indicates that the instrument is not secured
ECB,SRC_ENCMBRNC_9,9,Deposits other than repurchase agreements,SRC_ENCMBRNC,Deposits other than repurchase agreements in accordance with the EBA’s implementing technical standards on asset encumbrance reporting as referred to in Article 99(5) and Article 100 of Regulation (EU) No 575/2013.
ECB,GGRPHCL_ARS_GY,GY,Guyana,GGRPHCL_ARS,Guyana
ECB,GGRPHCL_ARS_1P,1P,UNHCR (United Nations High Commissioner for Refugees),GGRPHCL_ARS,UNHCR (United Nations High Commissioner for Refugees)
ECB,GGRPHCL_ARS_5I,5I,ECCB (Eastern Caribbean Central Bank),GGRPHCL_ARS,ECCB (Eastern Caribbean Central Bank)
ECB,GGRPHCL_ARS_MG,MG,Madagascar,GGRPHCL_ARS,Madagascar
ECB,GGRPHCL_ARS_LS,LS,Lesotho,GGRPHCL_ARS,Lesotho
ECB,TYP_INSTRMNT_2,2,Equity instrument that is not a security,TYP_INSTRMNT,Equity instrument that is not a security
ECB,GGRPHCL_ARS_FM,FM,Micronesia (Federated States of),GGRPHCL_ARS,Micronesia (Federated States of)
ECB,GGRPHCL_ARS_BT,BT,Bhutan,GGRPHCL_ARS,Bhutan
ECB,GGRPHCL_ARS_TD,TD,Chad,GGRPHCL_ARS,Chad
ECB,GGRPHCL_ARS_PY,PY,Paraguay,GGRPHCL_ARS,Paraguay
ECB,GGRPHCL_ARS_4Y,4Y,"All European Community Institutions, Organs and Organisms, including ECB and ESM",GGRPHCL_ARS,"All European Community Institutions, Organs and Organisms, including ECB and ESM"
ECB,TYP_INSTRMNT_6,6,OTC Total return swap,TYP_INSTRMNT,OTC Total return swap
ECB,GGRPHCL_ARS_HN,HN,Honduras,GGRPHCL_ARS,Honduras
ECB,GGRPHCL_ARS_R4,R4,ASEAN (Countries for the Association of South-East Asian Nations),GGRPHCL_ARS,ASEAN (Countries for the Association of South-East Asian Nations)
ECB,GGRPHCL_ARS_FI,FI,Finland,GGRPHCL_ARS,Finland excluding Aland (AX)
ECB,GGRPHCL_ARS_CD,CD,Congo (the Democratic Republic of the),GGRPHCL_ARS,Congo (the Democratic Republic of the)
ECB,GGRPHCL_ARS_MC,MC,Monaco,GGRPHCL_ARS,Monaco
ECB,GGRPHCL_ARS_5M,5M,AMF (Arab Monetary Fund),GGRPHCL_ARS,AMF (Arab Monetary Fund)
ECB,GGRPHCL_ARS_1T,1T,ITU (International Telecommunication Union),GGRPHCL_ARS,ITU (International Telecommunication Union)
ECB,GGRPHCL_ARS_4I,4I,NIF (Neighbourhood Investment Facility),GGRPHCL_ARS,NIF (Neighbourhood Investment Facility)
ECB,TYP_PRTCTN_110,110,Software collateral,TYP_PRTCTN,
ECB,GGRPHCL_ARS_ZW,ZW,Zimbabwe,GGRPHCL_ARS,Zimbabwe
ECB,GGRPHCL_ARS_J3,J3,Extra-Euro area 13 (fixed composition),GGRPHCL_ARS,Extra-Euro area 13 (fixed composition)
ECB,SBRDNTD_DBT_-1,-1,Subordinated and non subordinated debt (Total),SBRDNTD_DBT,Subordinated debt indicator (Total)
ECB,GGRPHCL_ARS_MS,MS,Montserrat,GGRPHCL_ARS,Montserrat
ECB,GGRPHCL_ARS_1D,1D,WTO (World Trade Organization),GGRPHCL_ARS,WTO (World Trade Organization)
ECB,GGRPHCL_ARS_GM,GM,Gambia (the),GGRPHCL_ARS,Gambia (the)
ECB,GGRPHCL_ARS_IN,IN,India,GGRPHCL_ARS,India
ECB,GGRPHCL_ARS_MW,MW,Malawi,GGRPHCL_ARS,Malawi
ECB,GGRPHCL_ARS_GI,GI,Gibraltar,GGRPHCL_ARS,Gibraltar
ECB,GGRPHCL_ARS_E$,E$,European International Organisations,GGRPHCL_ARS,European International Organisations
ECB,GGRPHCL_ARS_PM,PM,Saint Pierre and Miquelon,GGRPHCL_ARS,Saint Pierre and Miquelon
ECB,GGRPHCL_ARS_TT,TT,Trinidad and Tobago,GGRPHCL_ARS,Trinidad and Tobago
ECB,GGRPHCL_ARS_D0,D0,Extra-EU (changing composition),GGRPHCL_ARS,Extra-EU (changing composition)
ECB,GGRPHCL_ARS_BD,BD,Bangladesh,GGRPHCL_ARS,Bangladesh
ECB,GGRPHCL_ARS_LC,LC,Saint Lucia,GGRPHCL_ARS,Saint Lucia
ECB,GGRPHCL_ARS_4M,4M,SRB (Single Resolution Board),GGRPHCL_ARS,SRB (Single Resolution Board)
ECB,GGRPHCL_ARS_PE,PE,Peru,GGRPHCL_ARS,Peru
ECB,GGRPHCL_ARS_4E,4E,EDF (European Development Fund),GGRPHCL_ARS,EDF (European Development Fund)
ECB,GGRPHCL_ARS_HR,HR,Croatia,GGRPHCL_ARS,Croatia
ECB,GGRPHCL_ARS_LK,LK,Sri Lanka,GGRPHCL_ARS,Sri Lanka
ECB,GGRPHCL_ARS_BL,BL,Saint Barthélemy,GGRPHCL_ARS,Saint Barthélemy
ECB,GGRPHCL_ARS_CX,CX,Christmas Island,GGRPHCL_ARS,Christmas Island
ECB,GGRPHCL_ARS_GA,GA,Gabon,GGRPHCL_ARS,Gabon
ECB,GGRPHCL_ARS_5Q,5Q,AfDF (African Development Fund),GGRPHCL_ARS,AfDF (African Development Fund)
ECB,GGRPHCL_ARS_1H,1H,"UNESCO (United Nations Educational, Scientific and Cultural Organisation)",GGRPHCL_ARS,"UNESCO (United Nations Educational, Scientific and Cultural Organisation)"
ECB,GGRPHCL_ARS_GE,GE,Georgia,GGRPHCL_ARS,Georgia
ECB,GGRPHCL_ARS_1L,1L,IFAD (International Fund for Agricultural Development),GGRPHCL_ARS,IFAD (International Fund for Agricultural Development)
ECB,GGRPHCL_ARS_5U,5U,ADC (Andean Development Corporation),GGRPHCL_ARS,ADC (Andean Development Corporation)
ECB,GGRPHCL_ARS_4A,4A,All the European Union Institutions excluding the institutions of the euro area (changing composition),GGRPHCL_ARS,All the European Union Institutions excluding the institutions of the euro area (changing composition)
ECB,GGRPHCL_ARS_BH,BH,Bahrain,GGRPHCL_ARS,Bahrain
ECB,GGRPHCL_ARS_PA,PA,Panama,GGRPHCL_ARS,Panama
ECB,GGRPHCL_ARS_AT,AT,Austria,GGRPHCL_ARS,Austria
ECB,GGRPHCL_ARS_6I,6I,EMBL (European Molecular Biology Laboratory),GGRPHCL_ARS,EMBL (European Molecular Biology Laboratory)
ECB,GGRPHCL_ARS_NG,NG,Nigeria,GGRPHCL_ARS,Nigeria
ECB,GGRPHCL_ARS_NC,NC,New Caledonia,GGRPHCL_ARS,New Caledonia
ECB,GGRPHCL_ARS_6M,6M,ESO (European Southern Observatory),GGRPHCL_ARS,ESO (European Southern Observatory)
ECB,GGRPHCL_ARS_7Y,7Y,European Financial Stability Facility (EFSF),GGRPHCL_ARS,European Financial Stability Facility (EFSF)
ECB,GGRPHCL_ARS_KN,KN,Saint Kitts and Nevis,GGRPHCL_ARS,Saint Kitts and Nevis
ECB,RPYMNT_RGHTS_3,3,With agreed maturity,RPYMNT_RGHTS,Non-transferable. Which cannot be converted into currency before an agreed fixed term or that can only be converted into currency before that agreed term provided that the holder is charged some kind of penalty. Reg EU 1071/2013
ECB,GGRPHCL_ARS_SY,SY,Syrian Arab Republic,GGRPHCL_ARS,Syrian Arab Republic
ECB,GGRPHCL_ARS_AX,AX,Aland Islands,GGRPHCL_ARS,Aland Islands
ECB,GGRPHCL_ARS_RE,RE,Réunion,GGRPHCL_ARS,Réunion
ECB,GGRPHCL_ARS_6E,6E,ESA (European Space Agency),GGRPHCL_ARS,ESA (European Space Agency)
ECB,GGRPHCL_ARS_NO,NO,Norway,GGRPHCL_ARS,Norway excluding Svalbard and Jan Mayen (SJ)
ECB,GGRPHCL_ARS_6A,6A,Other International Organisations (non-financial institutions),GGRPHCL_ARS,Other International Organisations (non-financial institutions)
ECB,FRBRNC_STTS_12,12,Exposure with forbearance measures.Forbearance measures granted in addition to already existing forbearance measures,FRBRNC_STTS,"Forborne exposures under probation to which forbearance measures were applied in addition to forbearance measures granted at an earlier point in time, without the exposure having cured in between."
ECB,GGRPHCL_ARS_EE,EE,Estonia,GGRPHCL_ARS,Estonia
ECB,GGRPHCL_ARS_6Q,6Q,IOM (International Organisation for Migration),GGRPHCL_ARS,IOM (International Organisation for Migration)
ECB,GGRPHCL_ARS_7E,7E,CEB (Council of Europe Development Bank),GGRPHCL_ARS,CEB (Council of Europe Development Bank)
ECB,GGRPHCL_ARS_KR,KR,Korea (the Republic of),GGRPHCL_ARS,Korea (the Republic of)
ECB,GGRPHCL_ARS_AL,AL,Albania,GGRPHCL_ARS,Albania
ECB,GGRPHCL_ARS_9B,9B,International organization excluding the BIS and the IMF,GGRPHCL_ARS,International organization excluding the BIS and the IMF
ECB,GGRPHCL_ARS_SE,SE,Sweden,GGRPHCL_ARS,Sweden
ECB,GGRPHCL_ARS_SA,SA,Saudi Arabia,GGRPHCL_ARS,Saudi Arabia
ECB,GGRPHCL_ARS_7A,7A,WAEMU (West African Economic and Monetary Union),GGRPHCL_ARS,WAEMU (West African Economic and Monetary Union)
ECB,GGRPHCL_ARS_U5,U5,Other Euro area member states (all countries except the reference area) (changing composition),GGRPHCL_ARS,Other Euro area member states (all countries except the reference area) (changing composition)
ECB,GGRPHCL_ARS_DE,DE,Germany,GGRPHCL_ARS,Germany
ECB,GGRPHCL_ARS_RU,RU,Russian Federation (the),GGRPHCL_ARS,Russian Federation (the)
ECB,GGRPHCL_ARS_XK,XK,Kosovo,GGRPHCL_ARS,Kosovo
ECB,GGRPHCL_ARS_DM,DM,Dominica,GGRPHCL_ARS,Dominica
ECB,GGRPHCL_ARS_SI,SI,Slovenia,GGRPHCL_ARS,Slovenia
ECB,GGRPHCL_ARS_7I,7I,BLADEX (Banco Latino Americano De Comercio Exterior),GGRPHCL_ARS,Foreign Trade Bank of Latin America
ECB,GGRPHCL_ARS_AD,AD,Andorra,GGRPHCL_ARS,Andorra
ECB,GGRPHCL_ARS_U9,U9,All areas other than EU and ref./home area,GGRPHCL_ARS,All areas other than EU and ref./home area
ECB,GGRPHCL_ARS_KZ,KZ,Kazakhstan,GGRPHCL_ARS,Kazakhstan
ECB,GGRPHCL_ARS_7M,7M,EUROFIMA (European Company for the Financing of Railroad Rolling Stock),GGRPHCL_ARS,EUROFIMA (European Company for the Financing of Railroad Rolling Stock)
ECB,GGRPHCL_ARS_SM,SM,San Marino,GGRPHCL_ARS,San Marino
ECB,GGRPHCL_ARS_G0,GGRPHCL_ARS_G0,European economic area,GGRPHCL_ARS,European economic area
ECB,TYP_INSTRMNT_13,13,Financial guarantee instrument for a Debt security,TYP_INSTRMNT,Financial guarantee instrument for a Debt security
ECB,GGRPHCL_ARS_6A6,6A6,EBID (ECOWAS Bank for Investment and Development),GGRPHCL_ARS,EBID (ECOWAS Bank for Investment and Development)
ECB,GGRPHCL_ARS_4J8,4J8,"Other small European Union Institutions (Ombudsman, Data Protection Supervisor etc.)",GGRPHCL_ARS,"Other small European Union Institutions (Ombudsman, Data Protection Supervisor etc.)"
ECB,GGRPHCL_ARS_6A2,6A2,ASEAN (Association of Southeast Asian Nations),GGRPHCL_ARS,ASEAN (Association of Southeast Asian Nations)
ECB,TYP_INSTRMNT_17,17,Securities financial transaction (SFT),TYP_INSTRMNT,
ECB,RPYMNT_RGHTS_-1,-1,All types of repayment rights,RPYMNT_RGHTS,Member that represents all types of repayment rights (Total).
ECB,TYP_INSTRMNT_-1,-1,All types of instrument,TYP_INSTRMNT,Member that represents all types of instrument (Total).
ECB,TYP_PRTCTN_VL_3,3,Market value,TYP_PRTCTN_VL,The current ‘market value’ of immovable property as defined in Article 4(1)(76) of Regulation (EU) No 575/2013. To be used if the protection is immovable property when the market value is reported in the data attribute 'Protection value'.
ECB,GGRPHCL_ARS_4J4,4J4,ECA (Court of Auditors),GGRPHCL_ARS,ECA (Court of Auditors)
ECB,SRC_ENCMBRNC_16,16,Loan commitments received,SRC_ENCMBRNC,Loan commitments received
ECB,GGRPHCL_ARS_4T2,4T2,ESMA (European Securities and Markets Authority),GGRPHCL_ARS,ESMA (European Securities and Markets Authority)
ECB,GGRPHCL_ARS_5Z5,5Z5,Colombo Plan,GGRPHCL_ARS,Colombo Plan
ECB,GGRPHCL_ARS_6Z1,6Z1,"The Global Fund to Fight AIDS, Tuberculosis and Malaria",GGRPHCL_ARS,"The Global Fund to Fight AIDS, Tuberculosis and Malaria"
ECB,GGRPHCL_ARS_5Z1,5Z1,AFC (Africa Finance Corporation),GGRPHCL_ARS,AFC (Africa Finance Corporation)
ECB,RCGNTN_STTS_-99,-99,Technical null,RCGNTN_STTS,Technical member to represent the null value
ECB,TYP_INTRST_RT_0,0,Not applicable,TYP_INTRST_RT,Not applicable
ECB,SRC_ENCMBRNC_12,12,Debt securities issued - other than covered bonds and ABSs,SRC_ENCMBRNC,Debt securities issued other than covered bonds and ABSs in accordance with the EBA’s implementing technical standards on asset encumbrance reporting as referred to in Article 99(5) and Article 100 of Regulation (EU) No 575/2013.
ECB,GGRPHCL_ARS_5Z9,5Z9,CIPEC (Intergovernmental Council of Copper Exporting Countries),GGRPHCL_ARS,CIPEC (Intergovernmental Council of Copper Exporting Countries)
ECB,GGRPHCL_ARS_4DJ,4DJ,All the European Union Institutions financed via the EU Budget,GGRPHCL_ARS,All the European Union Institutions financed via the EU Budget
ECB,PRJCT_FNNC_LN_2,2,Non-project finance loan,PRJCT_FNNC_LN,The instrument is not a project finance loan in accordance with Implementing Regulation (EU) No 680/2014.
ECB,GGRPHCL_ARS_4U2,4U2,EURATOM Supply Agency,GGRPHCL_ARS,EURATOM Supply Agency
ECB,TYP_INSTRMNT_23,23,Financial guarantee instrument,TYP_INSTRMNT,Financial guarantee instrument
ECB,TYP_INSTRMNT_27,27,Security against Security borrowing and lending transaction,TYP_INSTRMNT,
ECB,GGRPHCL_ARS_1U2,1U2,UNFCCC (United Nations Framework Convention for Climate Change),GGRPHCL_ARS,UNFCCC (United Nations Framework Convention for Climate Change)
ECB,SBRDNTD_DBT_-99,-99,Technical null,SBRDNTD_DBT,Technical member to represent the null value
ECB,TYP_INSTRMNT_26,26,Security against a fee borrowing and lending transaction,TYP_INSTRMNT,
ECB,TYP_INSTRMNT_22,22,Advance,TYP_INSTRMNT,
ECB,SRC_ENCMBRNC_13,13,Other sources of encumbrance,SRC_ENCMBRNC,Other sources of encumbrance in accordance with the EBA’s implementing technical standards on asset encumbrance reporting as referred to in Article 99(5) and Article 100 of Regulation (EU) No 575/2013.
ECB,TYP_INTRST_RT_1,1,Fixed,TYP_INTRST_RT,"Scheme defining the interest rates during the life of the exposure which only includes constant rates - numeric constant rate known with certainty at the inception of the exposure - and where the interest rates apply to the whole exposure. The scheme may contain more than one constant interest rate to be applied at different periods during the life of the exposure (e.g. loan with a constant interest rate during the initial fixed-rate period, which then changes to a different interest rate, which is still constant, and which was known at the inception of the exposure)."
ECB,GGRPHCL_ARS_5Z4,5Z4,ACU (Asian Clearing Union),GGRPHCL_ARS,ACU (Asian Clearing Union)
ECB,SRC_ENCMBRNC_17,17,Financial guarantees received,SRC_ENCMBRNC,Financial guarantees received
ECB,GGRPHCL_ARS_4T3,4T3,EIOPA (European Insurance and Occupational Pensions Authority),GGRPHCL_ARS,EIOPA (European Insurance and Occupational Pensions Authority)
ECB,TYP_INSTRMNT_80,80,Finance leases,TYP_INSTRMNT,Financial leases as defined in paragraphs 5.134 to 5.135 of Annex A to Regulation (EU) No 549/2013.
ECB,GGRPHCL_ARS_5Z8,5Z8,F4E (Fusion for Energy),GGRPHCL_ARS,F4E (Fusion for Energy)
ECB,TYP_INSTRMNT_16,16,Securities financial transaction (SFT),TYP_INSTRMNT,
ECB,GGRPHCL_ARS_6A3,6A3,CARICOM (Caribbean Community and Common Market),GGRPHCL_ARS,CARICOM (Caribbean Community and Common Market)
ECB,GGRPHCL_ARS_6A7,6A7,ALIDE (Latin American Association of Development Financing Institutions),GGRPHCL_ARS,ALIDE (Latin American Association of Development Financing Institutions)
ECB,TYP_INSTRMNT_12,12,Deposit redeemable at notice,TYP_INSTRMNT,Deposit redeemable at notice
ECB,TYP_PRTCTN_VL_2,2,Long-term sustainable value,TYP_PRTCTN_VL,The ‘mortgage lending value’ of immovable property as defined in Article 4(1)(74) of Regulation (EU) No 575/2013. To be used if the protection is immovable property when the 'mortgage lending value' is reported in the data attribute 'Protection value'.
ECB,GGRPHCL_ARS_4J5,4J5,European Council,GGRPHCL_ARS,European Council
ECB,GGRPHCL_ARS_4J1,4J1,EP (European Parliament),GGRPHCL_ARS,EP (European Parliament)
ECB,GGRPHCL_ARS_-99,-99,Technical null,GGRPHCL_ARS,Technical member to represent the null value
ECB,GGRPHCL_ARS_N/A,N/A,GGRPHCL_ARS_N/A,GGRPHCL_ARS,
ECB,TYP_AMRTSTN_-99,-99,Technical null,TYP_AMRTSTN,Technical member to represent the null value
ECB,TYP_PRTCTN_VL_4,4,Notional amount,TYP_PRTCTN_VL,The nominal or face amount contractually agreed that is used to calculate payments in the event that the protection is executed.
ECB,GGRPHCL_ARS_6A9,6A9,Permanent Court of Arbitration,GGRPHCL_ARS,Permanent Court of Arbitration
ECB,GGRPHCL_ARS_4J3,4J3,CJEU (Court of Justice),GGRPHCL_ARS,CJEU (Court of Justice)
ECB,GGRPHCL_ARS_4J7,4J7,CR (Committee of Regions),GGRPHCL_ARS,CR (Committee of Regions)
ECB,SRC_ENCMBRNC_60,60,"Derivatives, Deposits, Debt securities",SRC_ENCMBRNC,"Derivatives, Deposits, Debt securities"
ECB,TYP_INSTRMNT_18,18,Term repurchase agreement instrument,TYP_INSTRMNT,
ECB,TYP_INSTRMNT_10,10,OTC Option other than OTC Credit spread option,TYP_INSTRMNT,OTC Option other than OTC Credit spread option
ECB,GGRPHCL_ARS_6A5,6A5,EADB (East African Development Bank),GGRPHCL_ARS,EADB (East African Development Bank)
ECB,GGRPHCL_ARS_6A1,6A1,AU (African Union),GGRPHCL_ARS,AU (African Union)
ECB,TYP_INSTRMNT_14,14,Financial guarantee instrument not for a Debt security,TYP_INSTRMNT,Financial guarantee instrument not for a Debt security
ECB,TYP_INSTRMNT_51,51,Credit card debt,TYP_INSTRMNT,"Credit card debt according to Regulation (EU) 1071/2013 concerning the balance sheet of the monetary financial institutions sector,  Annex II, Part 2, Instrument categories:
""...this category comprises credit granted [...] either via delayed debit cards, i.e. cards providing convenience credit as defined below, or via credit cards, i.e. cards providing convenience credit and extended credit. .Credit card debt is recorded on dedicated card accounts and therefore not evident on current or overdraft accounts. Convenience credit is defined as the credit granted at an interest rate of 0 % in the period between the payment transactions effectuated with the card during one billing cycle and the date at which the debit balances from this specific billing cycle become due. Extended credit is defined as the credit granted after the due dates of the previous billing cycles have passed, i.e. debit amounts on the card account that have not been settled when this was first possible, for which an interest rate or tiered interest rates usually greater than 0 % are charged. Often minimum instalments per month have to be made, to at least partially repay extended credit.
The counterpart to these forms of credit is the entity liable to eventually repay the amounts outstanding in accordance with the contractual agreement, which coincides with the cardholder in the case of privately used cards, but not in the case of company cards;"""
ECB,GGRPHCL_ARS_B00,B00,"EU (Member States of the European Union) changing composition, excluding EU Institutions",GGRPHCL_ARS,"EU (Member States of the European Union) changing composition, excluding EU Institutions"
ECB,GGRPHCL_ARS_4U1,4U1,F4E (Fusion for Energy),GGRPHCL_ARS,F4E (Fusion for Energy)
ECB,TYP_INSTRMNT_20,20,Overdrafts,TYP_INSTRMNT,Overdraft as defined in point 2(1)(c) of the Table in Part 2 of Annex II to Regulation (EU) No 1071/2013 (ECB/2013/33).
ECB,TYP_INSTRMNT_24,24,Repurchase agreement instrument,TYP_INSTRMNT,Repurchase agreement instrument
ECB,GGRPHCL_ARS_1U1,1U1,UNECE (United Nations Economic Commission for Europe),GGRPHCL_ARS,UNECE (United Nations Economic Commission for Europe)
ECB,GGRPHCL_ARS_7B1,7B1,International Islamic Trade Finance Corporation,GGRPHCL_ARS,International Islamic Trade Finance Corporation
ECB,TYP_INSTRMNT_71,71,Trade receivables,TYP_INSTRMNT,Trade receivables as defined in paragraph 5.41(c) of part 2 of Annex V to Implementing Regulation (EU) No 680/2014.
ECB,TYP_INSTRMNT_28,28,Loan (excluding repurchase agreement),TYP_INSTRMNT,
ECB,SRC_ENCMBRNC_50,50,Debt securities issued,SRC_ENCMBRNC,Debt securities issued
ECB,PRJCT_FNNC_LN_1,1,Project finance loan,PRJCT_FNNC_LN,The instrument is a project finance loan in accordance with Implementing Regulation (EU) No 680/2014.
ECB,SRC_ENCMBRNC_19,19,Debt securities in the form of Covered bonds or Asset backed securities,SRC_ENCMBRNC,Debt securities in the form of Covered bonds or Asset backed securities
ECB,SRC_ENCMBRNC_40,40,Loan commitments and Financial guarantees received,SRC_ENCMBRNC,Loan commitments and Financial guarantees received
ECB,GGRPHCL_ARS_5Z6,5Z6,ECOWAS (Economic Community of West African States),GGRPHCL_ARS,ECOWAS (Economic Community of West African States)
ECB,SRC_ENCMBRNC_15,15,Short position,SRC_ENCMBRNC,Short position
ECB,GGRPHCL_ARS_4T1,4T1,EBA (European Banking Authority),GGRPHCL_ARS,EBA (European Banking Authority)
ECB,TYP_INSTRMNT_30,30,Transferable deposit,TYP_INSTRMNT,
ECB,GGRPHCL_ARS_6Z2,6Z2,International Centre for Migration Policy Development,GGRPHCL_ARS,International Centre for Migration Policy Development
ECB,FRBRNC_STTS_-99,-99,Technical null,FRBRNC_STTS,Technical member to represent the null value
ECB,SRC_ENCMBRNC_11,11,Debt securities issued - asset-backed securities,SRC_ENCMBRNC,Asset-backed securities (ABS) issued in accordance with the EBA’s implementing technical standards on asset encumbrance reporting as referred to in Article 99(5) and Article 100 of Regulation (EU) No 575/2013.
ECB,GGRPHCL_ARS_5Z2,5Z2,AfDB (African Development Bank Group),GGRPHCL_ARS,AfDB (African Development Bank Group)
ECB,TYP_INTRST_RT_3,3,Mixed,TYP_INTRST_RT,Interest rate class other than fixed or variable.
ECB,SRC_ENCMBRNC_18,18,Securities borrowed with non-cash collateral,SRC_ENCMBRNC,Securities borrowed with non-cash collateral
ECB,GGRPHCL_ARS_5Z3,5Z3,AFESD (Arab Fund for Economic and Social Development),GGRPHCL_ARS,AFESD (Arab Fund for Economic and Social Development)
ECB,TYP_INTRST_RT_2,2,Variable,TYP_INTRST_RT,Scheme defining the interest rates during the life of the exposure which only includes interest rates based on the evolution of another variable (the reference variable) and where the interest rate applies to the whole exposure.
ECB,SRC_ENCMBRNC_10,10,Debt securities issued - covered bonds securities,SRC_ENCMBRNC,Covered bonds securities issued in accordance with the EBA’s implementing technical standards on asset encumbrance reporting as referred to in Article 99(5) and Article 100 of Regulation (EU) No 575/2013.
ECB,GGRPHCL_ARS_6Z3,6Z3,EFTA Surveillance Authority (ESA),GGRPHCL_ARS,EFTA Surveillance Authority (ESA)
ECB,TYP_INSTRMNT_31,31,Other overnight deposits,TYP_INSTRMNT,Other overnight deposits
ECB,GGRPHCL_ARS_U29,U29,"Euro area (Member States and Institutions of the Euro Area), changing composition, not allocated",GGRPHCL_ARS,"Euro area (Member States and Institutions of the Euro Area), changing composition, not allocated"
ECB,SRC_ENCMBRNC_14,14,Repurchase agreements,SRC_ENCMBRNC,Repurchase agreements
ECB,GGRPHCL_ARS_5Z7,5Z7,EFTA (European Free Trade Association),GGRPHCL_ARS,EFTA (European Free Trade Association)
ECB,TYP_INSTRMNT_25,25,Security borrowing and lending transaction,TYP_INSTRMNT,
ECB,GGRPHCL_ARS_U39,U39,Intra EU Extra Euro Area (changing composition) not allocated,GGRPHCL_ARS,Intra EU Extra Euro Area (changing composition) not allocated
ECB,TYP_INSTRMNT_21,21,Equity or fund security Security repurchase agreement component assignment,TYP_INSTRMNT,
ECB,PRJCT_FNNC_LN_0,0,Not applicable,PRJCT_FNNC_LN,Not applicable
ECB,TYP_INSTRMNT_29,29,Other commitment,TYP_INSTRMNT,
ECB,GGRPHCL_ARS_4AA,4AA,All the European Union Institutions excluding the ECB,GGRPHCL_ARS,All the European Union Institutions excluding the ECB
ECB,GGRPHCL_ARS_5AA,5AA,Multilateral Lending Agencies,GGRPHCL_ARS,Multilateral Lending Agencies
ECB,GGRPHCL_ARS_D09,D09,Extra-EU (changing composition) not allocated,GGRPHCL_ARS,Extra-EU (changing composition) not allocated
ECB,SRC_ENCMBRNC_20,20,Derivatives,SRC_ENCMBRNC,Derivatives
ECB,TYP_INSTRMNT_19,19,Open repurchase agreement instrument,TYP_INSTRMNT,
ECB,TYP_PRTCTN_VL_1,1,Fair value,TYP_PRTCTN_VL,The price that would be received to sell an asset or paid to transfer a liability in an orderly transaction between market participants at the measurement date. To be used if the protection is not immovable property.
ECB,GGRPHCL_ARS_4J6,4J6,ESC (Economic and Social Committee),GGRPHCL_ARS,ESC (Economic and Social Committee)
ECB,TYP_PRTCTN_VL_5,5,"Types of protection values other than notional amount, market value, fair value or long-term sustainable value",TYP_PRTCTN_VL,"Types of protection values other than notional amount, market value, fair value or long-term sustainable value"
ECB,GGRPHCL_ARS_6A8,6A8,OFID (OPEC Fund for International Development),GGRPHCL_ARS,OFID (OPEC Fund for International Development)
ECB,GGRPHCL_ARS_4J2,4J2,CEU (Council of the European Union),GGRPHCL_ARS,CEU (Council of the European Union)
ECB,TYP_INSTRMNT_15,15,Loan (excluding repurchase agreement) and advance,TYP_INSTRMNT,
ECB,SRC_ENCMBRNC_30,30,Deposits,SRC_ENCMBRNC,Deposits
ECB,GGRPHCL_ARS_6A4,6A4,CACM (Central American Common Market),GGRPHCL_ARS,CACM (Central American Common Market)
ECB,TYP_INSTRMNT_11,11,Other advance,TYP_INSTRMNT,Advance other than Suspens or Transit item
ECB,GGRPHCL_ARS_2810,2810,Americas - Other - No further geographical restrictions,GGRPHCL_ARS,Americas - Other - No further geographical restrictions
ECB,TYP_INSTRMNT_090,090,Reverse repurchase loans,TYP_INSTRMNT,
ECB,TYP_INSTRMNT_390,390,Option,TYP_INSTRMNT,"Options are derivative contracts between two parties to facilitate a potential transaction on the underlying security at a preset price, referred to as the strike price, prior to the expiration date."
ECB,GGRPHCL_ARS_1100,1100,Europe - No further geographical restrictions,GGRPHCL_ARS,Europe - No further geographical restrictions
ECB,GGRPHCL_ARS_1900,1900,Europe - No detailed classification available,GGRPHCL_ARS,Europe - No detailed classification available
ECB,TYP_INSTRMNT_522,522,Deposits with agreed maturity - other than counterpart liability to non-derecognised loans,TYP_INSTRMNT,Deposits with agreed maturity - other than counterpart liability to non-derecognised loans
ECB,GGRPHCL_ARS_2310,2310,Central and South America - No further geographical restrictions,GGRPHCL_ARS,Central and South America - No further geographical restrictions
ECB,GGRPHCL_ARS_5Z36,5Z36,WAHO (West African Health Organisation),GGRPHCL_ARS,WAHO (West African Health Organisation)
ECB,GGRPHCL_ARS_2210,2210,North America - No further geographical restrictions,GGRPHCL_ARS,North America - No further geographical restrictions
ECB,GGRPHCL_ARS_4820,4820,Middle East & Africa - Other - Middle East (incl. North Africa),GGRPHCL_ARS,Other (incl. other geographical concepts affecting more than one sub-region)
ECB,TYP_INSTRMNT_222,222,preferred shares,TYP_INSTRMNT,preferred shares
ECB,GGRPHCL_ARS_1810,1810,Europe - Other - No further geographical restrictions,GGRPHCL_ARS,Other (incl. other geographical concepts affecting more than one sub-region)
ECB,GGRPHCL_ARS_5Z22,5Z22,ISO (International Sugar Organization),GGRPHCL_ARS,ISO (International Sugar Organization)
ECB,GGRPHCL_ARS_5Z26,5Z26,LAS (League of Arab States),GGRPHCL_ARS,LAS (League of Arab States)
ECB,GGRPHCL_ARS_PL63,PL63,Pomorskie,GGRPHCL_ARS,Pomorskie
ECB,RPYMNT_RGHTS_-99,-99,Technical null,RPYMNT_RGHTS,Technical member to represent the null value
ECB,GGRPHCL_ARS_2100,2100,Americas - No further geographical restrictions,GGRPHCL_ARS,Americas - No further geographical restrictions
ECB,GGRPHCL_ARS_2900,2900,Americas - No detailed classification available,GGRPHCL_ARS,Americas - No detailed classification available
ECB,TYP_INSTRMNT_380,380,Forward,TYP_INSTRMNT,Forwards are derivative contracts between two parties to buy or to sell an asset at a specified future time at a price agreed upon today
ECB,TYP_INSTRMNT_467,467,"Equity instruments, Debt securities, Loans and advances, Tangible assets. Real Estate, and others",TYP_INSTRMNT,"Equity instruments, Debt securities, Loans and advances, Tangible assets. Real Estate, and other than Equity instruments, Debt securities, Loans and advances, Tangible assets. Real Estate"
ECB,GGRPHCL_ARS_9990,9990,No detailed classification available,GGRPHCL_ARS,No detailed classification available
ECB,GGRPHCL_ARS_1310,1310,EU member states that have not adopted the euro - No further geographical restrictions,GGRPHCL_ARS,EU member states that have not adopted the euro - No further geographical restrictions
ECB,GGRPHCL_ARS_1210,1210,Euro area - No further geographical restrictions,GGRPHCL_ARS,Euro area - No further geographical restrictions
ECB,GGRPHCL_ARS_1830,1830,Europe - Other - Central and Eastern Europe[2],GGRPHCL_ARS,"Other (incl. other geographical concepts affecting more than one sub-region)
Central and Eastern Europe: Albania, Armenia, Azerbaijan, Belarus, Bosnia and Herzegovina, Bulgaria, Croatia, Czech Republic, Estonia, Georgia, Hungary, Kazakhstan, Kosovo, Kyrgyz Republic, Latvia, Lithuania, Former Yugoslav Republic of Macedonia, Moldova, Montenegro, Poland, Romania, Russia, Serbia, Slovak Republic, Slovenia, Tajikistan, Turkey, Turkmenistan, Ukraine and Uzbekistan."
ECB,TYP_INSTRMNT_512,512,Non-transferable overnight deposits,TYP_INSTRMNT,Non-transferable overnight deposits
ECB,TYP_INSTRMNT_312,312,"Derivatives, Debt securities, Loans and advances, Equity instruments",TYP_INSTRMNT,"Derivatives, Debt securities, Loans and advances, Equity instruments"
ECB,TYP_INSTRMNT_947,947,Other than loan commitments and financial guarantees given,TYP_INSTRMNT,Other than loan commitments and financial guarantees given
ECB,GGRPHCL_ARS_4810,4810,Middle East & Africa - Other - No further geographical restrictions,GGRPHCL_ARS,Other (incl. other geographical concepts affecting more than one sub-region)
ECB,TYP_INSTRMNT_212,212,Debt securities - Covered bonds,TYP_INSTRMNT,A covered bond is debt security that is secured by the underlying asset pool. In case of default of the issuer of the covered bond the holder of the covered bond receives a claim on the underlying asset pool.
ECB,TYP_INSTRMNT_516,516,Transferable overnight deposits other than Internet/ PC linked,TYP_INSTRMNT,Transferable overnight deposits other than Internet/ PC linked
ECB,TYP_INSTRMNT_112,112,"Loans other than overdrafts, convenience and extended credit card debt and revolving loans",TYP_INSTRMNT,"Loans, as defined in paragraphs 5.112, 5.113 and 5.114 of Annex A to Regulation (EU) No 549/2013, except overdrafts, convenience credit, extended credit, credit card credit, revolving credit other than credit card&nbsp;"
ECB,GGRPHCL_ARS_4210,4210,Middle East - No further geographical restrictions,GGRPHCL_ARS,Middle East - No further geographical restrictions
ECB,GGRPHCL_ARS_4310,4310,Africa - No further geographical restrictions,GGRPHCL_ARS,Africa - No further geographical restrictions
ECB,TYP_INSTRMNT_912,912,Loan commitments given - undrawn credit facilities,TYP_INSTRMNT,Loan commitments given - undrawn credit facilities
ECB,TYP_INSTRMNT_547,547,"Deposits other than current accounts (liabilities), repurchase agreements",TYP_INSTRMNT,"Deposits other than current accounts (liabilities), repurchase agreements"
ECB,TYP_INSTRMNT_243,243,Equity and investment fund shares/units,TYP_INSTRMNT,Equity and investment fund shares/units
ECB,TYP_INSTRMNT_257,257,"Assets other than Equity instruments, Debt securities, Loans and advances",TYP_INSTRMNT,"Assets other than Equity instruments, Debt securities, Loans and advances"
ECB,GGRPHCL_ARS_5Z43,5Z43,Nordic Development Fund,GGRPHCL_ARS,Nordic Development Fund
ECB,GGRPHCL_ARS_4100,4100,Middle East & Africa - No further geographical restrictions,GGRPHCL_ARS,Middle East & Africa - No further geographical restrictions
ECB,GGRPHCL_ARS_5Z47,5Z47,NDB (New Development Bank),GGRPHCL_ARS,NDB (New Development Bank)
ECB,TYP_INSTRMNT_253,253,"Loans, debt securities",TYP_INSTRMNT,
ECB,GGRPHCL_ARS_5Z12,5Z12,ICO (International Coffee Organization),GGRPHCL_ARS,ICO (International Coffee Organization)
ECB,TYP_INSTRMNT_502,502,Currency in circulation - coins,TYP_INSTRMNT,Currency in circulation - coins
ECB,GGRPHCL_ARS_1820,1820,Europe - Other - Nordic countries[1],GGRPHCL_ARS,"Other (incl. other geographical concepts affecting more than one sub-region)
Nordic Countries: Denmark, Finland, Iceland, Norway and Sweden"
ECB,GGRPHCL_ARS_6A12,6A12,International Criminal Court (ICC),GGRPHCL_ARS,International Criminal Court (ICC)
ECB,GGRPHCL_ARS_4J83,4J83,CPVO (Community Plant Variety Office),GGRPHCL_ARS,CPVO (Community Plant Variety Office)
ECB,GGRPHCL_ARS_4J87,4J87,"EU-LISA (European Agency for the operational management of large-scale IT systems in the area of freedom, security and justice)",GGRPHCL_ARS,"EU-LISA (European Agency for the operational management of large-scale IT systems in the area of freedom, security and justice)"
ECB,GGRPHCL_ARS_4900,4900,Middle East & Africa - No detailed classification available,GGRPHCL_ARS,Middle East & Africa - No detailed classification available
ECB,GGRPHCL_ARS_5Z16,5Z16,IJSG (International Jute Study Group),GGRPHCL_ARS,IJSG (International Jute Study Group)
ECB,TYP_INSTRMNT_252,252,"Equity instruments, debt securities, loans and advances",TYP_INSTRMNT,"Equity instruments, debt securities, loans and advances"
ECB,GGRPHCL_ARS_5Z46,5Z46,Regional Environmental Center for Central and Eastern Europe,GGRPHCL_ARS,Regional Environmental Center for Central and Eastern Europe
ECB,GGRPHCL_ARS_5Z42,5Z42,UNWTO (World Tourism Organization),GGRPHCL_ARS,UNWTO (World Tourism Organization)
ECB,TYP_INSTRMNT_256,256,"Repurchase agreements, debt securities, MMFs shares/units",TYP_INSTRMNT,
ECB,GGRPHCL_ARS_5Z17,5Z17,ILZSG (International Lead and Zinc Study Group),GGRPHCL_ARS,ILZSG (International Lead and Zinc Study Group)
ECB,SRC_ENCMBRNC_-99,-99,Technical null,SRC_ENCMBRNC,Technical member to represent the null value
ECB,GGRPHCL_ARS_4J86,4J86,FRONTEX (European Agency for the Management of Operational Cooperation at the External Borders),GGRPHCL_ARS,FRONTEX (European Agency for the Management of Operational Cooperation at the External Borders)
ECB,GGRPHCL_ARS_5880,5880,Emerging Markets - Other - Other geographical concepts affecting more than one sub-region,GGRPHCL_ARS,Other (incl. other geographical concepts affecting more than one sub-region)
ECB,GGRPHCL_ARS_4J82,4J82,BEREC (Body of European Regulators for Electronic Communications),GGRPHCL_ARS,BEREC (Body of European Regulators for Electronic Communications)
ECB,GGRPHCL_ARS_5Z13,5Z13,ICSG (International Copper Study Group),GGRPHCL_ARS,ICSG (International Copper Study Group)
ECB,TYP_INSTRMNT_517,517,Hardware based e-money,TYP_INSTRMNT,"Electronic money, hardware based. Electronic money means Electronically, including magnetically, stored monetary value as represented by a claim on the issuer which is issued on receipt of funds for the purpose of making payment transactions [...], and which is accepted by a natural or legal person other than the electronic money issuer. As defined in Article 2(1) and (2) of Directive 2009/110/EC."
ECB,TYP_INSTRMNT_113,113,"Overdrafts, convenience and extended credit card debt and revolving loans",TYP_INSTRMNT,
ECB,TYP_INSTRMNT_213,213,"Debt securities, Equity instruments",TYP_INSTRMNT,"Debt securities, Equity instruments"
ECB,GGRPHCL_ARS_5890,5890,Emerging Markets - Other - No detailed classification available,GGRPHCL_ARS,Other (incl. other geographical concepts affecting more than one sub-region)
ECB,TYP_INSTRMNT_513,513,Electronic money,TYP_INSTRMNT,"Electronic money means Electronically, including magnetically, stored monetary value as represented by a claim on the issuer which is issued on receipt of funds for the purpose of making payment transactions [...], and which is accepted by a natural or legal person other than the electronic money issuer. As defined in Article 2(1) and (2) of Directive 2009/110/EC."
ECB,TYP_INSTRMNT_242,242,Equity and non-MMF investment fund shares/units,TYP_INSTRMNT,"Equity, as defined in Reg. 1071/2013 Part 2, and non-MMF investment fund shares/units."
ECB,GGRPHCL_ARS_5Z27,5Z27,OECS (Organisation of Eastern Caribbean States),GGRPHCL_ARS,OECS (Organisation of Eastern Caribbean States)
ECB,GGRPHCL_ARS_3280,3280,Asia - Other geographical area (more than one country within the sub-region),GGRPHCL_ARS,Asia - Other geographical area (more than one country within the sub-region)
ECB,GGRPHCL_ARS_5Z23,5Z23,SELA (Latin American and the Caribbean Economic System),GGRPHCL_ARS,SELA (Latin American and the Caribbean Economic System)
ECB,GGRPHCL_ARS_3380,3380,Australia and Oceania - Other geographical area (more than one country within the sub-region),GGRPHCL_ARS,Australia and Oceania - Other geographical area (more than one country within the sub-region)
ECB,GGRPHCL_ARS_3880,3880,Asia Pacific - Other - Other geographical concepts affecting more than one sub-region,GGRPHCL_ARS,Other (incl. other geographical concepts affecting more than one sub-region)
ECB,TYP_INSTRMNT_466,466,"Assets other than Equity instruments, Debt securities, Loans and advances, Tangible assets",TYP_INSTRMNT,"Assets other than Equity instruments, Debt securities, Loans and advances, Tangible assets"
ECB,SRC_ENCMBRNC_103,103,All sources of encumbrance,SRC_ENCMBRNC,All sources of encumbrance
ECB,TYP_INSTRMNT_-99,-99,Technical null,TYP_INSTRMNT,Technical member to represent the null value
ECB,GGRPHCL_ARS_3890,3890,Asia Pacific - Other - No detailed classification available,GGRPHCL_ARS,Other (incl. other geographical concepts affecting more than one sub-region)
ECB,GGRPHCL_ARS_4AAA,4AAA,"European Community Institutions, Organs and Organisms excluding ECB and ESM",GGRPHCL_ARS,"European Community Institutions, Organs and Organisms excluding ECB and ESM"
ECB,TYP_INSTRMNT_572,572,"Loans, debt securities",TYP_INSTRMNT,
ECB,GGRPHCL_ARS_8900,8900,No detailed classification available,GGRPHCL_ARS,No detailed classification available
ECB,GGRPHCL_ARS_8100,8100,Global (no further geographical restrictions),GGRPHCL_ARS,Global (no further geographical restrictions)
ECB,GGRPHCL_ARS_5Z37,5Z37,WAMA (West African Monetary Agency),GGRPHCL_ARS,WAMA (West African Monetary Agency)
ECB,GGRPHCL_ARS_8200,8200,Coverage of more than one broad region (some geographical restrictions),GGRPHCL_ARS,Coverage of more than one broad region (some geographical restrictions)
ECB,GGRPHCL_ARS_3390,3390,Australia and Oceania - No detailed classification available,GGRPHCL_ARS,Australia and Oceania - No detailed classification available
ECB,GGRPHCL_ARS_3290,3290,Asia - No detailed classification available,GGRPHCL_ARS,Asia - No detailed classification available
ECB,GGRPHCL_ARS_5Z33,5Z33,SAARC (South Asian Association for Regional Cooperation),GGRPHCL_ARS,SAARC (South Asian Association for Regional Cooperation)
ECB,TYP_INSTRMNT_239,239,Non-MMF investment fund shares/units,TYP_INSTRMNT,"Investment fund shares or units other than money market funds or units represent a claim on a portion of the value of an investment fund other than a money market fund. Investment fund shares or units other than money market fund shares or units are issued by investment funds that invest in a range of assets including debt securities, equity, commodity-linked investments, real estate, shares in other investment funds and structured assets. As defined in Reg. (EU) No 549/2013 Annex A."
ECB,TYP_INSTRMNT_560,560,Other than overnight deposits,TYP_INSTRMNT,Hierarchical member
ECB,SRC_ENCMBRNC_101,101,Encumbered and unencumbered,SRC_ENCMBRNC,Encumbered and unencumbered
ECB,TYP_INSTRMNT_660,660,Short positions,TYP_INSTRMNT,Short positions
ECB,PRJCT_FNNC_LN_-1,-1,Total,PRJCT_FNNC_LN,Total
ECB,GGRPHCL_ARS_5Z29,5Z29,OAPEC (Organization of Arab Petroleum Exporting Countries),GGRPHCL_ARS,OAPEC (Organization of Arab Petroleum Exporting Countries)
ECB,SRC_ENCMBRNC_105,105,All sources of encumbrance that are not financial liabilities,SRC_ENCMBRNC,All sources of encumbrance that are not financial liabilities
ECB,TYP_INSTRMNT_260,260,Current accounts,TYP_INSTRMNT,Current accounts
ECB,GGRPHCL_ARS_5900,5900,Emerging Markets  - No detailed classification available,GGRPHCL_ARS,Emerging Markets  - No detailed classification available
ECB,TYP_INSTRMNT_060,060,Revolving loans in the form of trade receivables,TYP_INSTRMNT,Revolving loans in the form of trade receivables
ECB,TYP_INSTRMNT_960,960,Financial guarantees received,TYP_INSTRMNT,Financial guarantees received
ECB,GGRPHCL_ARS_5200,5200,"BRIC (Brazil, Russia, India and China)",GGRPHCL_ARS,"BRIC (Brazil, Russia, India and China)"
ECB,GGRPHCL_ARS_5Z21,5Z21,IRSG (International Rubber Study Group),GGRPHCL_ARS,IRSG (International Rubber Study Group)
ECB,GGRPHCL_ARS_3830,3830,"Asia Pacific - Other - Asia Pacific ex Australia, Hong Kong, Japan, New Zealand, Singapore, Taiwan",GGRPHCL_ARS,Other (incl. other geographical concepts affecting more than one sub-region)
ECB,GGRPHCL_ARS_5100,5100,Emerging Markets - No further geographical restrictions,GGRPHCL_ARS,Emerging Markets - No further geographical restrictions
ECB,TYP_INSTRMNT_031,031,On demand [call] and short notice [current account],TYP_INSTRMNT,On demand [call] and short notice [current account]
ECB,GGRPHCL_ARS_5Z25,5Z25,LAIA (Latin American Integration Association),GGRPHCL_ARS,LAIA (Latin American Integration Association)
ECB,TYP_INSTRMNT_231,231,Equity,TYP_INSTRMNT,Equity
ECB,TYP_INSTRMNT_970,970,Other commitments received,TYP_INSTRMNT,Other commitments received
ECB,TYP_INSTRMNT_521,521,Deposits - o/w counterpart liability to non-derecognised loans,TYP_INSTRMNT,Deposits - o/w counterpart liability to non-derecognised loans
ECB,GGRPHCL_ARS_5Z31,5Z31,OPEC (Organization of the Petroleum Exporting Countries),GGRPHCL_ARS,OPEC (Organization of the Petroleum Exporting Countries)
ECB,GGRPHCL_ARS_3820,3820,Asia Pacific - Other - Asia Pacific ex Japan,GGRPHCL_ARS,Other (incl. other geographical concepts affecting more than one sub-region)
ECB,GGRPHCL_ARS_5Z35,5Z35,WAEC (West African Economic Community),GGRPHCL_ARS,WAEC (West African Economic Community)
ECB,TYP_INSTRMNT_221,221,ordinary common shares,TYP_INSTRMNT,ordinary common shares
ECB,TYP_INSTRMNT_329,329,Other than option,TYP_INSTRMNT,Other than option
ECB,TYP_INSTRMNT_570,570,"Instruments other than Loans and advances, Equity instruments, Debt securities",TYP_INSTRMNT,"Instruments other than Loans and advances, Equity instruments, Debt securities"
ECB,TYP_INSTRMNT_670,670,Other financial liabilities,TYP_INSTRMNT,Other financial liabilities
ECB,TYP_INSTRMNT_370,370,Swap,TYP_INSTRMNT,Swaps are derivative contracts where two partie agree to exchange cash flows in the future according to a prearranged formula
ECB,GGRPHCL_ARS_5Z39,5Z39,WCC (World Council of Churches),GGRPHCL_ARS,WCC (World Council of Churches)
ECB,GGRPHCL_ARS_5810,5810,Emerging Markets - Other - No further geographical restrictions,GGRPHCL_ARS,Other (incl. other geographical concepts affecting more than one sub-region)
ECB,TYP_INSTRMNT_270,270,Deposits other than repo and current accounts,TYP_INSTRMNT,Hierarchical member
ECB,TYP_INSTRMNT_070,070,Trade receivables other than revolving loans,TYP_INSTRMNT,Trade receivables other than revolving loans
ECB,GGRPHCL_ARS_3900,3900,Asia Pacific - No detailed classification available,GGRPHCL_ARS,Asia Pacific - No detailed classification available
ECB,TYP_INSTRMNT_501,501,Currency in circulation - banknotes,TYP_INSTRMNT,Currency in circulation - banknotes
ECB,GGRPHCL_ARS_5Z11,5Z11,ICCO (International Cocoa Organization),GGRPHCL_ARS,ICCO (International Cocoa Organization)
ECB,GGRPHCL_ARS_6A11,6A11,Eurasian Economic Commission,GGRPHCL_ARS,Eurasian Economic Commission
ECB,TYP_INSTRMNT_950,950,Loan commitments received,TYP_INSTRMNT,Loan commitments received
ECB,GGRPHCL_ARS_4J84,4J84,CERT (Computer Emergency Response Team),GGRPHCL_ARS,CERT (Computer Emergency Response Team)
ECB,GGRPHCL_ARS_5Z15,5Z15,IGC (International Grains Council),GGRPHCL_ARS,IGC (International Grains Council)
ECB,TYP_INSTRMNT_101,101,Revolving loans and overdrafts,TYP_INSTRMNT,Revolving loans and overdrafts
ECB,TYP_INSTRMNT_254,254,"Debt securities, Equity and non-MMF investment fund shares/units",TYP_INSTRMNT,
ECB,TYP_INSTRMNT_550,550,Other deposit,TYP_INSTRMNT,Other deposit
ECB,GGRPHCL_ARS_5Z40,5Z40,WIPO (World Intellectual Property Organization),GGRPHCL_ARS,WIPO (World Intellectual Property Organization)
ECB,TYP_INSTRMNT_050,050,Extended credit,TYP_INSTRMNT,"Credit granted either via delayed debit cards, or via credit cards. Extended credit is defined as the credit granted after the due dates of the previous billing cycles have passed, i.e. debit amounts on the card account that have not been settled when this was first possible, for which an interest rate or tiered interest rates usually greater than 0 % are charged. Often minimum instalments per month have to be made, to at least partially repay extended credit."
ECB,GGRPHCL_ARS_5Z44,5Z44,North American Development Bank,GGRPHCL_ARS,North American Development Bank
ECB,GGRPHCL_ARS_4J88,4J88,EASO (European Asylum Support Office),GGRPHCL_ARS,EASO (European Asylum Support Office)
ECB,TYP_INSTRMNT_150,150,Notional cash-pooling,TYP_INSTRMNT,"Cash pooling arrangement provided by an MFI (or MFIs) to a group of entities (hereinafter the “pool participants”) where: (a) the pool participants each maintain separate accounts; (b) the interest to be paid or received by the MFI is calculated on the basis of a “notional” net position of all accounts in the pool; and (c) pool participants may draw down overdrafts backed by deposits of other pool participants, without a transfer of funds between accounts. AS defined in MFS Guideline (ECB/2014/15), Glossary."
ECB,GGRPHCL_ARS_3100,3100,Asia Pacific - No further geographical restrictions,GGRPHCL_ARS,Asia Pacific - No further geographical restrictions
ECB,GGRPHCL_ARS_5Z19,5Z19,INMARSAT (International Maritime Satellite Organization),GGRPHCL_ARS,INMARSAT (International Maritime Satellite Organization)
ECB,TYP_INSTRMNT_119,119,Loans,TYP_INSTRMNT,"Loans are created when creditors lend funds to debtors. As defined in Regulation (EU) No 1071/2013 Annex II, Part 2."
ECB,TYP_INSTRMNT_911,911,Loan commitments given - forward deposits,TYP_INSTRMNT,Loan commitments given - forward deposits
ECB,PRDNTL_PRTFL_-99,-99,Technical null,PRDNTL_PRTFL,Technical member to represent the null value
ECB,TYP_INSTRMNT_948,948,Off balance sheet instruments,TYP_INSTRMNT,Off balance sheet instruments
ECB,TYP_INSTRMNT_140,140,Advances that are not loans other than transit items and suspence items,TYP_INSTRMNT,Advances that are not loans other than transit items and suspence items
ECB,GGRPHCL_ARS_3310,3310,Australia and Oceania - No further geographical restrictions,GGRPHCL_ARS,Australia and Oceania - No further geographical restrictions
ECB,TYP_INSTRMNT_040,040,Convenience credit,TYP_INSTRMNT,"Credit granted either via delayed debit cards, or via credit cards. Convenience credit is defined as the credit granted at an interest rate of 0 % in the period between the payment transactions effectuated with the card during one billing cycle and the date at which the debit balances from this specific billing cycle become due."
ECB,GGRPHCL_ARS_3210,3210,Asia - No further geographical restrictions,GGRPHCL_ARS,Asia - No further geographical restrictions
ECB,TYP_INSTRMNT_240,240,Investment fund shares/units,TYP_INSTRMNT,Investment fund shares/units
ECB,TYP_INSTRMNT_411,411,Tangible assets. Real estate,TYP_INSTRMNT,Tangible assets. Real estate
ECB,GGRPHCL_ARS_3810,3810,Asia Pacific - Other - No further geographical restrictions,GGRPHCL_ARS,Other (incl. other geographical concepts affecting more than one sub-region)
ECB,TYP_INSTRMNT_115,115,"Revolving loans and overdrafts, Convenience credit, Extended credit",TYP_INSTRMNT,"Revolving loans are loans that have all the following features: (i) the borrower may use or withdraw funds to a pre-approved credit limit without giving prior notice to the lender; (ii) the amount of available credit can increase and decrease as funds are borrowed and repaid; (iii) the credit may be used repeatedly; (iv) there is no obligation of regular repayment of funds. AS defined in BSI Regulation (ECB/2013/33), Part 2 of Annex II."
ECB,TYP_INSTRMNT_511,511,Tranferable overnight deposits,TYP_INSTRMNT,
ECB,TYP_INSTRMNT_148,148,Loans and advances other than On demand [call] and short notice [current account],TYP_INSTRMNT,"Loans (according to BSI regulation) and advances (according to EBA ITS Annex 5, part 2.85(d)) other than On demand [call] and short notice [current account] (according to EBA ITS Annex 5, part 2.85(a))."
ECB,GGRPHCL_ARS_4J90,4J90,European High Performance Computing Joint Undertaking,GGRPHCL_ARS,European High Performance Computing Joint Undertaking
ECB,TYP_INSTRMNT_215,215,Debt securities in the form of Covered bonds or Asset backed securities,TYP_INSTRMNT,Debt securities in the form of Covered bonds or Asset backed securities
ECB,TYP_INSTRMNT_211,211,Debt securities - Asset backed securities (ABS),TYP_INSTRMNT,Asset backed securities according to Article 4(1)(61) of CRR.
ECB,TYP_INSTRMNT_311,311,Financial derivatives and employee stock options,TYP_INSTRMNT,Financial derivatives and employee stock options
ECB,TYP_INSTRMNT_515,515,Transferable Internet/ PC linked (overnight) deposits,TYP_INSTRMNT,Transferable Internet/ PC linked (overnight) deposits
ECB,TYP_INSTRMNT_518,518,Electronic money o/w software based e-money,TYP_INSTRMNT,Electronic money o/w software based e-money
ECB,TYP_INSTRMNT_241,241,Equity instruments,TYP_INSTRMNT,Equity instruments
ECB,GGRPHCL_ARS_1880,1880,Europe - Other  - Other geographical concepts affecting more than one sub-region,GGRPHCL_ARS,Other (incl. other geographical concepts affecting more than one sub-region)
ECB,TYP_INSTRMNT_949,949,Off-balance sheet exposures subject to credit risk,TYP_INSTRMNT,Off-balance sheet exposures subject to credit risk
ECB,TYP_INSTRMNT_141,141,Advances that are not loans,TYP_INSTRMNT,Advances that are not loans
ECB,GGRPHCL_ARS_2390,2390,Central and South America - No detailed classification available,GGRPHCL_ARS,Central and South America - No detailed classification available
ECB,GGRPHCL_ARS_2290,2290,North America - No detailed classification available,GGRPHCL_ARS,North America - No detailed classification available
ECB,TYP_INSTRMNT_910,910,Loan commitments given,TYP_INSTRMNT,Loan commitments given
ECB,GGRPHCL_ARS_2890,2890,Americas - Other - No detailed classification available,GGRPHCL_ARS,Americas - Other - No detailed classification available
ECB,GGRPHCL_ARS_2222,2222,GGRPHCL_ARS_2222,GGRPHCL_ARS,
ECB,TYP_INSTRMNT_514,514,Tranferable overnight deposits other than electronic money,TYP_INSTRMNT,Tranferable overnight deposits other than electronic money
ECB,TYP_INSTRMNT_110,110,Non-balance sheet recognised financial asset instrument,TYP_INSTRMNT,Non-balance sheet recognised financial asset instrument
ECB,TYP_INSTRMNT_549,549,Deposits,TYP_INSTRMNT,Deposits
ECB,TYP_INSTRMNT_310,310,Derivatives,TYP_INSTRMNT,Derivatives
ECB,TYP_INSTRMNT_210,210,Debt securities,TYP_INSTRMNT,Debt securities
ECB,TYP_INSTRMNT_214,214,Debt securities other than Covered bonds and Asset backed securities (ABS),TYP_INSTRMNT,Debt securities other than Covered bonds and Asset backed securities (ABS)
ECB,TYP_INSTRMNT_149,149,Loans and advances,TYP_INSTRMNT,Loans and advances
ECB,TYP_INSTRMNT_941,941,undrawn credit lines and loan commitments,TYP_INSTRMNT,Instruments (910 + 940)
ECB,TYP_INSTRMNT_114,114,"Term loans Other than Trade receivables, Credit card balance, Finance leases, Reverse repurchase agreements, on demand and short notice.",TYP_INSTRMNT,"Term loans Other than Trade receivables/payables, Credit card balance, Finance leases, Reverse repurchase loans, on demand and short notice."
ECB,GGRPHCL_ARS_1280,1280,Euro area - Other geographical area (more than one country within the sub-region),GGRPHCL_ARS,Euro area - Other geographical area (more than one country within the sub-region)
ECB,TYP_INSTRMNT_510,510,Overnight deposits,TYP_INSTRMNT,Overnight deposits
ECB,GGRPHCL_ARS_1380,1380,EU member states that have not adopted the euro - Other geographical area (more than one country within the sub-region),GGRPHCL_ARS,EU member states that have not adopted the euro - Other geographical area (more than one country within the sub-region)
ECB,GGRPHCL_ARS_5Z14,5Z14,ICAC (International Cotton Advisory Committee),GGRPHCL_ARS,ICAC (International Cotton Advisory Committee)
ECB,GGRPHCL_ARS_2880,2880,Americas - Other - Other geographical concepts affecting more than one sub-region,GGRPHCL_ARS,Americas - Other - Other geographical concepts affecting more than one sub-region
ECB,TYP_INSTRMNT_300,300,Repurchase agreements,TYP_INSTRMNT,Repurchase agreements
ECB,GGRPHCL_ARS_4J85,4J85,EU-OSHA (European Agency for Safety and Health at Work),GGRPHCL_ARS,EU-OSHA (European Agency for Safety and Health at Work)
ECB,GGRPHCL_ARS_6A10,6A10,IEA (International Energy Agency),GGRPHCL_ARS,IEA (International Energy Agency)
ECB,GGRPHCL_ARS_4J81,4J81,ACER (Agency for the Cooperation of Energy Regulators),GGRPHCL_ARS,ACER (Agency for the Cooperation of Energy Regulators)
ECB,GGRPHCL_ARS_1390,1390,EU member states that have not adopted the euro - No detailed classification available,GGRPHCL_ARS,EU member states that have not adopted the euro - No detailed classification available
ECB,GGRPHCL_ARS_5Z10,5Z10,ICAO (International Civil Aviation Organization),GGRPHCL_ARS,ICAO (International Civil Aviation Organization)
ECB,GGRPHCL_ARS_1290,1290,Euro area - No detailed classification available,GGRPHCL_ARS,Euro area - No detailed classification available
ECB,TYP_INSTRMNT_500,500,Currency in circulation,TYP_INSTRMNT,Currency in circulation
ECB,GGRPHCL_ARS_5Z18,5Z18,IMO (International Maritime Organization),GGRPHCL_ARS,IMO (International Maritime Organization)
ECB,TYP_INSTRMNT_251,251,"Debt securities, Loans and advances",TYP_INSTRMNT,"Debt securities, Loans and advances"
ECB,GGRPHCL_ARS_1890,1890,Europe - Other  - No detailed classification available,GGRPHCL_ARS,Other (incl. other geographical concepts affecting more than one sub-region)
ECB,GGRPHCL_ARS_4J89,4J89,EASA (European Aviation Safety Agency),GGRPHCL_ARS,EASA (European Aviation Safety Agency)
ECB,GGRPHCL_ARS_5Z45,5Z45,International Council for the Exploration of the Sea (ICES),GGRPHCL_ARS,International Council for the Exploration of the Sea (ICES)
ECB,GGRPHCL_ARS_5Z41,5Z41,WMO (World Meteorological Organization),GGRPHCL_ARS,WMO (World Meteorological Organization)
ECB,TYP_INSTRMNT_551,551,Other deposits not part of minimum reserve system (IMF purposes),TYP_INSTRMNT,Other deposits not part of minimum reserve system (IMF purposes)
ECB,GGRPHCL_ARS_2380,2380,Central and South America - Other geographical area (more than one country within the sub-region),GGRPHCL_ARS,Central and South America - Other geographical area (more than one country within the sub-region)
ECB,TYP_INSTRMNT_255,255,"Loans, debt securities, Equity and non-MMF investment fund shares/units",TYP_INSTRMNT,
ECB,GGRPHCL_ARS_4290,4290,Middle East - No detailed classification available,GGRPHCL_ARS,Middle East - No detailed classification available
ECB,TYP_INSTRMNT_220,220,Shares,TYP_INSTRMNT,Shares
ECB,GGRPHCL_ARS_4390,4390,Africa - No detailed classification available,GGRPHCL_ARS,Africa - No detailed classification available
ECB,TYP_INSTRMNT_120,120,Transit items,TYP_INSTRMNT,Transit items
ECB,GGRPHCL_ARS_5Z34,5Z34,UNCTAD (United Nations Conference on Trade and Development),GGRPHCL_ARS,UNCTAD (United Nations Conference on Trade and Development)
ECB,GGRPHCL_ARS_5Z30,5Z30,OCAS (Organization of Central American States),GGRPHCL_ARS,OCAS (Organization of Central American States)
ECB,TYP_INSTRMNT_979,979,Other than loan commitments and financial guarantees received,TYP_INSTRMNT,Other than loan commitments and financial guarantees received
ECB,GGRPHCL_ARS_5Z38,5Z38,WAMI (West African Monetary Institute),GGRPHCL_ARS,WAMI (West African Monetary Institute)
ECB,TYP_INSTRMNT_920,920,Financial guarantees given,TYP_INSTRMNT,Financial guarantees given
ECB,GGRPHCL_ARS_4890,4890,Middle East & Africa - Other - No detailed classification available,GGRPHCL_ARS,Other (incl. other geographical concepts affecting more than one sub-region)
ECB,TYP_INSTRMNT_571,571,"Loans, debt securities, Equity and non-MMF investment fund shares/units",TYP_INSTRMNT,
ECB,TYP_INSTRMNT_969,969,"Loan commitments received, Financial guarantees received, Other commitments received",TYP_INSTRMNT,"Loan commitments received, Financial guarantees received, Other commitments received"
ECB,GGRPHCL_ARS_5Z28,5Z28,OAS (Organization of American States),GGRPHCL_ARS,OAS (Organization of American States)
ECB,SRC_ENCMBRNC_104,104,All sources of encumbrance that are financial liabilities,SRC_ENCMBRNC,All sources of encumbrance that are financial liabilities
ECB,SRC_ENCMBRNC_100,100,Encumbered,SRC_ENCMBRNC,"See EBA ITS on Asset encumbrance, 1.7. Definition of encumbrance."
ECB,GGRPHCL_ARS_4880,4880,Middle East & Africa - Other - Other geographical concepts affecting more than one sub-region,GGRPHCL_ARS,Other (incl. other geographical concepts affecting more than one sub-region)
ECB,TYP_INSTRMNT_930,930,Other commitments given,TYP_INSTRMNT,Other commitments given
ECB,TYP_INSTRMNT_238,238,MMF shares/units,TYP_INSTRMNT,"Money market fund shares or units are issued by money market funds which are investment funds that invest only or primarily in short-term debt securities such as treasury bills, certificates of deposit, and commercial paper and also in long-term debt securities with a residual short-term maturity. Money market fund shares or units may be transferable and are often regarded as close substitutes for deposits. As defined in Reg. (EU) No 549/2013 Annex A."
ECB,GGRPHCL_ARS_4380,4380,Africa - Other geographical area (more than one country within the sub-region),GGRPHCL_ARS,Africa - Other geographical area (more than one country within the sub-region)
ECB,GGRPHCL_ARS_4280,4280,Middle East - Other geographical area (more than one country within the sub-region),GGRPHCL_ARS,Middle East - Other geographical area (more than one country within the sub-region)
ECB,TYP_INSTRMNT_230,230,Other equity,TYP_INSTRMNT,Other equity
ECB,TYP_INSTRMNT_030,030,On demand [call] and short notice [current account] other than overdrafts,TYP_INSTRMNT,On demand [call] and short notice [current account] other than overdrafts
ECB,GGRPHCL_ARS_5Z24,5Z24,OLADE (Latin American Energy Organization),GGRPHCL_ARS,OLADE (Latin American Energy Organization)
ECB,TYP_INSTRMNT_130,130,Suspence items,TYP_INSTRMNT,Suspence items
ECB,GGRPHCL_ARS_5Z20,5Z20,IOOC (International Olive Oil Council),GGRPHCL_ARS,IOOC (International Olive Oil Council)
ECB,GGRPHCL_ARS_DEC06,DEC06,St. Wendel,GGRPHCL_ARS,St. Wendel
ECB,GGRPHCL_ARS_NL342,NL342,Overig Zeeland,GGRPHCL_ARS,Overig Zeeland
ECB,GGRPHCL_ARS_DEG02,DEG02,"Gera, Kreisfreie Stadt",GGRPHCL_ARS,"Gera, Kreisfreie Stadt"
ECB,GGRPHCL_ARS_SE211,SE211,Jönköpings län,GGRPHCL_ARS,Jönköpings län
ECB,GGRPHCL_ARS_UKJ35,UKJ35,South Hampshire,GGRPHCL_ARS,South Hampshire
ECB,GGRPHCL_ARS_ES416,ES416,Segovia,GGRPHCL_ARS,Segovia
ECB,GGRPHCL_ARS_ES112,ES112,Lugo,GGRPHCL_ARS,Lugo
ECB,GGRPHCL_ARS_DE80J,DE80J,Mecklenburgische Seenplatte,GGRPHCL_ARS,Mecklenburgische Seenplatte
ECB,GGRPHCL_ARS_FR251,FR251,Calvados,GGRPHCL_ARS,Calvados
ECB,GGRPHCL_ARS_SE311,SE311,Värmlands län,GGRPHCL_ARS,Värmlands län
ECB,GGRPHCL_ARS_DEF02,DEF02,"Kiel, Kreisfreie Stadt",GGRPHCL_ARS,"Kiel, Kreisfreie Stadt"
ECB,GGRPHCL_ARS_DE40F,DE40F,Prignitz,GGRPHCL_ARS,Prignitz
ECB,GGRPHCL_ARS_UKG39,UKG39,Wolverhampton,GGRPHCL_ARS,Wolverhampton
ECB,GGRPHCL_ARS_ITG2G,ITG2G,Oristano,GGRPHCL_ARS,Oristano
ECB,GGRPHCL_ARS_DE933,DE933,Harburg,GGRPHCL_ARS,Harburg
ECB,GGRPHCL_ARS_SI038,SI038,Primorsko-notranjska,GGRPHCL_ARS,Primorsko-notranjska
ECB,GGRPHCL_ARS_IE021,IE021,Dublin,GGRPHCL_ARS,Dublin
ECB,GGRPHCL_ARS_UKM31,UKM31,"East Dunbartonshire, West Dunbartonshire and Helensburgh & Lomond",GGRPHCL_ARS,"East Dunbartonshire, West Dunbartonshire and Helensburgh & Lomond"
ECB,GGRPHCL_ARS_HR037,HR037,Dubrovacko-neretvanska Županija,GGRPHCL_ARS,Dubrovacko-neretvanska Županija
ECB,GGRPHCL_ARS_ITF43,ITF43,Taranto,GGRPHCL_ARS,Taranto
ECB,GGRPHCL_ARS_4J841,4J841,CdT (Translation Centre for the Bodies of the European Union),GGRPHCL_ARS,CdT (Translation Centre for the Bodies of the European Union)
ECB,GGRPHCL_ARS_DK031,DK031,Fyn,GGRPHCL_ARS,Fyn
ECB,GGRPHCL_ARS_UKH35,UKH35,West Essex,GGRPHCL_ARS,West Essex
ECB,GGRPHCL_ARS_ES616,ES616,Jaén,GGRPHCL_ARS,Jaén
ECB,GGRPHCL_ARS_ES212,ES212,Guipúzcoa,GGRPHCL_ARS,Guipúzcoa
ECB,GGRPHCL_ARS_ITC47,ITC47,Brescia,GGRPHCL_ARS,Brescia
ECB,GGRPHCL_ARS_DE266,DE266,Rhön-Grabfeld,GGRPHCL_ARS,Rhön-Grabfeld
ECB,GGRPHCL_ARS_ITI12,ITI12,Lucca,GGRPHCL_ARS,Lucca
ECB,GGRPHCL_ARS_DEE02,DEE02,"Halle (Saale), Kreisfreie Stadt",GGRPHCL_ARS,"Halle (Saale), Kreisfreie Stadt"
ECB,GGRPHCL_ARS_DE262,DE262,"Schweinfurt, Kreisfreie Stadt",GGRPHCL_ARS,"Schweinfurt, Kreisfreie Stadt"
ECB,GGRPHCL_ARS_LV00C,LV00C,Vidzeme,GGRPHCL_ARS,Vidzeme
ECB,TYP_INSTRMNT_1002,1002,Credit lines other than revolving credit,TYP_INSTRMNT,"Credit that has the following features:(i)         the debtor may use or withdraw funds up to a pre-approved credit limit without giving prior notice to the creditor;(ii)        the credit may be used repeatedly; and(iii)       it is not revolving credit,"
ECB,GGRPHCL_ARS_EL543,EL543,Ioannina,GGRPHCL_ARS,Ioannina
ECB,GGRPHCL_ARS_ITC43,ITC43,Lecco,GGRPHCL_ARS,Lecco
ECB,GGRPHCL_ARS_UKH31,UKH31,Southend-on-Sea,GGRPHCL_ARS,Southend-on-Sea
ECB,GGRPHCL_ARS_DEB3K,DEB3K,Südwestpfalz,GGRPHCL_ARS,Südwestpfalz
ECB,GGRPHCL_ARS_ES612,ES612,Cádiz,GGRPHCL_ARS,Cádiz
ECB,GGRPHCL_ARS_FRF31,FRF31,Meurthe-et-Moselle,GGRPHCL_ARS,Meurthe-et-Moselle
ECB,GGRPHCL_ARS_DEE06,DEE06,Jerichower Land,GGRPHCL_ARS,Jerichower Land
ECB,GGRPHCL_ARS_ITI16,ITI16,Livorno,GGRPHCL_ARS,Livorno
ECB,GGRPHCL_ARS_IE025,IE025,South-West (IE),GGRPHCL_ARS,South-West (IE)
ECB,GGRPHCL_ARS_DE937,DE937,Rotenburg (Wümme),GGRPHCL_ARS,Rotenburg (Wümme)
ECB,GGRPHCL_ARS_ITG2C,ITG2C,Carbonia-Iglesias,GGRPHCL_ARS,Carbonia-Iglesias
ECB,GGRPHCL_ARS_UKI31,UKI31,Camden and City of London,GGRPHCL_ARS,Camden and City of London
ECB,GGRPHCL_ARS_ITF47,ITF47,Bari,GGRPHCL_ARS,Bari
ECB,GGRPHCL_ARS_HR033,HR033,Zadarska županija,GGRPHCL_ARS,Zadarska županija
ECB,GGRPHCL_ARS_UKM35,UKM35,"Inverclyde, East Renfrewshire and Renfrewshire",GGRPHCL_ARS,"Inverclyde, East Renfrewshire and Renfrewshire"
ECB,GGRPHCL_ARS_NL32B,NL32B,Groot-Amsterdam,GGRPHCL_ARS,Groot-Amsterdam
ECB,GGRPHCL_ARS_ES512,ES512,Girona,GGRPHCL_ARS,Girona
ECB,GGRPHCL_ARS_BE224,BE224,Arr. Hasselt,GGRPHCL_ARS,Arr. Hasselt
ECB,GGRPHCL_ARS_EL643,EL643,Evrytania,GGRPHCL_ARS,Evrytania
ECB,GGRPHCL_ARS_DE80N,DE80N,Vorpommern-Greifswald,GGRPHCL_ARS,Vorpommern-Greifswald
ECB,GGRPHCL_ARS_DEF06,DEF06,Herzogtum Lauenburg,GGRPHCL_ARS,Herzogtum Lauenburg
ECB,GGRPHCL_ARS_DE40B,DE40B,Oberspreewald-Lausitz,GGRPHCL_ARS,Oberspreewald-Lausitz
ECB,GGRPHCL_ARS_DEG06,DEG06,Eichsfeld,GGRPHCL_ARS,Eichsfeld
ECB,GGRPHCL_ARS_DEC02,DEC02,Merzig-Wadern,GGRPHCL_ARS,Merzig-Wadern
ECB,TYP_INSTRMNT_1202,1202,On demand deposit not used for minimum reserve,TYP_INSTRMNT,On demand deposit not used for minimum reserve
ECB,GGRPHCL_ARS_BE324,BE324,Arr. Mouscron,GGRPHCL_ARS,Arr. Mouscron
ECB,GGRPHCL_ARS_SK042,SK042,Košický kraj,GGRPHCL_ARS,Košický kraj
ECB,GGRPHCL_ARS_4J818,4J818,EFSA (European Food Safety Authority),GGRPHCL_ARS,EFSA (European Food Safety Authority)
ECB,GGRPHCL_ARS_FR108,FR108,Val-d''Oise,GGRPHCL_ARS,Val-d''Oise
ECB,GGRPHCL_ARS_UKJ31,UKJ31,Portsmouth,GGRPHCL_ARS,Portsmouth
ECB,GGRPHCL_ARS_ES412,ES412,Burgos,GGRPHCL_ARS,Burgos
ECB,GGRPHCL_ARS_DE25C,DE25C,Weißenburg-Gunzenhausen,GGRPHCL_ARS,Weißenburg-Gunzenhausen
ECB,GGRPHCL_ARS_DED53,DED53,Nordsachsen,GGRPHCL_ARS,Nordsachsen
ECB,GGRPHCL_ARS_ITH43,ITH43,Gorizia,GGRPHCL_ARS,Gorizia
ECB,GGRPHCL_ARS_ITF12,ITF12,Teramo,GGRPHCL_ARS,Teramo
ECB,GGRPHCL_ARS_DE733,DE733,Hersfeld-Rotenburg,GGRPHCL_ARS,Hersfeld-Rotenburg
ECB,GGRPHCL_ARS_RO224,RO224,Galati,GGRPHCL_ARS,Galati
ECB,GGRPHCL_ARS_DE237,DE237,Neustadt a. d. Waldnaab,GGRPHCL_ARS,Neustadt a. d. Waldnaab
ECB,GGRPHCL_ARS_LT011,LT011,Vilniaus apskritis,GGRPHCL_ARS,Vilniaus apskritis
ECB,GGRPHCL_ARS_ES243,ES243,Zaragoza,GGRPHCL_ARS,Zaragoza
ECB,GGRPHCL_ARS_ITC16,ITC16,Cuneo,GGRPHCL_ARS,Cuneo
ECB,GGRPHCL_ARS_ITG12,ITG12,Palermo,GGRPHCL_ARS,Palermo
ECB,GGRPHCL_ARS_4J810,4J810,ECDC (European Centre for Disease Prevention and Control),GGRPHCL_ARS,ECDC (European Centre for Disease Prevention and Control)
ECB,GGRPHCL_ARS_ITI43,ITI43,Roma,GGRPHCL_ARS,Roma
ECB,GGRPHCL_ARS_NL113,NL113,Overig Groningen,GGRPHCL_ARS,Overig Groningen
ECB,GGRPHCL_ARS_PL331,PL331,Kielecki,GGRPHCL_ARS,Kielecki
ECB,GGRPHCL_ARS_DEA57,DEA57,Hochsauerlandkreis,GGRPHCL_ARS,Hochsauerlandkreis
ECB,GGRPHCL_ARS_UKD35,UKD35,Greater Manchester South East,GGRPHCL_ARS,Greater Manchester South East
ECB,GGRPHCL_ARS_DEB3C,DEB3C,Bad Dürkheim,GGRPHCL_ARS,Bad Dürkheim
ECB,GGRPHCL_ARS_RO124,RO124,Harghita,GGRPHCL_ARS,Harghita
ECB,GGRPHCL_ARS_DE137,DE137,Tuttlingen,GGRPHCL_ARS,Tuttlingen
ECB,GGRPHCL_ARS_SI034,SI034,Savinjska,GGRPHCL_ARS,Savinjska
ECB,GGRPHCL_ARS_NL213,NL213,Twente,GGRPHCL_ARS,Twente
ECB,GGRPHCL_ARS_EL612,EL612,Larisa,GGRPHCL_ARS,Larisa
ECB,GGRPHCL_ARS_DE133,DE133,Emmendingen,GGRPHCL_ARS,Emmendingen
ECB,GGRPHCL_ARS_FI1DC,FI1DC,Pohjois-Karjala,GGRPHCL_ARS,Pohjois-Karjala
ECB,GGRPHCL_ARS_PT184,PT184,Baixo Alentejo,GGRPHCL_ARS,Baixo Alentejo
ECB,GGRPHCL_ARS_UKE31,UKE31,"Barnsley, Doncaster and Rotherham",GGRPHCL_ARS,"Barnsley, Doncaster and Rotherham"
ECB,GGRPHCL_ARS_PL431,PL431,Gorzowski,GGRPHCL_ARS,Gorzowski
ECB,TYP_PRTCTN_VL_-99,-99,Technical null,TYP_PRTCTN_VL,Technical member to represent the null value
ECB,GGRPHCL_ARS_RO424,RO424,Timis,GGRPHCL_ARS,Timis
ECB,GGRPHCL_ARS_DEB3G,DEB3G,Kusel,GGRPHCL_ARS,Kusel
ECB,GGRPHCL_ARS_4J814,4J814,EDA (European Defence Agency),GGRPHCL_ARS,EDA (European Defence Agency)
ECB,GGRPHCL_ARS_ITG16,ITG16,Enna,GGRPHCL_ARS,Enna
ECB,GGRPHCL_ARS_BE328,BE328,Arr. Tournai-Mouscron,GGRPHCL_ARS,Arr. Tournai-Mouscron
ECB,GGRPHCL_ARS_ITC12,ITC12,Vercelli,GGRPHCL_ARS,Vercelli
ECB,GGRPHCL_ARS_EL512,EL512,Xanthi,GGRPHCL_ARS,Xanthi
ECB,GGRPHCL_ARS_DE233,DE233,"Weiden i. d. Opf, Kreisfreie Stadt",GGRPHCL_ARS,"Weiden i. d. Opf, Kreisfreie Stadt"
ECB,GGRPHCL_ARS_FR104,FR104,Essonne,GGRPHCL_ARS,Essonne
ECB,GGRPHCL_ARS_DEA53,DEA53,"Hagen, Kreisfreie Stadt",GGRPHCL_ARS,"Hagen, Kreisfreie Stadt"
ECB,GGRPHCL_ARS_UKG31,UKG31,Birmingham,GGRPHCL_ARS,Birmingham
ECB,GGRPHCL_ARS_UKM83,UKM83,"Inverclyde, East Renfrewshire and Renfrewshire",GGRPHCL_ARS,"Inverclyde, East Renfrewshire and Renfrewshire"
ECB,GGRPHCL_ARS_NL413,NL413,Noordoost-Noord-Brabant,GGRPHCL_ARS,Noordoost-Noord-Brabant
ECB,GGRPHCL_ARS_UKM64,UKM64,Eilean Siar (Western Isles),GGRPHCL_ARS,Eilean Siar (Western Isles)
ECB,GGRPHCL_ARS_EL412,EL412,Samos,GGRPHCL_ARS,Samos
ECB,GGRPHCL_ARS_HR062,HR062,Varaždinska županija,GGRPHCL_ARS,Varaždinska županija
ECB,GGRPHCL_ARS_FRI31,FRI31,Charente,GGRPHCL_ARS,Charente
ECB,GGRPHCL_ARS_DE737,DE737,Werra-Meißner-Kreis,GGRPHCL_ARS,Werra-Meißner-Kreis
ECB,GGRPHCL_ARS_CZ051,CZ051,Liberecký kraj,GGRPHCL_ARS,Liberecký kraj
ECB,GGRPHCL_ARS_DE227,DE227,"Landshut, Landkreis",GGRPHCL_ARS,"Landshut, Landkreis"
ECB,GGRPHCL_ARS_LT001,LT001,Alytaus apskritis,GGRPHCL_ARS,Alytaus apskritis
ECB,TYP_INSTRMNT_2106,2106,Other debt securities issued - convertible compound financial instruments,TYP_INSTRMNT,Other debt securities issued - convertible compound financial instruments
ECB,GGRPHCL_ARS_LTZZZ,LTZZZ,Extra-Regio NUTS 3,GGRPHCL_ARS,Extra-Regio NUTS 3 - Lithuania
ECB,GGRPHCL_ARS_FR514,FR514,Sarthe,GGRPHCL_ARS,Sarthe
ECB,GGRPHCL_ARS_UKF25,UKF25,North Northamptonshire,GGRPHCL_ARS,North Northamptonshire
ECB,GGRPHCL_ARS_DEA47,DEA47,Paderborn,GGRPHCL_ARS,Paderborn
ECB,GGRPHCL_ARS_UKC21,UKC21,Northumberland,GGRPHCL_ARS,Northumberland
ECB,GGRPHCL_ARS_DE24C,DE24C,Lichtenfels,GGRPHCL_ARS,Lichtenfels
ECB,GGRPHCL_ARS_DED43,DED43,Mittelsachsen,GGRPHCL_ARS,Mittelsachsen
ECB,GGRPHCL_ARS_ITH53,ITH53,Reggio nell''Emilia,GGRPHCL_ARS,Reggio nell''Emilia
ECB,GGRPHCL_ARS_UKI74,UKI74,Harrow and Hillingdon,GGRPHCL_ARS,Harrow and Hillingdon
ECB,GGRPHCL_ARS_PT1D3,PT1D3,Lezíria do Tejo,GGRPHCL_ARS,Lezíria do Tejo
ECB,GGRPHCL_ARS_DE723,DE723,Limburg-Weilburg,GGRPHCL_ARS,Limburg-Weilburg
ECB,GGRPHCL_ARS_FR414,FR414,Vosges,GGRPHCL_ARS,Vosges
ECB,GGRPHCL_ARS_DEA2C,DEA2C,Rhein-Sieg-Kreis,GGRPHCL_ARS,Rhein-Sieg-Kreis
ECB,GGRPHCL_ARS_FR614,FR614,Lot-et-Garonne,GGRPHCL_ARS,Lot-et-Garonne
ECB,GGRPHCL_ARS_FRK25,FRK25,Loire,GGRPHCL_ARS,Loire
ECB,GGRPHCL_ARS_DE127,DE127,Neckar-Odenwald-Kreis,GGRPHCL_ARS,Neckar-Odenwald-Kreis
ECB,GGRPHCL_ARS_BG342,BG342,Sliven,GGRPHCL_ARS,Sliven
ECB,GGRPHCL_ARS_DE21N,DE21N,Weilheim-Schongau,GGRPHCL_ARS,Weilheim-Schongau
ECB,GGRPHCL_ARS_FI1C3,FI1C3,Päijät-Häme,GGRPHCL_ARS,Päijät-Häme
ECB,GGRPHCL_ARS_PT11C,PT11C,Tâmega e Sousa,GGRPHCL_ARS,Tâmega e Sousa
ECB,GGRPHCL_ARS_FRJ25,FRJ25,Lot,GGRPHCL_ARS,Lot
ECB,GGRPHCL_ARS_FR714,FR714,Isère,GGRPHCL_ARS,Isère
ECB,GGRPHCL_ARS_EL302,EL302,Dytikos Tomeas Athinon,GGRPHCL_ARS,Dytikos Tomeas Athinon
ECB,GGRPHCL_ARS_FI1C7,FI1C7,Kymenlaakso,GGRPHCL_ARS,Kymenlaakso
ECB,GGRPHCL_ARS_FRJ21,FRJ21,Ariège,GGRPHCL_ARS,Ariège
ECB,GGRPHCL_ARS_EL306,EL306,Dytiki Attiki,GGRPHCL_ARS,Dytiki Attiki
ECB,GGRPHCL_ARS_FR214,FR214,Haute-Marne,GGRPHCL_ARS,Haute-Marne
ECB,GGRPHCL_ARS_DE123,DE123,"Karlsruhe, Landkreis",GGRPHCL_ARS,"Karlsruhe, Landkreis"
ECB,GGRPHCL_ARS_FRK21,FRK21,Ain,GGRPHCL_ARS,Ain
ECB,GGRPHCL_ARS_PT194,PT194,Viseu Dão Lafões,GGRPHCL_ARS,Viseu Dão Lafões
ECB,GGRPHCL_ARS_UKE21,UKE21,York,GGRPHCL_ARS,York
ECB,GGRPHCL_ARS_DE21J,DE21J,Pfaffenhofen a. d. Ilm,GGRPHCL_ARS,Pfaffenhofen a. d. Ilm
ECB,GGRPHCL_ARS_PL621,PL621,Elblaski,GGRPHCL_ARS,Elblaski
ECB,GGRPHCL_ARS_UKG21,UKG21,Telford and Wrekin,GGRPHCL_ARS,Telford and Wrekin
ECB,GGRPHCL_ARS_ITH57,ITH57,Ravenna,GGRPHCL_ARS,Ravenna
ECB,GGRPHCL_ARS_PL225,PL225,Bielski,GGRPHCL_ARS,Bielski
ECB,GGRPHCL_ARS_UKM93,UKM93,East Ayrshire and North Ayrshire mainland,GGRPHCL_ARS,East Ayrshire and North Ayrshire mainland
ECB,GGRPHCL_ARS_FRI21,FRI21,Corrèze,GGRPHCL_ARS,Corrèze
ECB,GGRPHCL_ARS_CZ041,CZ041,Karlovarský kraj,GGRPHCL_ARS,Karlovarský kraj
ECB,GGRPHCL_ARS_DE91B,DE91B,Wolfenbüttel,GGRPHCL_ARS,Wolfenbüttel
ECB,GGRPHCL_ARS_DED2C,DED2C,Bautzen,GGRPHCL_ARS,Bautzen
ECB,GGRPHCL_ARS_CY000,CY000,Kýpros,GGRPHCL_ARS,Kýpros
ECB,GGRPHCL_ARS_LT005,LT005,Panevežio Apskritis,GGRPHCL_ARS,Panevežio Apskritis
ECB,GGRPHCL_ARS_DE223,DE223,"Straubing, Kreisfreie Stadt",GGRPHCL_ARS,"Straubing, Kreisfreie Stadt"
ECB,TYP_INSTRMNT_2102,2102,Certificates of deposits,TYP_INSTRMNT,Certificates of deposits
ECB,GGRPHCL_ARS_DEA43,DEA43,Herford,GGRPHCL_ARS,Herford
ECB,GGRPHCL_ARS_PL325,PL325,Rzeszowski,GGRPHCL_ARS,Rzeszowski
ECB,GGRPHCL_ARS_AT342,AT342,Rheintal-Bodenseegebiet,GGRPHCL_ARS,Rheintal-Bodenseegebiet
ECB,GGRPHCL_ARS_PL721,PL721,Kielecki,GGRPHCL_ARS,Kielecki
ECB,GGRPHCL_ARS_UKF21,UKF21,Leicester,GGRPHCL_ARS,Leicester
ECB,GGRPHCL_ARS_FR241,FR241,Cher,GGRPHCL_ARS,Cher
ECB,GGRPHCL_ARS_FR814,FR814,Lozère,GGRPHCL_ARS,Lozère
ECB,GGRPHCL_ARS_BG313,BG313,Vratsa,GGRPHCL_ARS,Vratsa
ECB,GGRPHCL_ARS_DEB16,DEB16,Cochem-Zell,GGRPHCL_ARS,Cochem-Zell
ECB,GGRPHCL_ARS_DE11B,DE11B,Main-Tauber-Kreis,GGRPHCL_ARS,Main-Tauber-Kreis
ECB,GGRPHCL_ARS_UKD74,UKD74,Wirral,GGRPHCL_ARS,Wirral
ECB,GGRPHCL_ARS_UKJ25,UKJ25,West Surrey,GGRPHCL_ARS,West Surrey
ECB,GGRPHCL_ARS_HU120,HU120,Pest,GGRPHCL_ARS,Pest
ECB,GGRPHCL_ARS_DE94G,DE94G,Wesermarsch,GGRPHCL_ARS,Wesermarsch
ECB,GGRPHCL_ARS_SEZZZ,SEZZZ,Extra-Regio NUTS 3,GGRPHCL_ARS,Extra-Regio NUTS 3 - Sweden
ECB,GGRPHCL_ARS_PL925,PL925,Siedlecki,GGRPHCL_ARS,Siedlecki
ECB,GGRPHCL_ARS_UKH25,UKH25,Central Bedfordshire,GGRPHCL_ARS,Central Bedfordshire
ECB,GGRPHCL_ARS_DK021,DK021,Østsjælland,GGRPHCL_ARS,Østsjælland
ECB,GGRPHCL_ARS_UKL21,UKL21,Monmouthshire and Newport,GGRPHCL_ARS,Monmouthshire and Newport
ECB,GGRPHCL_ARS_FR718,FR718,Haute-Savoie,GGRPHCL_ARS,Haute-Savoie
ECB,GGRPHCL_ARS_DE276,DE276,"Augsburg, Landkreis",GGRPHCL_ARS,"Augsburg, Landkreis"
ECB,GGRPHCL_ARS_HR04C,HR04C,Vukovarsko-srijemska županija,GGRPHCL_ARS,Vukovarsko-srijemska županija
ECB,GGRPHCL_ARS_DEA16,DEA16,"Mülheim an der Ruhr,Kreisfreie Stadt",GGRPHCL_ARS,"Mülheim an der Ruhr,Kreisfreie Stadt"
ECB,GGRPHCL_ARS_DE923,DE923,Hameln-Pyrmont,GGRPHCL_ARS,Hameln-Pyrmont
ECB,GGRPHCL_ARS_DE21B,DE21B,Freising,GGRPHCL_ARS,Freising
ECB,GGRPHCL_ARS_FRC21,FRC21,Doubs,GGRPHCL_ARS,Doubs
ECB,GGRPHCL_ARS_UKM21,UKM21,Angus and Dundee City,GGRPHCL_ARS,Angus and Dundee City
ECB,GGRPHCL_ARS_HR027,HR027,Karlovačka županija,GGRPHCL_ARS,Karlovačka županija
ECB,GGRPHCL_ARS_ES706,ES706,La Gomera,GGRPHCL_ARS,La Gomera
ECB,GGRPHCL_ARS_AT213,AT213,Unterkärnten,GGRPHCL_ARS,Unterkärnten
ECB,GGRPHCL_ARS_DE21F,DE21F,Miesbach,GGRPHCL_ARS,Miesbach
ECB,GGRPHCL_ARS_DE927,DE927,Nienburg (Weser),GGRPHCL_ARS,Nienburg (Weser)
ECB,GGRPHCL_ARS_CZ010,CZ010,Hlavní Mesto Praha,GGRPHCL_ARS,Hlavní Mesto Praha
ECB,GGRPHCL_ARS_PL821,PL821,Krośnieński,GGRPHCL_ARS,Krośnieński
ECB,GGRPHCL_ARS_EE007,EE007,Kirde-Eesti,GGRPHCL_ARS,Kirde-Eesti
ECB,GGRPHCL_ARS_HR023,HR023,Požeško-slavonska županija,GGRPHCL_ARS,Požeško-slavonska županija
ECB,GGRPHCL_ARS_UKM25,UKM25,"Edinburgh, City of",GGRPHCL_ARS,"Edinburgh, City of"
ECB,GGRPHCL_ARS_DE272,DE272,"Kaufbeuren, Kreisfreie Stadt",GGRPHCL_ARS,"Kaufbeuren, Kreisfreie Stadt"
ECB,GGRPHCL_ARS_UKH21,UKH21,Luton,GGRPHCL_ARS,Luton
ECB,GGRPHCL_ARS_PL921,PL921,Radomski,GGRPHCL_ARS,Radomski
ECB,GGRPHCL_ARS_DE94C,DE94C,Leer,GGRPHCL_ARS,Leer
ECB,GGRPHCL_ARS_BG413,BG413,Blagoevgrad,GGRPHCL_ARS,Blagoevgrad
ECB,GGRPHCL_ARS_DE71B,DE71B,Odenwaldkreis,GGRPHCL_ARS,Odenwaldkreis
ECB,GGRPHCL_ARS_PL129,PL129,Warszawski-wschodni,GGRPHCL_ARS,Warszawski-wschodni
ECB,GGRPHCL_ARS_FRF21,FRF21,Ardennes,GGRPHCL_ARS,Ardennes
ECB,GGRPHCL_ARS_AT313,AT313,Mühlviertel,GGRPHCL_ARS,Mühlviertel
ECB,GGRPHCL_ARS_DEA12,DEA12,"Duisburg, Kreisfreie Stadt",GGRPHCL_ARS,"Duisburg, Kreisfreie Stadt"
ECB,GGRPHCL_ARS_FRD21,FRD21,Eure,GGRPHCL_ARS,Eure
ECB,GGRPHCL_ARS_AT113,AT113,Südburgenland,GGRPHCL_ARS,Südburgenland
ECB,GGRPHCL_ARS_BE334,BE334,Arr. Waremme,GGRPHCL_ARS,Arr. Waremme
ECB,GGRPHCL_ARS_UKJ21,UKJ21,Brighton and Hove,GGRPHCL_ARS,Brighton and Hove
ECB,GGRPHCL_ARS_LT009,LT009,Utenos apskritis,GGRPHCL_ARS,Utenos apskritis
ECB,GGRPHCL_ARS_NL33B,NL33B,Oost-Zuid-Holland,GGRPHCL_ARS,Oost-Zuid-Holland
ECB,GGRPHCL_ARS_UKK21,UKK21,Bournemouth and Poole,GGRPHCL_ARS,Bournemouth and Poole
ECB,GGRPHCL_ARS_UKM78,UKM78,West Lothian,GGRPHCL_ARS,West Lothian
ECB,GGRPHCL_ARS_EL653,EL653,"lakonia, Messinia",GGRPHCL_ARS,"lakonia, Messinia"
ECB,GGRPHCL_ARS_BE234,BE234,Arr. Gent,GGRPHCL_ARS,Arr. Gent
ECB,GGRPHCL_ARS_FR245,FR245,Loir-et-Cher,GGRPHCL_ARS,Loir-et-Cher
ECB,GGRPHCL_ARS_DEB12,DEB12,Ahrweiler,GGRPHCL_ARS,Ahrweiler
ECB,GGRPHCL_ARS_FRE21,FRE21,Aisne,GGRPHCL_ARS,Aisne
ECB,GGRPHCL_ARS_PL229,PL229,Gliwicki,GGRPHCL_ARS,Gliwicki
ECB,GGRPHCL_ARS_DEG0G,DEG0G,Weimarer Land,GGRPHCL_ARS,Weimarer Land
ECB,GGRPHCL_ARS_BE241,BE241,Arr. Halle-Vilvoorde,GGRPHCL_ARS,Arr. Halle-Vilvoorde
ECB,GGRPHCL_ARS_RO114,RO114,Maramures,GGRPHCL_ARS,Maramures
ECB,GGRPHCL_ARS_PLZZZ,PLZZZ,Extra-Regio NUTS 3,GGRPHCL_ARS,Extra-Regio NUTS 3 - Poland
ECB,GGRPHCL_ARS_FRA50,FRA50,Mayotte,GGRPHCL_ARS,Mayotte
ECB,GGRPHCL_ARS_NL323,NL323,IJmond,GGRPHCL_ARS,IJmond
ECB,GGRPHCL_ARS_BE341,BE341,Arr. Arlon,GGRPHCL_ARS,Arr. Arlon
ECB,TYP_INSTRMNT_1663,1663,"Derivatives, Short positions, Deposits, Debt securities, Other financial liabilities",TYP_INSTRMNT,"Derivatives, Short positions, Deposits, Debt securities, Other financial liabilities"
ECB,GGRPHCL_ARS_DE403,DE403,"Frankfurt (Oder), Kreisfreie Stadt",GGRPHCL_ARS,"Frankfurt (Oder), Kreisfreie Stadt"
ECB,GGRPHCL_ARS_EL526,EL526,Serres,GGRPHCL_ARS,Serres
ECB,GGRPHCL_ARS_LT021,LT021,Alytaus apskritis,GGRPHCL_ARS,Alytaus apskritis
ECB,GGRPHCL_ARS_FRL01,FRL01,Alpes-de-Haute-Provence,GGRPHCL_ARS,Alpes-de-Haute-Provence
ECB,GGRPHCL_ARS_RO214,RO214,Neamt,GGRPHCL_ARS,Neamt
ECB,GGRPHCL_ARS_4J820,4J820,GSA (European GNSS Agency),GGRPHCL_ARS,GSA (European GNSS Agency)
ECB,GGRPHCL_ARS_FR534,FR534,Vienne,GGRPHCL_ARS,Vienne
ECB,GGRPHCL_ARS_DK050,DK050,Nordjylland,GGRPHCL_ARS,Nordjylland
ECB,GGRPHCL_ARS_NL123,NL123,Zuidoost-Friesland,GGRPHCL_ARS,Zuidoost-Friesland
ECB,GGRPHCL_ARS_DE26C,DE26C,"Würzburg, Landkreis",GGRPHCL_ARS,"Würzburg, Landkreis"
ECB,GGRPHCL_ARS_ITC4B,ITC4B,Mantova,GGRPHCL_ARS,Mantova
ECB,GGRPHCL_ARS_FR434,FR434,Territoire de Belfort,GGRPHCL_ARS,Territoire de Belfort
ECB,GGRPHCL_ARS_ITF22,ITF22,Campobasso,GGRPHCL_ARS,Campobasso
ECB,GGRPHCL_ARS_UKI54,UKI54,Enfield,GGRPHCL_ARS,Enfield
ECB,GGRPHCL_ARS_UKM50,UKM50,Aberdeen City and Aberdeenshire,GGRPHCL_ARS,Aberdeen City and Aberdeenshire
ECB,GGRPHCL_ARS_FRM01,FRM01,Corse-du-Sud,GGRPHCL_ARS,Corse-du-Sud
ECB,GGRPHCL_ARS_RO314,RO314,Giurgiu,GGRPHCL_ARS,Giurgiu
ECB,GGRPHCL_ARS_NL423,NL423,Zuid-Limburg,GGRPHCL_ARS,Zuid-Limburg
ECB,GGRPHCL_ARS_LV006,LV006,Riga,GGRPHCL_ARS,Riga
ECB,GGRPHCL_ARS_EL422,EL422,Kyklades,GGRPHCL_ARS,Kyklades
ECB,GGRPHCL_ARS_DEE0C,DEE0C,Salzlandkreis,GGRPHCL_ARS,Salzlandkreis
ECB,GGRPHCL_ARS_ITG26,ITG26,Nuoro,GGRPHCL_ARS,Nuoro
ECB,GGRPHCL_ARS_DE93B,DE93B,Verden,GGRPHCL_ARS,Verden
ECB,GGRPHCL_ARS_4J824,4J824,EMA (European Medicines Agency),GGRPHCL_ARS,EMA (European Medicines Agency)
ECB,GGRPHCL_ARS_UKN09,UKN09,Ards and North Down,GGRPHCL_ARS,Ards and North Down
ECB,GGRPHCL_ARS_FRH01,FRH01,Côtes-d’Armor,GGRPHCL_ARS,Côtes-d’Armor
ECB,GGRPHCL_ARS_EL522,EL522,Thessaloniki,GGRPHCL_ARS,Thessaloniki
ECB,GGRPHCL_ARS_PT16J,PT16J,Beiras e Serra da Estrela,GGRPHCL_ARS,Beiras e Serra da Estrela
ECB,GGRPHCL_ARS_FRL05,FRL05,Var,GGRPHCL_ARS,Var
ECB,GGRPHCL_ARS_LT025,LT025,Panevėžio apskritis,GGRPHCL_ARS,Panevėžio apskritis
ECB,GGRPHCL_ARS_NL127,NL127,Noord-Friesland,GGRPHCL_ARS,Noord-Friesland
ECB,GGRPHCL_ARS_FI199,FI199,Etelä-Pohjanmaa,GGRPHCL_ARS,Etelä-Pohjanmaa
ECB,GGRPHCL_ARS_NL327,NL327,Het Gooi en Vechtstreek,GGRPHCL_ARS,Het Gooi en Vechtstreek
ECB,GGRPHCL_ARS_DEF0C,DEF0C,Schleswig-Flensburg,GGRPHCL_ARS,Schleswig-Flensburg
ECB,GGRPHCL_ARS_RO414,RO414,Olt,GGRPHCL_ARS,Olt
ECB,GGRPHCL_ARS_DE407,DE407,Elbe-Elster,GGRPHCL_ARS,Elbe-Elster
ECB,TYP_INSTRMNT_1667,1667,"Derivatives,
Deposits, Debt securities, Other financial liabilities",TYP_INSTRMNT,"Derivatives,
Deposits, Debt securities, Other financial liabilities"
ECB,GGRPHCL_ARS_BE345,BE345,Arr. Virton,GGRPHCL_ARS,Arr. Virton
ECB,GGRPHCL_ARS_SK023,SK023,Nitriansky kraj,GGRPHCL_ARS,Nitriansky kraj
ECB,GGRPHCL_ARS_EL622,EL622,Kerkyra,GGRPHCL_ARS,Kerkyra
ECB,GGRPHCL_ARS_DEG0C,DEG0C,Gotha,GGRPHCL_ARS,Gotha
ECB,GGRPHCL_ARS_BE32A,BE32A,Arr. Ath,GGRPHCL_ARS,Arr. Ath
ECB,GGRPHCL_ARS_DKZZZ,DKZZZ,Extra-Regio NUTS 3,GGRPHCL_ARS,Extra-Regio NUTS 3 - Denmark
ECB,GGRPHCL_ARS_DE256,DE256,"Ansbach, Landkreis",GGRPHCL_ARS,"Ansbach, Landkreis"
ECB,GGRPHCL_ARS_FRB01,FRB01,Cher,GGRPHCL_ARS,Cher
ECB,GGRPHCL_ARS_DEA36,DEA36,Recklinghausen,GGRPHCL_ARS,Recklinghausen
ECB,GGRPHCL_ARS_DE803,DE803,"Rostock, Kreisfreie Stadt",GGRPHCL_ARS,"Rostock, Kreisfreie Stadt"
ECB,GGRPHCL_ARS_ITI22,ITI22,Terni,GGRPHCL_ARS,Terni
ECB,GGRPHCL_ARS_FRG05,FRG05,Vendée,GGRPHCL_ARS,Vendée
ECB,GGRPHCL_ARS_IE011,IE011,Border,GGRPHCL_ARS,Border
ECB,GGRPHCL_ARS_DEA5B,DEA5B,Soest,GGRPHCL_ARS,Soest
ECB,GGRPHCL_ARS_DEG0K,DEG0K,Saale-Orla-Kreis,GGRPHCL_ARS,Saale-Orla-Kreis
ECB,GGRPHCL_ARS_PT1C2,PT1C2,Baixo Alentejo,GGRPHCL_ARS,Baixo Alentejo
ECB,GGRPHCL_ARS_SE121,SE121,Uppsala län,GGRPHCL_ARS,Uppsala län
ECB,GGRPHCL_ARS_FR261,FR261,Côte-d''Or,GGRPHCL_ARS,Côte-d''Or
ECB,GGRPHCL_ARS_SE321,SE321,Västernorrlands län,GGRPHCL_ARS,Västernorrlands län
ECB,GGRPHCL_ARS_DEB36,DEB36,"Neustadt an der Weinstraße, Kreisfreie Stadt",GGRPHCL_ARS,"Neustadt an der Weinstraße, Kreisfreie Stadt"
ECB,GGRPHCL_ARS_BG333,BG333,Shumen,GGRPHCL_ARS,Shumen
ECB,GGRPHCL_ARS_FI1D2,FI1D2,Pohjois-Savo,GGRPHCL_ARS,Pohjois-Savo
ECB,GGRPHCL_ARS_PT16B,PT16B,Oeste,GGRPHCL_ARS,Oeste
ECB,GGRPHCL_ARS_SE221,SE221,Blekinge län,GGRPHCL_ARS,Blekinge län
ECB,GGRPHCL_ARS_FRY40,FRY40,La Réunion,GGRPHCL_ARS,La Réunion
ECB,GGRPHCL_ARS_FRext,FRext,France + Monaco + French overseas departments + Saint-Pierre-et-Miquelon + Mayotte,GGRPHCL_ARS,France + Monaco + French overseas departments + Saint-Pierre-et-Miquelon + Mayotte
ECB,GGRPHCL_ARS_BE310,BE310,Arr. Nivelles,GGRPHCL_ARS,Arr. Nivelles
ECB,GGRPHCL_ARS_UKN01,UKN01,Belfast,GGRPHCL_ARS,Belfast
ECB,GGRPHCL_ARS_FI1D6,FI1D6,Pohjois-Pohjanmaa,GGRPHCL_ARS,Pohjois-Pohjanmaa
ECB,GGRPHCL_ARS_UKN05,UKN05,West and South of Northern Ireland,GGRPHCL_ARS,West and South of Northern Ireland
ECB,GGRPHCL_ARS_4J828,4J828,EPSO (European Personnel Selection Office),GGRPHCL_ARS,EPSO (European Personnel Selection Office)
ECB,GGRPHCL_ARS_LT029,LT029,Utenos apskritis,GGRPHCL_ARS,Utenos apskritis
ECB,GGRPHCL_ARS_PT16F,PT16F,Região de Leiria,GGRPHCL_ARS,Região de Leiria
ECB,GGRPHCL_ARS_ES422,ES422,Ciudad Real,GGRPHCL_ARS,Ciudad Real
ECB,GGRPHCL_ARS_ES522,ES522,Castellón / Castelló,GGRPHCL_ARS,Castellón / Castelló
ECB,GGRPHCL_ARS_MTZZZ,MTZZZ,Extra-Regio NUTS 3,GGRPHCL_ARS,Extra-Regio NUTS 3 - Malta
ECB,GGRPHCL_ARS_MT001,MT001,Malta,GGRPHCL_ARS,Malta
ECB,GGRPHCL_ARS_DEB32,DEB32,"Kaiserslautern, Kreisfreie Stadt",GGRPHCL_ARS,"Kaiserslautern, Kreisfreie Stadt"
ECB,GGRPHCL_ARS_FRG01,FRG01,Loire-Atlantique,GGRPHCL_ARS,Loire-Atlantique
ECB,GGRPHCL_ARS_SE125,SE125,Västmanlands län,GGRPHCL_ARS,Västmanlands län
ECB,GGRPHCL_ARS_DE252,DE252,"Erlangen, Kreisfreie Stadt",GGRPHCL_ARS,"Erlangen, Kreisfreie Stadt"
ECB,GGRPHCL_ARS_FI195,FI195,Pohjanmaa,GGRPHCL_ARS,Pohjanmaa
ECB,GGRPHCL_ARS_DEA32,DEA32,"Gelsenkirchen, Kreisfreie Stadt",GGRPHCL_ARS,"Gelsenkirchen, Kreisfreie Stadt"
ECB,GGRPHCL_ARS_FRB05,FRB05,Loir-et-Cher,GGRPHCL_ARS,Loir-et-Cher
ECB,GGRPHCL_ARS_AT333,AT333,Osttirol,GGRPHCL_ARS,Osttirol
ECB,GGRPHCL_ARS_DE913,DE913,"Wolfsburg, Kreisfreie Stadt",GGRPHCL_ARS,"Wolfsburg, Kreisfreie Stadt"
ECB,GGRPHCL_ARS_ITH32,ITH32,Vicenza,GGRPHCL_ARS,Vicenza
ECB,GGRPHCL_ARS_DE22B,DE22B,Straubing-Bogen,GGRPHCL_ARS,Straubing-Bogen
ECB,GGRPHCL_ARS_IEZZZ,IEZZZ,Extra-Regio NUTS 3,GGRPHCL_ARS,Extra-Regio NUTS 3 - Irland
ECB,GGRPHCL_ARS_FRC11,FRC11,Côte-d’Or,GGRPHCL_ARS,Côte-d’Or
ECB,GGRPHCL_ARS_FR628,FR628,Tarn-et-Garonne,GGRPHCL_ARS,Tarn-et-Garonne
ECB,GGRPHCL_ARS_ITF63,ITF63,Catanzaro,GGRPHCL_ARS,Catanzaro
ECB,GGRPHCL_ARS_PL815,PL815,Puławski,GGRPHCL_ARS,Puławski
ECB,GGRPHCL_ARS_DK011,DK011,Byen København,GGRPHCL_ARS,Byen København
ECB,GGRPHCL_ARS_UKH15,UKH15,Norwich and East Norfolk,GGRPHCL_ARS,Norwich and East Norfolk
ECB,GGRPHCL_ARS_BE100,BE100,Arr. de Bruxelles-Capitale / Arr. van Brussel-Hoofdstad,GGRPHCL_ARS,Arr. de Bruxelles-Capitale / Arr. van Brussel-Hoofdstad
ECB,TYP_INSTRMNT_1026,1026,Monetary gold and special drawing rights (SDRs),TYP_INSTRMNT,Monetary gold and special drawing rights (SDRs)
ECB,GGRPHCL_ARS_DE246,DE246,"Bayreuth, Landkreis",GGRPHCL_ARS,"Bayreuth, Landkreis"
ECB,GGRPHCL_ARS_UKL11,UKL11,Isle of Anglesey,GGRPHCL_ARS,Isle of Anglesey
ECB,GGRPHCL_ARS_DEA26,DEA26,Düren,GGRPHCL_ARS,Düren
ECB,GGRPHCL_ARS_ITI32,ITI32,Ancona,GGRPHCL_ARS,Ancona
ECB,GGRPHCL_ARS_AT127,AT127,Wiener Umland/Südteil,GGRPHCL_ARS,Wiener Umland/Südteil
ECB,GGRPHCL_ARS_DE12B,DE12B,Enzkreis,GGRPHCL_ARS,Enzkreis
ECB,GGRPHCL_ARS_UKD44,UKD44,Lancaster and Wyre,GGRPHCL_ARS,Lancaster and Wyre
ECB,GGRPHCL_ARS_NL362,NL362,Delft en Westland,GGRPHCL_ARS,Delft en Westland
ECB,GGRPHCL_ARS_FRY50,FRY50,Mayotte,GGRPHCL_ARS,Mayotte
ECB,GGRPHCL_ARS_SE231,SE231,Hallands län,GGRPHCL_ARS,Hallands län
ECB,GGRPHCL_ARS_HU110,HU110,Budapest,GGRPHCL_ARS,Budapest
ECB,GGRPHCL_ARS_UKN11,UKN11,Mid Ulster,GGRPHCL_ARS,Mid Ulster
ECB,GGRPHCL_ARS_DE146,DE146,Biberach,GGRPHCL_ARS,Biberach
ECB,GGRPHCL_ARS_PL12D,PL12D,Ostrolecki,GGRPHCL_ARS,Ostrolecki
ECB,GGRPHCL_ARS_UKK15,UKK15,Wiltshire CC,GGRPHCL_ARS,Wiltshire CC
ECB,GGRPHCL_ARS_SE331,SE331,Västerbottens län,GGRPHCL_ARS,Västerbottens län
ECB,GGRPHCL_ARS_FR824,FR824,Bouches-du-Rhône,GGRPHCL_ARS,Bouches-du-Rhône
ECB,GGRPHCL_ARS_UKE44,UKE44,Calderdale and Kirklees,GGRPHCL_ARS,Calderdale and Kirklees
ECB,GGRPHCL_ARS_BG323,BG323,Ruse,GGRPHCL_ARS,Ruse
ECB,GGRPHCL_ARS_PL619,PL619,Wloclawski,GGRPHCL_ARS,Wloclawski
ECB,GGRPHCL_ARS_ES532,ES532,Mallorca,GGRPHCL_ARS,Mallorca
ECB,GGRPHCL_ARS_UKK11,UKK11,"Bristol, City of",GGRPHCL_ARS,"Bristol, City of"
ECB,GGRPHCL_ARS_DE142,DE142,"Tübingen, Landkreis",GGRPHCL_ARS,"Tübingen, Landkreis"
ECB,GGRPHCL_ARS_DEB22,DEB22,Bernkastel-Wittlich,GGRPHCL_ARS,Bernkastel-Wittlich
ECB,GGRPHCL_ARS_SI041,SI041,Osrednjeslovenska,GGRPHCL_ARS,Osrednjeslovenska
ECB,GGRPHCL_ARS_PT112,PT112,Cávado,GGRPHCL_ARS,Cávado
ECB,GGRPHCL_ARS_FRE11,FRE11,Nord,GGRPHCL_ARS,Nord
ECB,GGRPHCL_ARS_PL219,PL219,Nowotarski,GGRPHCL_ARS,Nowotarski
ECB,GGRPHCL_ARS_NL366,NL366,Groot-Rijnmond,GGRPHCL_ARS,Groot-Rijnmond
ECB,GGRPHCL_ARS_FRD11,FRD11,Calvados,GGRPHCL_ARS,Calvados
ECB,GGRPHCL_ARS_AT123,AT123,Sankt Pölten,GGRPHCL_ARS,Sankt Pölten
ECB,GGRPHCL_ARS_4J838,4J838,SATCEN (European Union Satellite Centre),GGRPHCL_ARS,SATCEN (European Union Satellite Centre)
ECB,GGRPHCL_ARS_UKN15,UKN15,Mid and East Antrim,GGRPHCL_ARS,Mid and East Antrim
ECB,GGRPHCL_ARS_ES432,ES432,Cáceres,GGRPHCL_ARS,Cáceres
ECB,GGRPHCL_ARS_UKJ11,UKJ11,Berkshire,GGRPHCL_ARS,Berkshire
ECB,GGRPHCL_ARS_UKL15,UKL15,Central Valleys,GGRPHCL_ARS,Central Valleys
ECB,GGRPHCL_ARS_DE242,DE242,"Bayreuth, Kreisfreie Stadt",GGRPHCL_ARS,"Bayreuth, Kreisfreie Stadt"
ECB,TYP_INSTRMNT_1022,1022,Other loans,TYP_INSTRMNT,"Loans as defined in point 5(112) to (138) of Annex A to Regulation (EU) No 549/2013 other than financial leases, reverse repurchase loans, credit card debt, current accounts (that are assets), factoring and other trade receivables. Please note that it also does not include Other deposits (w.r.t. ESA classification)."
ECB,GGRPHCL_ARS_PL911,PL911,Miasto Warszawa,GGRPHCL_ARS,Miasto Warszawa
ECB,GGRPHCL_ARS_UKH11,UKH11,Peterborough,GGRPHCL_ARS,Peterborough
ECB,GGRPHCL_ARS_BG423,BG423,Pazardzhik,GGRPHCL_ARS,Pazardzhik
ECB,GGRPHCL_ARS_FRF11,FRF11,Bas-Rhin,GGRPHCL_ARS,Bas-Rhin
ECB,TYP_INSTRMNT_3101,3101,Credit default swap,TYP_INSTRMNT,Credit default swap
ECB,GGRPHCL_ARS_DEA22,DEA22,"Bonn, Kreisfreie Stadt",GGRPHCL_ARS,"Bonn, Kreisfreie Stadt"
ECB,GGRPHCL_ARS_AT323,AT323,Salzburg und Umgebung,GGRPHCL_ARS,Salzburg und Umgebung
ECB,GGRPHCL_ARS_PL344,PL344,Lomzynski,GGRPHCL_ARS,Lomzynski
ECB,GGRPHCL_ARS_AT223,AT223,Östliche Obersteiermark,GGRPHCL_ARS,Östliche Obersteiermark
ECB,GGRPHCL_ARS_ITH36,ITH36,Padova,GGRPHCL_ARS,Padova
ECB,GGRPHCL_ARS_DE917,DE917,Helmstedt,GGRPHCL_ARS,Helmstedt
ECB,GGRPHCL_ARS_PL811,PL811,Bialski,GGRPHCL_ARS,Bialski
ECB,GGRPHCL_ARS_CZ020,CZ020,Stredoceský Kraj,GGRPHCL_ARS,Stredoceský Kraj
ECB,GGRPHCL_ARS_PL515,PL515,Jeleniogórski,GGRPHCL_ARS,Jeleniogórski
ECB,GGRPHCL_ARS_NL333,NL333,Delft en Westland,GGRPHCL_ARS,Delft en Westland
ECB,GGRPHCL_ARS_BE351,BE351,Arr. Dinant,GGRPHCL_ARS,Arr. Dinant
ECB,GGRPHCL_ARS_DEB1C,DEB1C,Cochem-Zell,GGRPHCL_ARS,Cochem-Zell
ECB,GGRPHCL_ARS_FRJ15,FRJ15,Pyrénées-Orientales,GGRPHCL_ARS,Pyrénées-Orientales
ECB,GGRPHCL_ARS_FR724,FR724,Puy-de-Dôme,GGRPHCL_ARS,Puy-de-Dôme
ECB,GGRPHCL_ARS_UKJ44,UKJ44,East Kent,GGRPHCL_ARS,East Kent
ECB,GGRPHCL_ARS_FR624,FR624,Gers,GGRPHCL_ARS,Gers
ECB,GGRPHCL_ARS_BE251,BE251,Arr. Brugge,GGRPHCL_ARS,Arr. Brugge
ECB,GGRPHCL_ARS_DE117,DE117,"Heilbronn, Stadtkreis",GGRPHCL_ARS,"Heilbronn, Stadtkreis"
ECB,GGRPHCL_ARS_FRA40,FRA40,La Réunion,GGRPHCL_ARS,La Réunion
ECB,GGRPHCL_ARS_PL415,PL415,Miasto Poznan,GGRPHCL_ARS,Miasto Poznan
ECB,GGRPHCL_ARS_DE27C,DE27C,Unterallgäu,GGRPHCL_ARS,Unterallgäu
ECB,GGRPHCL_ARS_UKC11,UKC11,Hartlepool and Stockton-on-Tees,GGRPHCL_ARS,Hartlepool and Stockton-on-Tees
ECB,GGRPHCL_ARS_DE942,DE942,"Emden, Kreisfreie Stadt",GGRPHCL_ARS,"Emden, Kreisfreie Stadt"
ECB,GGRPHCL_ARS_DE713,DE713,"Offenbach am Main, Kreisfreie Stadt",GGRPHCL_ARS,"Offenbach am Main, Kreisfreie Stadt"
ECB,GGRPHCL_ARS_FRI15,FRI15,Pyrénées-Atlantiques,GGRPHCL_ARS,Pyrénées-Atlantiques
ECB,GGRPHCL_ARS_UKI44,UKI44,Lewisham and Southwark,GGRPHCL_ARS,Lewisham and Southwark
ECB,GGRPHCL_ARS_ITF32,ITF32,Benevento,GGRPHCL_ARS,Benevento
ECB,GGRPHCL_ARS_DEG0S,DEG0S,"Suhl, Kreisfreie Stadt",GGRPHCL_ARS,"Suhl, Kreisfreie Stadt"
ECB,GGRPHCL_ARS_HR046,HR046,Medimurska Županija,GGRPHCL_ARS,Medimurska Županija
ECB,GGRPHCL_ARS_DEA1C,DEA1C,Mettmann,GGRPHCL_ARS,Mettmann
ECB,GGRPHCL_ARS_DE217,DE217,Dachau,GGRPHCL_ARS,Dachau
ECB,GGRPHCL_ARS_FR524,FR524,Morbihan,GGRPHCL_ARS,Morbihan
ECB,GGRPHCL_ARS_4J830,4J830,EUROPOL (European Police Office),GGRPHCL_ARS,EUROPOL (European Police Office)
ECB,GGRPHCL_ARS_PL715,PL715,Skierniewicki,GGRPHCL_ARS,Skierniewicki
ECB,GGRPHCL_ARS_UKF15,UKF15,North Nottinghamshire,GGRPHCL_ARS,North Nottinghamshire
ECB,GGRPHCL_ARS_NL133,NL133,Zuidwest-Drenthe,GGRPHCL_ARS,Zuidwest-Drenthe
ECB,GGRPHCL_ARS_PL311,PL311,Bialski,GGRPHCL_ARS,Bialski
ECB,GGRPHCL_ARS_4J834,4J834,ETF (European Training Foundation),GGRPHCL_ARS,ETF (European Training Foundation)
ECB,GGRPHCL_ARS_DE213,DE213,"Rosenheim, Kreisfreie Stadt",GGRPHCL_ARS,"Rosenheim, Kreisfreie Stadt"
ECB,GGRPHCL_ARS_EL532,EL532,Kastoria,GGRPHCL_ARS,Kastoria
ECB,GGRPHCL_ARS_ITC32,ITC32,Savona,GGRPHCL_ARS,Savona
ECB,GGRPHCL_ARS_PL315,PL315,Pulawski,GGRPHCL_ARS,Pulawski
ECB,GGRPHCL_ARS_UKF11,UKF11,Derby,GGRPHCL_ARS,Derby
ECB,GGRPHCL_ARS_PL711,PL711,Miasto Łódź,GGRPHCL_ARS,Miasto Łódź
ECB,GGRPHCL_ARS_DE946,DE946,Ammerland,GGRPHCL_ARS,Ammerland
ECB,GGRPHCL_ARS_UKG11,UKG11,"Herefordshire, County of",GGRPHCL_ARS,"Herefordshire, County of"
ECB,GGRPHCL_ARS_HR042,HR042,Zagrebacka Županija,GGRPHCL_ARS,Zagrebacka Županija
ECB,GGRPHCL_ARS_EL432,EL432,Lasithi,GGRPHCL_ARS,Lasithi
ECB,GGRPHCL_ARS_CZ071,CZ071,Olomoucký kraj,GGRPHCL_ARS,Olomoucký kraj
ECB,GGRPHCL_ARS_DE717,DE717,Groß-Gerau,GGRPHCL_ARS,Groß-Gerau
ECB,GGRPHCL_ARS_FRI11,FRI11,Dordogne,GGRPHCL_ARS,Dordogne
ECB,GGRPHCL_ARS_DE113,DE113,Esslingen,GGRPHCL_ARS,Esslingen
ECB,GGRPHCL_ARS_BE255,BE255,Arr. Oostende,GGRPHCL_ARS,Arr. Oostende
ECB,GGRPHCL_ARS_EL632,EL632,Achaia,GGRPHCL_ARS,Achaia
ECB,GGRPHCL_ARS_FRK11,FRK11,Allier,GGRPHCL_ARS,Allier
ECB,GGRPHCL_ARS_PL411,PL411,Pilski,GGRPHCL_ARS,Pilski
ECB,GGRPHCL_ARS_UKE11,UKE11,"Kingston upon Hull, City of",GGRPHCL_ARS,"Kingston upon Hull, City of"
ECB,GGRPHCL_ARS_PL115,PL115,Piotrkowski,GGRPHCL_ARS,Piotrkowski
ECB,GGRPHCL_ARS_NL337,NL337,Agglomeratie Leiden en Bollenstreek,GGRPHCL_ARS,Agglomeratie Leiden en Bollenstreek
ECB,GGRPHCL_ARS_UKD11,UKD11,West Cumbria,GGRPHCL_ARS,West Cumbria
ECB,GGRPHCL_ARS_FRJ11,FRJ11,Aude,GGRPHCL_ARS,Aude
ECB,GGRPHCL_ARS_LT00A,LT00A,Vilniaus apskritis,GGRPHCL_ARS,Vilniaus apskritis
ECB,GGRPHCL_ARS_FRC14,FRC14,Yonne,GGRPHCL_ARS,Yonne
ECB,GGRPHCL_ARS_AT222,AT222,Liezen,GGRPHCL_ARS,Liezen
ECB,GGRPHCL_ARS_ITH37,ITH37,Rovigo,GGRPHCL_ARS,Rovigo
ECB,GGRPHCL_ARS_DE916,DE916,Goslar,GGRPHCL_ARS,Goslar
ECB,GGRPHCL_ARS_BE258,BE258,Arr. Veurne,GGRPHCL_ARS,Arr. Veurne
ECB,GGRPHCL_ARS_PL22A,PL22A,Katowicki,GGRPHCL_ARS,Katowicki
ECB,GGRPHCL_ARS_UKL14,UKL14,South West Wales,GGRPHCL_ARS,South West Wales
ECB,GGRPHCL_ARS_DE243,DE243,"Coburg, Kreisfreie Stadt",GGRPHCL_ARS,"Coburg, Kreisfreie Stadt"
ECB,TYP_INSTRMNT_1023,1023,Other trade receivables,TYP_INSTRMNT,"Trade receivables as defined in Regulation (EU) No 680/2014, Annex V, Part 2.41 (c) other than factoring. Among other things, this category includes outright purchase of trade receivables and discounting of invoices, bills of exchange and other claims."
ECB,GGRPHCL_ARS_DK014,DK014,Bornholm,GGRPHCL_ARS,Bornholm
ECB,GGRPHCL_ARS_BG422,BG422,Haskovo,GGRPHCL_ARS,Haskovo
ECB,GGRPHCL_ARS_DEA23,DEA23,"Köln, Kreisfreie Stadt",GGRPHCL_ARS,"Köln, Kreisfreie Stadt"
ECB,GGRPHCL_ARS_AT322,AT322,Pinzgau-Pongau,GGRPHCL_ARS,Pinzgau-Pongau
ECB,GGRPHCL_ARS_PL345,PL345,Suwalski,GGRPHCL_ARS,Suwalski
ECB,GGRPHCL_ARS_UKD41,UKD41,Blackburn with Darwen,GGRPHCL_ARS,Blackburn with Darwen
ECB,GGRPHCL_ARS_AT122,AT122,Niederösterreich-Süd,GGRPHCL_ARS,Niederösterreich-Süd
ECB,GGRPHCL_ARS_4J839,4J839,POEU (Publications Office of the European Union),GGRPHCL_ARS,POEU (Publications Office of the European Union)
ECB,GGRPHCL_ARS_UKN14,UKN14,Lisburn and Castlereagh,GGRPHCL_ARS,Lisburn and Castlereagh
ECB,GGRPHCL_ARS_ES533,ES533,Menorca,GGRPHCL_ARS,Menorca
ECB,GGRPHCL_ARS_PL12A,PL12A,Warszawski-zachodni,GGRPHCL_ARS,Warszawski-zachodni
ECB,GGRPHCL_ARS_DE143,DE143,Zollernalbkreis,GGRPHCL_ARS,Zollernalbkreis
ECB,GGRPHCL_ARS_DEB23,DEB23,Eifelkreis Bitburg-Prüm,GGRPHCL_ARS,Eifelkreis Bitburg-Prüm
ECB,GGRPHCL_ARS_UKE41,UKE41,Bradford,GGRPHCL_ARS,Bradford
ECB,GGRPHCL_ARS_PL218,PL218,Nowosadecki,GGRPHCL_ARS,Nowosadecki
ECB,GGRPHCL_ARS_FR821,FR821,Alpes-de-Haute-Provence,GGRPHCL_ARS,Alpes-de-Haute-Provence
ECB,GGRPHCL_ARS_DE147,DE147,Bodenseekreis,GGRPHCL_ARS,Bodenseekreis
ECB,GGRPHCL_ARS_PL12E,PL12E,Siedlecki,GGRPHCL_ARS,Siedlecki
ECB,GGRPHCL_ARS_UKK14,UKK14,Swindon,GGRPHCL_ARS,Swindon
ECB,GGRPHCL_ARS_FR825,FR825,Var,GGRPHCL_ARS,Var
ECB,GGRPHCL_ARS_UKE45,UKE45,Wakefield,GGRPHCL_ARS,Wakefield
ECB,GGRPHCL_ARS_SI044,SI044,Obalno-kraška,GGRPHCL_ARS,Obalno-kraška
ECB,GGRPHCL_ARS_BG322,BG322,Gabrovo,GGRPHCL_ARS,Gabrovo
ECB,GGRPHCL_ARS_PL618,PL618,Swiecki,GGRPHCL_ARS,Swiecki
ECB,GGRPHCL_ARS_FRA10,FRA10,Guadeloupe,GGRPHCL_ARS,Guadeloupe
ECB,GGRPHCL_ARS_AT126,AT126,Wiener Umland/Nordteil,GGRPHCL_ARS,Wiener Umland/Nordteil
ECB,GGRPHCL_ARS_DE12C,DE12C,Freudenstadt,GGRPHCL_ARS,Freudenstadt
ECB,GGRPHCL_ARS_UKD45,UKD45,Mid Lancashire,GGRPHCL_ARS,Mid Lancashire
ECB,GGRPHCL_ARS_NL363,NL363,Agglomeratie Leiden en Bollenstreek,GGRPHCL_ARS,Agglomeratie Leiden en Bollenstreek
ECB,GGRPHCL_ARS_UKJ14,UKJ14,Oxfordshire,GGRPHCL_ARS,Oxfordshire
ECB,GGRPHCL_ARS_UKN10,UKN10,Derry City and Strabane,GGRPHCL_ARS,Derry City and Strabane
ECB,GGRPHCL_ARS_UKH14,UKH14,Suffolk,GGRPHCL_ARS,Suffolk
ECB,GGRPHCL_ARS_DE247,DE247,"Coburg, Landkreis",GGRPHCL_ARS,"Coburg, Landkreis"
ECB,GGRPHCL_ARS_HU311,HU311,Borsod-Abaúj-Zemplén,GGRPHCL_ARS,Borsod-Abaúj-Zemplén
ECB,TYP_INSTRMNT_3104,3104,"Credit derivatives other than Credit default swaps, Credit spread options, Total return swaps",TYP_INSTRMNT,"Credit derivatives other than Credit default swaps, Credit spread options, Total return swaps"
ECB,GGRPHCL_ARS_DEA27,DEA27,Rhein-Erft-Kreis,GGRPHCL_ARS,Rhein-Erft-Kreis
ECB,GGRPHCL_ARS_PL518,PL518,Wroclawski,GGRPHCL_ARS,Wroclawski
ECB,GGRPHCL_ARS_ITI33,ITI33,Macerata,GGRPHCL_ARS,Macerata
ECB,GGRPHCL_ARS_DE912,DE912,"Salzgitter, Kreisfreie Stadt",GGRPHCL_ARS,"Salzgitter, Kreisfreie Stadt"
ECB,GGRPHCL_ARS_ITH33,ITH33,Belluno,GGRPHCL_ARS,Belluno
ECB,GGRPHCL_ARS_AT226,AT226,Westliche Obersteiermark,GGRPHCL_ARS,Westliche Obersteiermark
ECB,GGRPHCL_ARS_DE22C,DE22C,Dingolfing-Landau,GGRPHCL_ARS,Dingolfing-Landau
ECB,TYP_INSTRMNT_3004,3004,"Instruments other than loan commitment or financial guarantee received, Securities borrowed with non-cash collateral",TYP_INSTRMNT,"Instruments other than loan commitment or financial guarantee received, Securities borrowed with non-cash collateral"
ECB,GGRPHCL_ARS_PL418,PL418,Poznanski,GGRPHCL_ARS,Poznanski
ECB,GGRPHCL_ARS_BEZZZ,BEZZZ,Extra-Regio NUTS 3,GGRPHCL_ARS,Extra-Regio NUTS 3 - Belgium
ECB,GGRPHCL_ARS_HU211,HU211,Fejér,GGRPHCL_ARS,Fejér
ECB,GGRPHCL_ARS_ITF62,ITF62,Crotone,GGRPHCL_ARS,Crotone
ECB,GGRPHCL_ARS_PL814,PL814,Lubelski,GGRPHCL_ARS,Lubelski
ECB,GGRPHCL_ARS_PL114,PL114,Lódzki,GGRPHCL_ARS,Lódzki
ECB,GGRPHCL_ARS_UKJ41,UKJ41,Medway,GGRPHCL_ARS,Medway
ECB,GGRPHCL_ARS_UKL18,UKL18,Swansea,GGRPHCL_ARS,Swansea
ECB,GGRPHCL_ARS_FR721,FR721,Allier,GGRPHCL_ARS,Allier
ECB,GGRPHCL_ARS_SK032,SK032,Banskobystrický kraj,GGRPHCL_ARS,Banskobystrický kraj
ECB,GGRPHCL_ARS_ROZZZ,ROZZZ,Extra-Regio NUTS 3,GGRPHCL_ARS,Extra-Regio NUTS 3 - Romania
ECB,GGRPHCL_ARS_DE112,DE112,Böblingen,GGRPHCL_ARS,Böblingen
ECB,GGRPHCL_ARS_BE254,BE254,Arr. Kortrijk,GGRPHCL_ARS,Arr. Kortrijk
ECB,GGRPHCL_ARS_EL633,EL633,Ileia,GGRPHCL_ARS,Ileia
ECB,GGRPHCL_ARS_UKK41,UKK41,Plymouth,GGRPHCL_ARS,Plymouth
ECB,GGRPHCL_ARS_FR621,FR621,Ariège,GGRPHCL_ARS,Ariège
ECB,GGRPHCL_ARS_DE947,DE947,Aurich,GGRPHCL_ARS,Aurich
ECB,GGRPHCL_ARS_UKC14,UKC14,Durham CC,GGRPHCL_ARS,Durham CC
ECB,GGRPHCL_ARS_PL214,PL214,Krakowski,GGRPHCL_ARS,Krakowski
ECB,GGRPHCL_ARS_HR043,HR043,Krapinsko-zagorska županija,GGRPHCL_ARS,Krapinsko-zagorska županija
ECB,GGRPHCL_ARS_EL433,EL433,Rethymni,GGRPHCL_ARS,Rethymni
ECB,GGRPHCL_ARS_DEA1F,DEA1F,Wesel,GGRPHCL_ARS,Wesel
ECB,GGRPHCL_ARS_DEG0V,DEG0V,Sonneberg,GGRPHCL_ARS,Sonneberg
ECB,GGRPHCL_ARS_UKI41,UKI41,Hackney and Newham,GGRPHCL_ARS,Hackney and Newham
ECB,GGRPHCL_ARS_PL841,PL841,Białostocki,GGRPHCL_ARS,Białostocki
ECB,GGRPHCL_ARS_FR421,FR421,Bas-Rhin,GGRPHCL_ARS,Bas-Rhin
ECB,GGRPHCL_ARS_DE716,DE716,Darmstadt-Dieburg,GGRPHCL_ARS,Darmstadt-Dieburg
ECB,GGRPHCL_ARS_FR521,FR521,Côtes-d''Armor,GGRPHCL_ARS,Côtes-d''Armor
ECB,GGRPHCL_ARS_4J835,4J835,FRA (European Union Agency for Fundamental Rights),GGRPHCL_ARS,FRA (European Union Agency for Fundamental Rights)
ECB,GGRPHCL_ARS_DE212,DE212,"München, Kreisfreie Stadt",GGRPHCL_ARS,"München, Kreisfreie Stadt"
ECB,GGRPHCL_ARS_EL533,EL533,Florina,GGRPHCL_ARS,Florina
ECB,GGRPHCL_ARS_ITC33,ITC33,Genova,GGRPHCL_ARS,Genova
ECB,GGRPHCL_ARS_PL314,PL314,Lubelski,GGRPHCL_ARS,Lubelski
ECB,TYP_INSTRMNT_1491,1491,Commercial real estate (CRE) loans,TYP_INSTRMNT,"A loan aimed at acquiring a CRE property (or set of CRE properties) or secured by a CRE property (or set of CRE properties), as described in ESRB/2016/14."
ECB,GGRPHCL_ARS_DE216,DE216,Bad Tölz-Wolfratshausen,GGRPHCL_ARS,Bad Tölz-Wolfratshausen
ECB,GGRPHCL_ARS_4J831,4J831,EPPO (European Public Prosecutor's Office (in preparation)),GGRPHCL_ARS,EPPO (European Public Prosecutor's Office (in preparation))
ECB,GGRPHCL_ARS_DK041,DK041,Vestjylland,GGRPHCL_ARS,Vestjylland
ECB,GGRPHCL_ARS_UKF14,UKF14,Nottingham,GGRPHCL_ARS,Nottingham
ECB,GGRPHCL_ARS_PL714,PL714,Sieradzki,GGRPHCL_ARS,Sieradzki
ECB,GGRPHCL_ARS_NL132,NL132,Zuidoost-Drenthe,GGRPHCL_ARS,Zuidoost-Drenthe
ECB,GGRPHCL_ARS_DE27B,DE27B,Ostallgäu,GGRPHCL_ARS,Ostallgäu
ECB,GGRPHCL_ARS_IE051,IE051,Mid-West,GGRPHCL_ARS,Mid-West
ECB,GGRPHCL_ARS_DE943,DE943,"Oldenburg (Oldenburg), Kreisfreie Stadt",GGRPHCL_ARS,"Oldenburg (Oldenburg), Kreisfreie Stadt"
ECB,GGRPHCL_ARS_FRI14,FRI14,Lot-et-Garonne,GGRPHCL_ARS,Lot-et-Garonne
ECB,GGRPHCL_ARS_DE712,DE712,"Frankfurt am Main, Kreisfreie Stadt",GGRPHCL_ARS,"Frankfurt am Main, Kreisfreie Stadt"
ECB,GGRPHCL_ARS_UKI45,UKI45,Lambeth,GGRPHCL_ARS,Lambeth
ECB,GGRPHCL_ARS_ITF33,ITF33,Napoli,GGRPHCL_ARS,Napoli
ECB,GGRPHCL_ARS_DEG0R,DEG0R,Wartburgkreis,GGRPHCL_ARS,Wartburgkreis
ECB,GGRPHCL_ARS_HR047,HR047,Bjelovarsko-bilogorska županija,GGRPHCL_ARS,Bjelovarsko-bilogorska županija
ECB,GGRPHCL_ARS_DEA1B,DEA1B,Kleve,GGRPHCL_ARS,Kleve
ECB,GGRPHCL_ARS_FRK14,FRK14,Puy-de-Dôme,GGRPHCL_ARS,Puy-de-Dôme
ECB,GGRPHCL_ARS_FR625,FR625,Lot,GGRPHCL_ARS,Lot
ECB,GGRPHCL_ARS_DE116,DE116,Rems-Murr-Kreis,GGRPHCL_ARS,Rems-Murr-Kreis
ECB,GGRPHCL_ARS_FR221,FR221,Aisne,GGRPHCL_ARS,Aisne
ECB,GGRPHCL_ARS_PL414,PL414,Koninski,GGRPHCL_ARS,Koninski
ECB,GGRPHCL_ARS_PL514,PL514,Miasto Wroclaw,GGRPHCL_ARS,Miasto Wroclaw
ECB,GGRPHCL_ARS_NL332,NL332,Agglomeratie ''s-Gravenhage,GGRPHCL_ARS,Agglomeratie ''s-Gravenhage
ECB,GGRPHCL_ARS_DEB1B,DEB1B,Westerwaldkreis,GGRPHCL_ARS,Westerwaldkreis
ECB,GGRPHCL_ARS_FRJ14,FRJ14,Lozère,GGRPHCL_ARS,Lozère
ECB,GGRPHCL_ARS_UKJ45,UKJ45,Mid Kent,GGRPHCL_ARS,Mid Kent
ECB,GGRPHCL_ARS_EL623,EL623,"Ithaki, Kefallinia",GGRPHCL_ARS,"Ithaki, Kefallinia"
ECB,GGRPHCL_ARS_RO111,RO111,Bihor,GGRPHCL_ARS,Bihor
ECB,GGRPHCL_ARS_DEG0B,DEG0B,Schmalkalden-Meiningen,GGRPHCL_ARS,Schmalkalden-Meiningen
ECB,GGRPHCL_ARS_FR631,FR631,Corrèze,GGRPHCL_ARS,Corrèze
ECB,GGRPHCL_ARS_NL226,NL226,Arnhem/Nijmegen,GGRPHCL_ARS,Arnhem/Nijmegen
ECB,GGRPHCL_ARS_SIZZZ,SIZZZ,Extra-Regio NUTS 3,GGRPHCL_ARS,Extra-Regio NUTS 3 - Slovenia
ECB,GGRPHCL_ARS_FI198,FI198,Keski-Suomi,GGRPHCL_ARS,Keski-Suomi
ECB,GGRPHCL_ARS_NL326,NL326,Groot-Amsterdam,GGRPHCL_ARS,Groot-Amsterdam
ECB,GGRPHCL_ARS_DEF0B,DEF0B,Rendsburg-Eckernförde,GGRPHCL_ARS,Rendsburg-Eckernförde
ECB,GGRPHCL_ARS_RO415,RO415,Vâlcea,GGRPHCL_ARS,Vâlcea
ECB,GGRPHCL_ARS_DE406,DE406,Dahme-Spreewald,GGRPHCL_ARS,Dahme-Spreewald
ECB,TYP_INSTRMNT_1666,1666,"Equity instruments, Debt securities, Loans and advances, Deposits, Debt securities issued, Other financial liabilities",TYP_INSTRMNT,"Equity instruments, Debt securities, Loans and advances, Deposits, Debt securities issued, Other financial liabilities"
ECB,GGRPHCL_ARS_BE344,BE344,Arr. Neufchâteau,GGRPHCL_ARS,Arr. Neufchâteau
ECB,GGRPHCL_ARS_SK022,SK022,Trenciansky Kraj,GGRPHCL_ARS,Trenciansky Kraj
ECB,GGRPHCL_ARS_ITG27,ITG27,Cagliari,GGRPHCL_ARS,Cagliari
ECB,GGRPHCL_ARS_4J825,4J825,EMCDDA (European Monitoring Centre for Drugs and Drug Addiction),GGRPHCL_ARS,EMCDDA (European Monitoring Centre for Drugs and Drug Addiction)
ECB,GGRPHCL_ARS_FR531,FR531,Charente,GGRPHCL_ARS,Charente
ECB,GGRPHCL_ARS_UKN08,UKN08,"Newry, Mourne and Down",GGRPHCL_ARS,"Newry, Mourne and Down"
ECB,GGRPHCL_ARS_EL523,EL523,Kilkis,GGRPHCL_ARS,Kilkis
ECB,GGRPHCL_ARS_RO211,RO211,Bacau,GGRPHCL_ARS,Bacau
ECB,GGRPHCL_ARS_LT024,LT024,Marijampolės apskritis,GGRPHCL_ARS,Marijampolės apskritis
ECB,GGRPHCL_ARS_FRL04,FRL04,Bouches-du-Rhône,GGRPHCL_ARS,Bouches-du-Rhône
ECB,GGRPHCL_ARS_NL126,NL126,Zuidoost-Friesland,GGRPHCL_ARS,Zuidoost-Friesland
ECB,GGRPHCL_ARS_NL422,NL422,Midden-Limburg,GGRPHCL_ARS,Midden-Limburg
ECB,GGRPHCL_ARS_LV007,LV007,Pieriga,GGRPHCL_ARS,Pieriga
ECB,GGRPHCL_ARS_RO311,RO311,Arges,GGRPHCL_ARS,Arges
ECB,GGRPHCL_ARS_UKI51,UKI51,Bexley and Greenwich,GGRPHCL_ARS,Bexley and Greenwich
ECB,GGRPHCL_ARS_DEE0B,DEE0B,Saalekreis,GGRPHCL_ARS,Saalekreis
ECB,GGRPHCL_ARS_FR431,FR431,Doubs,GGRPHCL_ARS,Doubs
ECB,GGRPHCL_ARS_DE26B,DE26B,"Schweinfurt, Landkreis",GGRPHCL_ARS,"Schweinfurt, Landkreis"
ECB,GGRPHCL_ARS_LV003,LV003,Kurzeme,GGRPHCL_ARS,Kurzeme
ECB,GGRPHCL_ARS_IE041,IE041,Border,GGRPHCL_ARS,Border
ECB,GGRPHCL_ARS_ITC4C,ITC4C,Milano,GGRPHCL_ARS,Milano
ECB,GGRPHCL_ARS_CZ064,CZ064,Jihomoravský kraj,GGRPHCL_ARS,Jihomoravský kraj
ECB,GGRPHCL_ARS_RO315,RO315,Ialomita,GGRPHCL_ARS,Ialomita
ECB,GGRPHCL_ARS_EL527,EL527,Chalkidiki,GGRPHCL_ARS,Chalkidiki
ECB,GGRPHCL_ARS_RO215,RO215,Suceava,GGRPHCL_ARS,Suceava
ECB,GGRPHCL_ARS_4J821,4J821,EIGE (European Institute for Gender Equality),GGRPHCL_ARS,EIGE (European Institute for Gender Equality)
ECB,GGRPHCL_ARS_FRH04,FRH04,Morbihan,GGRPHCL_ARS,Morbihan
ECB,GGRPHCL_ARS_NL122,NL122,Zuidwest-Friesland,GGRPHCL_ARS,Zuidwest-Friesland
ECB,GGRPHCL_ARS_NL322,NL322,Alkmaar en omgeving,GGRPHCL_ARS,Alkmaar en omgeving
ECB,GGRPHCL_ARS_FRY10,FRY10,Guadeloupe,GGRPHCL_ARS,Guadeloupe
ECB,GGRPHCL_ARS_DEF0F,DEF0F,Stormarn,GGRPHCL_ARS,Stormarn
ECB,TYP_INSTRMNT_1662,1662,"Deposits, Debt securities, Other financial liabilities",TYP_INSTRMNT,"Deposits, Debt securities, Other financial liabilities"
ECB,GGRPHCL_ARS_DE402,DE402,"Cottbus, Kreisfreie Stadt",GGRPHCL_ARS,"Cottbus, Kreisfreie Stadt"
ECB,GGRPHCL_ARS_RO411,RO411,Dolj,GGRPHCL_ARS,Dolj
ECB,GGRPHCL_ARS_DEG0F,DEG0F,Ilm-Kreis,GGRPHCL_ARS,Ilm-Kreis
ECB,GGRPHCL_ARS_DE502,DE502,"Bremerhaven, Kreisfreie Stadt",GGRPHCL_ARS,"Bremerhaven, Kreisfreie Stadt"
ECB,GGRPHCL_ARS_FR231,FR231,Eure,GGRPHCL_ARS,Eure
ECB,GGRPHCL_ARS_RO115,RO115,Satu Mare,GGRPHCL_ARS,Satu Mare
ECB,GGRPHCL_ARS_BE32D,BE32D,Arr. Thuin,GGRPHCL_ARS,Arr. Thuin
ECB,GGRPHCL_ARS_DE253,DE253,"Fürth, Kreisfreie Stadt",GGRPHCL_ARS,"Fürth, Kreisfreie Stadt"
ECB,GGRPHCL_ARS_FI194,FI194,Etelä-Pohjanmaa,GGRPHCL_ARS,Etelä-Pohjanmaa
ECB,GGRPHCL_ARS_FRB04,FRB04,Indre-et-Loire,GGRPHCL_ARS,Indre-et-Loire
ECB,GGRPHCL_ARS_DEA33,DEA33,"Münster, Kreisfreie Stadt",GGRPHCL_ARS,"Münster, Kreisfreie Stadt"
ECB,GGRPHCL_ARS_AT332,AT332,Innsbruck,GGRPHCL_ARS,Innsbruck
ECB,GGRPHCL_ARS_SE124,SE124,Örebro län,GGRPHCL_ARS,Örebro län
ECB,GGRPHCL_ARS_CZ031,CZ031,Jihoceský Kraj,GGRPHCL_ARS,Jihoceský Kraj
ECB,GGRPHCL_ARS_DEG0N,DEG0N,"Eisenach, Kreisfreie Stadt",GGRPHCL_ARS,"Eisenach, Kreisfreie Stadt"
ECB,GGRPHCL_ARS_ES523,ES523,Valencia / València,GGRPHCL_ARS,Valencia / València
ECB,GGRPHCL_ARS_FR264,FR264,Yonne,GGRPHCL_ARS,Yonne
ECB,GGRPHCL_ARS_DEB33,DEB33,"Landau in der Pfalz, Kreisfreie Stadt",GGRPHCL_ARS,"Landau in der Pfalz, Kreisfreie Stadt"
ECB,GGRPHCL_ARS_FR831,FR831,Corse-du-Sud,GGRPHCL_ARS,Corse-du-Sud
ECB,GGRPHCL_ARS_x2001,x2001,GGRPHCL_ARS_x2001,GGRPHCL_ARS,
ECB,GGRPHCL_ARS_FI1D7,FI1D7,Lappi,GGRPHCL_ARS,Lappi
ECB,GGRPHCL_ARS_UKN04,UKN04,North of Northern Ireland,GGRPHCL_ARS,North of Northern Ireland
ECB,GGRPHCL_ARS_4J829,4J829,CEPOL (European Police College),GGRPHCL_ARS,CEPOL (European Police College)
ECB,GGRPHCL_ARS_SE224,SE224,Skåne län,GGRPHCL_ARS,Skåne län
ECB,GGRPHCL_ARS_PT16G,PT16G,Viseu Dão Lafões,GGRPHCL_ARS,Viseu Dão Lafões
ECB,GGRPHCL_ARS_LT028,LT028,Telšių apskritis,GGRPHCL_ARS,Telšių apskritis
ECB,GGRPHCL_ARS_ES423,ES423,Cuenca,GGRPHCL_ARS,Cuenca
ECB,GGRPHCL_ARS_FI1D3,FI1D3,Pohjois-Karjala,GGRPHCL_ARS,Pohjois-Karjala
ECB,GGRPHCL_ARS_HU101,HU101,Budapest,GGRPHCL_ARS,Budapest
ECB,GGRPHCL_ARS_HUZZZ,HUZZZ,Extra-Regio NUTS 3,GGRPHCL_ARS,Extra-Regio NUTS 3 - Hungary
ECB,GGRPHCL_ARS_BE211,BE211,Arr. Antwerpen,GGRPHCL_ARS,Arr. Antwerpen
ECB,GGRPHCL_ARS_DEB37,DEB37,"Pirmasens, Kreisfreie Stadt",GGRPHCL_ARS,"Pirmasens, Kreisfreie Stadt"
ECB,GGRPHCL_ARS_BG332,BG332,Dobrich,GGRPHCL_ARS,Dobrich
ECB,GGRPHCL_ARS_FRG04,FRG04,Sarthe,GGRPHCL_ARS,Sarthe
ECB,GGRPHCL_ARS_DEA5C,DEA5C,Unna,GGRPHCL_ARS,Unna
ECB,GGRPHCL_ARS_DEG0J,DEG0J,Saale-Holzland-Kreis,GGRPHCL_ARS,Saale-Holzland-Kreis
ECB,GGRPHCL_ARS_PT1C3,PT1C3,Alto Alentejo,GGRPHCL_ARS,Alto Alentejo
ECB,GGRPHCL_ARS_DE257,DE257,Erlangen-Höchstadt,GGRPHCL_ARS,Erlangen-Höchstadt
ECB,GGRPHCL_ARS_DEA37,DEA37,Steinfurt,GGRPHCL_ARS,Steinfurt
ECB,GGRPHCL_ARS_FR511,FR511,Loire-Atlantique,GGRPHCL_ARS,Loire-Atlantique
ECB,GGRPHCL_ARS_CYZZZ,CYZZZ,Extra-Regio NUTS 3,GGRPHCL_ARS,Extra-Regio NUTS 3 - Cyprus
ECB,GGRPHCL_ARS_DE91C,DE91C,Göttingen,GGRPHCL_ARS,Göttingen
ECB,GGRPHCL_ARS_DE222,DE222,"Passau, Kreisfreie Stadt",GGRPHCL_ARS,"Passau, Kreisfreie Stadt"
ECB,GGRPHCL_ARS_LT004,LT004,Marijampoles Apskritis,GGRPHCL_ARS,Marijampoles Apskritis
ECB,TYP_INSTRMNT_2103,2103,Covered bonds,TYP_INSTRMNT,Covered bonds
ECB,GGRPHCL_ARS_DEA42,DEA42,Gütersloh,GGRPHCL_ARS,Gütersloh
ECB,GGRPHCL_ARS_PL324,PL324,Przemyski,GGRPHCL_ARS,Przemyski
ECB,GGRPHCL_ARS_ITH56,ITH56,Ferrara,GGRPHCL_ARS,Ferrara
ECB,GGRPHCL_ARS_PL224,PL224,Czestochowski,GGRPHCL_ARS,Czestochowski
ECB,GGRPHCL_ARS_UKM92,UKM92,Dumfries & Galloway,GGRPHCL_ARS,Dumfries & Galloway
ECB,GGRPHCL_ARS_UKM75,UKM75,"Edinburgh, City of",GGRPHCL_ARS,"Edinburgh, City of"
ECB,GGRPHCL_ARS_FR411,FR411,Meurthe-et-Moselle,GGRPHCL_ARS,Meurthe-et-Moselle
ECB,GGRPHCL_ARS_UKI71,UKI71,Barnet,GGRPHCL_ARS,Barnet
ECB,GGRPHCL_ARS_DE122,DE122,"Karlsruhe, Stadtkreis",GGRPHCL_ARS,"Karlsruhe, Stadtkreis"
ECB,GGRPHCL_ARS_FR611,FR611,Dordogne,GGRPHCL_ARS,Dordogne
ECB,GGRPHCL_ARS_UKM28,UKM28,West Lothian,GGRPHCL_ARS,West Lothian
ECB,GGRPHCL_ARS_PT195,PT195,Beira Baixa,GGRPHCL_ARS,Beira Baixa
ECB,GGRPHCL_ARS_DE21K,DE21K,"Rosenheim, Landkreis",GGRPHCL_ARS,"Rosenheim, Landkreis"
ECB,GGRPHCL_ARS_FI1C6,FI1C6,Päijät-Häme,GGRPHCL_ARS,Päijät-Häme
ECB,GGRPHCL_ARS_FR711,FR711,Ain,GGRPHCL_ARS,Ain
ECB,GGRPHCL_ARS_EL307,EL307,"Peiraias, Nisoi",GGRPHCL_ARS,"Peiraias, Nisoi"
ECB,GGRPHCL_ARS_FI1C2,FI1C2,Kanta-Häme,GGRPHCL_ARS,Kanta-Häme
ECB,GGRPHCL_ARS_PL524,PL524,Opolski,GGRPHCL_ARS,Opolski
ECB,GGRPHCL_ARS_PT11B,PT11B,Alto Tâmega,GGRPHCL_ARS,Alto Tâmega
ECB,GGRPHCL_ARS_FR715,FR715,Loire,GGRPHCL_ARS,Loire
ECB,GGRPHCL_ARS_FRJ24,FRJ24,Gers,GGRPHCL_ARS,Gers
ECB,GGRPHCL_ARS_FRY30,FRY30,Guyane,GGRPHCL_ARS,Guyane
ECB,GGRPHCL_ARS_EL303,EL303,Kentrikos Tomeas Athinon,GGRPHCL_ARS,Kentrikos Tomeas Athinon
ECB,GGRPHCL_ARS_PT191,PT191,Região de Aveiro,GGRPHCL_ARS,Região de Aveiro
ECB,GGRPHCL_ARS_FRK24,FRK24,Isère,GGRPHCL_ARS,Isère
ECB,GGRPHCL_ARS_FR615,FR615,Pyrénées-Atlantiques,GGRPHCL_ARS,Pyrénées-Atlantiques
ECB,GGRPHCL_ARS_FR211,FR211,Ardennes,GGRPHCL_ARS,Ardennes
ECB,GGRPHCL_ARS_DE126,DE126,"Mannheim, Stadtkreis",GGRPHCL_ARS,"Mannheim, Stadtkreis"
ECB,GGRPHCL_ARS_BG343,BG343,Yambol,GGRPHCL_ARS,Yambol
ECB,GGRPHCL_ARS_PL424,PL424,Miasto Szczecin,GGRPHCL_ARS,Miasto Szczecin
ECB,GGRPHCL_ARS_IE061,IE061,Dublin,GGRPHCL_ARS,Dublin
ECB,GGRPHCL_ARS_DE24B,DE24B,Kulmbach,GGRPHCL_ARS,Kulmbach
ECB,GGRPHCL_ARS_DED42,DED42,Erzgebirgskreis,GGRPHCL_ARS,Erzgebirgskreis
ECB,GGRPHCL_ARS_UKG24,UKG24,Staffordshire CC,GGRPHCL_ARS,Staffordshire CC
ECB,GGRPHCL_ARS_ITH52,ITH52,Parma,GGRPHCL_ARS,Parma
ECB,GGRPHCL_ARS_UKI75,UKI75,Hounslow and Richmond upon Thames,GGRPHCL_ARS,Hounslow and Richmond upon Thames
ECB,GGRPHCL_ARS_PT1D2,PT1D2,Médio Tejo,GGRPHCL_ARS,Médio Tejo
ECB,GGRPHCL_ARS_DE722,DE722,Lahn-Dill-Kreis,GGRPHCL_ARS,Lahn-Dill-Kreis
ECB,GGRPHCL_ARS_DEA2B,DEA2B,Rheinisch-Bergischer Kreis,GGRPHCL_ARS,Rheinisch-Bergischer Kreis
ECB,GGRPHCL_ARS_UKM71,UKM71,Angus and Dundee City,GGRPHCL_ARS,Angus and Dundee City
ECB,GGRPHCL_ARS_UKJ28,UKJ28,West Sussex (North East),GGRPHCL_ARS,West Sussex (North East)
ECB,GGRPHCL_ARS_DE226,DE226,Kelheim,GGRPHCL_ARS,Kelheim
ECB,TYP_INSTRMNT_2107,2107,Other debt securities issued - non-convertible,TYP_INSTRMNT,Other debt securities issued - non-convertible
ECB,GGRPHCL_ARS_FR515,FR515,Vendée,GGRPHCL_ARS,Vendée
ECB,GGRPHCL_ARS_DED2F,DED2F,Sächsische Schweiz-Osterzgebirge,GGRPHCL_ARS,Sächsische Schweiz-Osterzgebirge
ECB,GGRPHCL_ARS_UKF24,UKF24,West Northamptonshire,GGRPHCL_ARS,West Northamptonshire
ECB,GGRPHCL_ARS_DEA46,DEA46,Minden-Lübbecke,GGRPHCL_ARS,Minden-Lübbecke
ECB,GGRPHCL_ARS_NL33C,NL33C,Groot-Rijnmond,GGRPHCL_ARS,Groot-Rijnmond
ECB,GGRPHCL_ARS_EL652,EL652,Korinthia,GGRPHCL_ARS,Korinthia
ECB,GGRPHCL_ARS_BE235,BE235,Arr. Oudenaarde,GGRPHCL_ARS,Arr. Oudenaarde
ECB,GGRPHCL_ARS_FR244,FR244,Indre-et-Loire,GGRPHCL_ARS,Indre-et-Loire
ECB,GGRPHCL_ARS_DEB13,DEB13,Altenkirchen (Westerwald),GGRPHCL_ARS,Altenkirchen (Westerwald)
ECB,GGRPHCL_ARS_PL228,PL228,Bytomski,GGRPHCL_ARS,Bytomski
ECB,GGRPHCL_ARS_FR811,FR811,Aude,GGRPHCL_ARS,Aude
ECB,GGRPHCL_ARS_UKD71,UKD71,East Merseyside,GGRPHCL_ARS,East Merseyside
ECB,GGRPHCL_ARS_AT112,AT112,Nordburgenland,GGRPHCL_ARS,Nordburgenland
ECB,GGRPHCL_ARS_BE335,BE335,Arr. Verviers - communes francophones,GGRPHCL_ARS,Arr. Verviers - communes francophones
ECB,GGRPHCL_ARS_LT008,LT008,Telšiu Apskritis,GGRPHCL_ARS,Telšiu Apskritis
ECB,GGRPHCL_ARS_DE273,DE273,"Kempten (Allgäu), Kreisfreie Stadt",GGRPHCL_ARS,"Kempten (Allgäu), Kreisfreie Stadt"
ECB,TYP_INSTRMNT_1013,1013,Currency and deposits,TYP_INSTRMNT,"Currency and deposits are currency in circulation and deposits, both in national currency and in foreign currencies"
ECB,GGRPHCL_ARS_PL21A,PL21A,Oswiecimski,GGRPHCL_ARS,Oswiecimski
ECB,GGRPHCL_ARS_UKL24,UKL24,Powys,GGRPHCL_ARS,Powys
ECB,GGRPHCL_ARS_DE94B,DE94B,Grafschaft Bentheim,GGRPHCL_ARS,Grafschaft Bentheim
ECB,GGRPHCL_ARS_BG412,BG412,Sofia,GGRPHCL_ARS,Sofia
ECB,GGRPHCL_ARS_DE71C,DE71C,"Offenbach, Landkreis",GGRPHCL_ARS,"Offenbach, Landkreis"
ECB,GGRPHCL_ARS_PL128,PL128,Radomski,GGRPHCL_ARS,Radomski
ECB,GGRPHCL_ARS_AT312,AT312,Linz-Wels,GGRPHCL_ARS,Linz-Wels
ECB,GGRPHCL_ARS_DEA13,DEA13,"Essen, Kreisfreie Stadt",GGRPHCL_ARS,"Essen, Kreisfreie Stadt"
ECB,GGRPHCL_ARS_AT212,AT212,Oberkärnten,GGRPHCL_ARS,Oberkärnten
ECB,GGRPHCL_ARS_DE21G,DE21G,Mühldorf a. Inn,GGRPHCL_ARS,Mühldorf a. Inn
ECB,GGRPHCL_ARS_FRC24,FRC24,Territoire de Belfort,GGRPHCL_ARS,Territoire de Belfort
ECB,GGRPHCL_ARS_DE926,DE926,Holzminden,GGRPHCL_ARS,Holzminden
ECB,GGRPHCL_ARS_ES703,ES703,El Hierro,GGRPHCL_ARS,El Hierro
ECB,GGRPHCL_ARS_HR022,HR022,Virovitičko-podravska županija,GGRPHCL_ARS,Virovitičko-podravska županija
ECB,GGRPHCL_ARS_EE006,EE006,Kesk-Eesti,GGRPHCL_ARS,Kesk-Eesti
ECB,GGRPHCL_ARS_UKM24,UKM24,Scottish Borders,GGRPHCL_ARS,Scottish Borders
ECB,GGRPHCL_ARS_DE922,DE922,Diepholz,GGRPHCL_ARS,Diepholz
ECB,GGRPHCL_ARS_DE21C,DE21C,Fürstenfeldbruck,GGRPHCL_ARS,Fürstenfeldbruck
ECB,GGRPHCL_ARS_PL428,PL428,Szczecinski,GGRPHCL_ARS,Szczecinski
ECB,PRJCT_FNNC_LN_-99,-99,Technical null,PRJCT_FNNC_LN,Technical member to represent the null value
ECB,GGRPHCL_ARS_HU221,HU221,Gyor-moson-sopron,GGRPHCL_ARS,Gyor-moson-sopron
ECB,GGRPHCL_ARS_FRK28,FRK28,Haute-Savoie,GGRPHCL_ARS,Haute-Savoie
ECB,GGRPHCL_ARS_HR026,HR026,Vukovarsko-srijemska županija,GGRPHCL_ARS,Vukovarsko-srijemska županija
ECB,GGRPHCL_ARS_ITF52,ITF52,Matera,GGRPHCL_ARS,Matera
ECB,GGRPHCL_ARS_ES707,ES707,La Palma,GGRPHCL_ARS,La Palma
ECB,GGRPHCL_ARS_PL824,PL824,Tarnobrzeski,GGRPHCL_ARS,Tarnobrzeski
ECB,GGRPHCL_ARS_DE94F,DE94F,Vechta,GGRPHCL_ARS,Vechta
ECB,GGRPHCL_ARS_UKH24,UKH24,Bedford,GGRPHCL_ARS,Bedford
ECB,GGRPHCL_ARS_PL924,PL924,Ostrołęcki,GGRPHCL_ARS,Ostrołęcki
ECB,GGRPHCL_ARS_HU321,HU321,Hajdú-Bihar,GGRPHCL_ARS,Hajdú-Bihar
ECB,GGRPHCL_ARS_FRJ28,FRJ28,Tarn-et-Garonne,GGRPHCL_ARS,Tarn-et-Garonne
ECB,GGRPHCL_ARS_DE277,DE277,Dillingen a.d. Donau,GGRPHCL_ARS,Dillingen a.d. Donau
ECB,GGRPHCL_ARS_HR04B,HR04B,Osjecko-baranjska Županija,GGRPHCL_ARS,Osjecko-baranjska Županija
ECB,GGRPHCL_ARS_DEA17,DEA17,"Oberhausen, Kreisfreie Stadt",GGRPHCL_ARS,"Oberhausen, Kreisfreie Stadt"
ECB,GGRPHCL_ARS_FRF24,FRF24,Haute-Marne,GGRPHCL_ARS,Haute-Marne
ECB,GGRPHCL_ARS_DE11C,DE11C,Heidenheim,GGRPHCL_ARS,Heidenheim
ECB,GGRPHCL_ARS_BE331,BE331,Arr. Huy,GGRPHCL_ARS,Arr. Huy
ECB,GGRPHCL_ARS_BE231,BE231,Arr. Aalst,GGRPHCL_ARS,Arr. Aalst
ECB,GGRPHCL_ARS_FR815,FR815,Pyrénées-Orientales,GGRPHCL_ARS,Pyrénées-Orientales
ECB,GGRPHCL_ARS_BG312,BG312,Montana,GGRPHCL_ARS,Montana
ECB,GGRPHCL_ARS_DEB17,DEB17,Mayen-Koblenz,GGRPHCL_ARS,Mayen-Koblenz
ECB,GGRPHCL_ARS_FRA20,FRA20,Martinique,GGRPHCL_ARS,Martinique
ECB,GGRPHCL_ARS_DEG07,DEG07,Nordhausen,GGRPHCL_ARS,Nordhausen
ECB,GGRPHCL_ARS_UKD61,UKD61,Warrington,GGRPHCL_ARS,Warrington
ECB,GGRPHCL_ARS_DEC03,DEC03,Neunkirchen,GGRPHCL_ARS,Neunkirchen
ECB,GGRPHCL_ARS_BE325,BE325,Arr. Soignies,GGRPHCL_ARS,Arr. Soignies
ECB,GGRPHCL_ARS_4J819,4J819,EUROFOUND (European Foundation for the Improvement of Living and Working Conditions),GGRPHCL_ARS,EUROFOUND (European Foundation for the Improvement of Living and Working Conditions)
ECB,GGRPHCL_ARS_ES413,ES413,León,GGRPHCL_ARS,León
ECB,GGRPHCL_ARS_SE214,SE214,Gotlands län,GGRPHCL_ARS,Gotlands län
ECB,GGRPHCL_ARS_UKK30,UKK30,Cornwall and Isles of Scilly,GGRPHCL_ARS,Cornwall and Isles of Scilly
ECB,GGRPHCL_ARS_ES513,ES513,Lleida,GGRPHCL_ARS,Lleida
ECB,GGRPHCL_ARS_BE225,BE225,Arr. Maaseik,GGRPHCL_ARS,Arr. Maaseik
ECB,GGRPHCL_ARS_EL642,EL642,Evvoia,GGRPHCL_ARS,Evvoia
ECB,GGRPHCL_ARS_DE80O,DE80O,Ludwigslust-Parchim,GGRPHCL_ARS,Ludwigslust-Parchim
ECB,GGRPHCL_ARS_DEF07,DEF07,Nordfriesland,GGRPHCL_ARS,Nordfriesland
ECB,GGRPHCL_ARS_DE40C,DE40C,Oder-Spree,GGRPHCL_ARS,Oder-Spree
ECB,GGRPHCL_ARS_IE024,IE024,South-East (IE),GGRPHCL_ARS,South-East (IE)
ECB,GGRPHCL_ARS_DE936,DE936,Osterholz,GGRPHCL_ARS,Osterholz
ECB,GGRPHCL_ARS_ITG2B,ITG2B,Medio Campidano,GGRPHCL_ARS,Medio Campidano
ECB,GGRPHCL_ARS_ITF46,ITF46,Foggia,GGRPHCL_ARS,Foggia
ECB,GGRPHCL_ARS_CZZZZ,CZZZZ,Extra-Regio NUTS 3,GGRPHCL_ARS,Extra-Regio NUTS 3 - Czechia
ECB,GGRPHCL_ARS_HR032,HR032,Licko-senjska Županija,GGRPHCL_ARS,Licko-senjska Županija
ECB,GGRPHCL_ARS_UKM34,UKM34,Glasgow City,GGRPHCL_ARS,Glasgow City
ECB,GGRPHCL_ARS_DE263,DE263,"Würzburg, Kreisfreie Stadt",GGRPHCL_ARS,"Würzburg, Kreisfreie Stadt"
ECB,TYP_INSTRMNT_1003,1003,Reverse repurchase agreements,TYP_INSTRMNT,Reverse repurchase agreements as defined Part 2.14 of Annex V to Implementing Regulation (EU) No 680/2014.
ECB,GGRPHCL_ARS_LV00B,LV00B,Kurzeme,GGRPHCL_ARS,Kurzeme
ECB,GGRPHCL_ARS_EL542,EL542,Thesprotia,GGRPHCL_ARS,Thesprotia
ECB,GGRPHCL_ARS_ITC42,ITC42,Como,GGRPHCL_ARS,Como
ECB,GGRPHCL_ARS_ES613,ES613,Córdoba,GGRPHCL_ARS,Córdoba
ECB,GGRPHCL_ARS_DEB3J,DEB3J,Mainz-Bingen,GGRPHCL_ARS,Mainz-Bingen
ECB,GGRPHCL_ARS_DEE07,DEE07,Börde,GGRPHCL_ARS,Börde
ECB,GGRPHCL_ARS_ITI17,ITI17,Pisa,GGRPHCL_ARS,Pisa
ECB,GGRPHCL_ARS_4J840,4J840,EUROJUST (The European Union’s Judicial Cooperation Unit),GGRPHCL_ARS,EUROJUST (The European Union’s Judicial Cooperation Unit)
ECB,GGRPHCL_ARS_UKH34,UKH34,Essex Haven Gateway,GGRPHCL_ARS,Essex Haven Gateway
ECB,GGRPHCL_ARS_ES617,ES617,Málaga,GGRPHCL_ARS,Málaga
ECB,GGRPHCL_ARS_ES213,ES213,Vizcaya,GGRPHCL_ARS,Vizcaya
ECB,GGRPHCL_ARS_HU331,HU331,Bács-Kiskun,GGRPHCL_ARS,Bács-Kiskun
ECB,GGRPHCL_ARS_ITC46,ITC46,Bergamo,GGRPHCL_ARS,Bergamo
ECB,GGRPHCL_ARS_DE267,DE267,Haßberge,GGRPHCL_ARS,Haßberge
ECB,GGRPHCL_ARS_ITI13,ITI13,Pistoia,GGRPHCL_ARS,Pistoia
ECB,GGRPHCL_ARS_FRF34,FRF34,Vosges,GGRPHCL_ARS,Vosges
ECB,GGRPHCL_ARS_DEE03,DEE03,"Magdeburg, Kreisfreie Stadt",GGRPHCL_ARS,"Magdeburg, Kreisfreie Stadt"
ECB,GGRPHCL_ARS_ITG2F,ITG2F,Cagliari,GGRPHCL_ARS,Cagliari
ECB,GGRPHCL_ARS_DE932,DE932,Cuxhaven,GGRPHCL_ARS,Cuxhaven
ECB,GGRPHCL_ARS_HU231,HU231,Baranya,GGRPHCL_ARS,Baranya
ECB,GGRPHCL_ARS_HR036,HR036,Istarska županija,GGRPHCL_ARS,Istarska županija
ECB,GGRPHCL_ARS_UKZZZ,UKZZZ,Extra-Regio NUTS 3,GGRPHCL_ARS,Extra-Regio NUTS 3 - United Kingdom
ECB,GGRPHCL_ARS_SE110,SE110,Stockholms län,GGRPHCL_ARS,Stockholms län
ECB,GGRPHCL_ARS_UKI34,UKI34,Wandsworth,GGRPHCL_ARS,Wandsworth
ECB,GGRPHCL_ARS_DE80K,DE80K,Landkreis Rostock,GGRPHCL_ARS,Landkreis Rostock
ECB,GGRPHCL_ARS_ES113,ES113,Ourense,GGRPHCL_ARS,Ourense
ECB,GGRPHCL_ARS_BE221,BE221,Arr. Hasselt,GGRPHCL_ARS,Arr. Hasselt
ECB,GGRPHCL_ARS_DEF03,DEF03,"Lübeck, Kreisfreie Stadt",GGRPHCL_ARS,"Lübeck, Kreisfreie Stadt"
ECB,GGRPHCL_ARS_DE40G,DE40G,Spree-Neiße,GGRPHCL_ARS,Spree-Neiße
ECB,GGRPHCL_ARS_UKG38,UKG38,Walsall,GGRPHCL_ARS,Walsall
ECB,GGRPHCL_ARS_FRA30,FRA30,Guyane,GGRPHCL_ARS,Guyane
ECB,GGRPHCL_ARS_PL638,PL638,Starogardzki,GGRPHCL_ARS,Starogardzki
ECB,GGRPHCL_ARS_DEG03,DEG03,"Jena, Kreisfreie Stadt",GGRPHCL_ARS,"Jena, Kreisfreie Stadt"
ECB,GGRPHCL_ARS_UKJ34,UKJ34,Isle of Wight,GGRPHCL_ARS,Isle of Wight
ECB,GGRPHCL_ARS_ES417,ES417,Soria,GGRPHCL_ARS,Soria
ECB,GGRPHCL_ARS_BE321,BE321,Arr. Ath,GGRPHCL_ARS,Arr. Ath
ECB,GGRPHCL_ARS_NL412,NL412,Midden-Noord-Brabant,GGRPHCL_ARS,Midden-Noord-Brabant
ECB,GGRPHCL_ARS_UKM82,UKM82,Glasgow City,GGRPHCL_ARS,Glasgow City
ECB,GGRPHCL_ARS_UKM65,UKM65,Orkney Islands,GGRPHCL_ARS,Orkney Islands
ECB,GGRPHCL_ARS_EL413,EL413,Chios,GGRPHCL_ARS,Chios
ECB,GGRPHCL_ARS_HR063,HR063,Koprivničko-križevačka županija,GGRPHCL_ARS,Koprivničko-križevačka županija
ECB,GGRPHCL_ARS_RO321,RO321,Bucuresti,GGRPHCL_ARS,Bucuresti
ECB,GGRPHCL_ARS_FI19A,FI19A,Pohjanmaa,GGRPHCL_ARS,Pohjanmaa
ECB,GGRPHCL_ARS_DE736,DE736,Waldeck-Frankenberg,GGRPHCL_ARS,Waldeck-Frankenberg
ECB,GGRPHCL_ARS_UKI61,UKI61,Bromley,GGRPHCL_ARS,Bromley
ECB,GGRPHCL_ARS_4J815,4J815,EEA (European Environment Agency),GGRPHCL_ARS,EEA (European Environment Agency)
ECB,GGRPHCL_ARS_ITG17,ITG17,Catania,GGRPHCL_ARS,Catania
ECB,GGRPHCL_ARS_BE329,BE329,Arr. La Louvière,GGRPHCL_ARS,Arr. La Louvière
ECB,GGRPHCL_ARS_ITC13,ITC13,Biella,GGRPHCL_ARS,Biella
ECB,GGRPHCL_ARS_EL513,EL513,Rodopi,GGRPHCL_ARS,Rodopi
ECB,GGRPHCL_ARS_FR105,FR105,Hauts-de-Seine,GGRPHCL_ARS,Hauts-de-Seine
ECB,GGRPHCL_ARS_DE232,DE232,"Regensburg, Kreisfreie Stadt",GGRPHCL_ARS,"Regensburg, Kreisfreie Stadt"
ECB,GGRPHCL_ARS_RO221,RO221,Braila,GGRPHCL_ARS,Braila
ECB,GGRPHCL_ARS_DEA52,DEA52,"Dortmund, Kreisfreie Stadt",GGRPHCL_ARS,"Dortmund, Kreisfreie Stadt"
ECB,GGRPHCL_ARS_UKF30,UKF30,Lincolnshire,GGRPHCL_ARS,Lincolnshire
ECB,GGRPHCL_ARS_DEB3F,DEB3F,"Kaiserslautern, Landkreis",GGRPHCL_ARS,"Kaiserslautern, Landkreis"
ECB,GGRPHCL_ARS_EL613,EL613,"Magnisia, Sporades",GGRPHCL_ARS,"Magnisia, Sporades"
ECB,GGRPHCL_ARS_DE132,DE132,Breisgau-Hochschwarzwald,GGRPHCL_ARS,Breisgau-Hochschwarzwald
ECB,GGRPHCL_ARS_RO121,RO121,Alba,GGRPHCL_ARS,Alba
ECB,GGRPHCL_ARS_UKM38,UKM38,South Lanarkshire,GGRPHCL_ARS,South Lanarkshire
ECB,GGRPHCL_ARS_FI1DB,FI1DB,Pohjois-Savo,GGRPHCL_ARS,Pohjois-Savo
ECB,GGRPHCL_ARS_PT185,PT185,Lezíria do Tejo,GGRPHCL_ARS,Lezíria do Tejo
ECB,GGRPHCL_ARS_SI031,SI031,Pomurska,GGRPHCL_ARS,Pomurska
ECB,GGRPHCL_ARS_PT181,PT181,Alentejo Litoral,GGRPHCL_ARS,Alentejo Litoral
ECB,GGRPHCL_ARS_RO125,RO125,Mures,GGRPHCL_ARS,Mures
ECB,GGRPHCL_ARS_DE136,DE136,Schwarzwald-Baar-Kreis,GGRPHCL_ARS,Schwarzwald-Baar-Kreis
ECB,GGRPHCL_ARS_SI035,SI035,Zasavska,GGRPHCL_ARS,Zasavska
ECB,GGRPHCL_ARS_NL212,NL212,Zuidwest-Overijssel,GGRPHCL_ARS,Zuidwest-Overijssel
ECB,GGRPHCL_ARS_UKD34,UKD34,Greater Manchester South West,GGRPHCL_ARS,Greater Manchester South West
ECB,GGRPHCL_ARS_DEB3B,DEB3B,Alzey-Worms,GGRPHCL_ARS,Alzey-Worms
ECB,GGRPHCL_ARS_FR301,FR301,Nord,GGRPHCL_ARS,Nord
ECB,GGRPHCL_ARS_FRY20,FRY20,Martinique,GGRPHCL_ARS,Martinique
ECB,GGRPHCL_ARS_RO421,RO421,Arad,GGRPHCL_ARS,Arad
ECB,GGRPHCL_ARS_RO225,RO225,Tulcea,GGRPHCL_ARS,Tulcea
ECB,GGRPHCL_ARS_DE236,DE236,Neumarkt i. d. OPf.,GGRPHCL_ARS,Neumarkt i. d. OPf.
ECB,GGRPHCL_ARS_FR101,FR101,Paris,GGRPHCL_ARS,Paris
ECB,GGRPHCL_ARS_ES242,ES242,Teruel,GGRPHCL_ARS,Teruel
ECB,GGRPHCL_ARS_ITC17,ITC17,Asti,GGRPHCL_ARS,Asti
ECB,GGRPHCL_ARS_ITG13,ITG13,Messina,GGRPHCL_ARS,Messina
ECB,GGRPHCL_ARS_4J811,4J811,CEDEFOP (European Centre for the Development of Vocational Training),GGRPHCL_ARS,CEDEFOP (European Centre for the Development of Vocational Training)
ECB,GGRPHCL_ARS_ITI42,ITI42,Rieti,GGRPHCL_ARS,Rieti
ECB,GGRPHCL_ARS_NL112,NL112,Delfzijl en omgeving,GGRPHCL_ARS,Delfzijl en omgeving
ECB,GGRPHCL_ARS_DEA56,DEA56,Ennepe-Ruhr-Kreis,GGRPHCL_ARS,Ennepe-Ruhr-Kreis
ECB,GGRPHCL_ARS_NL416,NL416,Noordoost-Noord-Brabant,GGRPHCL_ARS,Noordoost-Noord-Brabant
ECB,GGRPHCL_ARS_DE25B,DE25B,Roth,GGRPHCL_ARS,Roth
ECB,GGRPHCL_ARS_DED52,DED52,Leipzig,GGRPHCL_ARS,Leipzig
ECB,GGRPHCL_ARS_ITH42,ITH42,Udine,GGRPHCL_ARS,Udine
ECB,GGRPHCL_ARS_PL634,PL634,Gdanski,GGRPHCL_ARS,Gdanski
ECB,GGRPHCL_ARS_ITF13,ITF13,Pescara,GGRPHCL_ARS,Pescara
ECB,GGRPHCL_ARS_DE732,DE732,Fulda,GGRPHCL_ARS,Fulda
ECB,GGRPHCL_ARS_FRI34,FRI34,Vienne,GGRPHCL_ARS,Vienne
ECB,GGRPHCL_ARS_FRZZZ,FRZZZ,Extra-Regio NUTS 3,GGRPHCL_ARS,Extra-Regio NUTS 3 - France
ECB,GGRPHCL_ARS_UKM61,UKM61,Caithness & Sutherland and Ross & Cromarty,GGRPHCL_ARS,Caithness & Sutherland and Ross & Cromarty
ECB,GGRPHCL_ARS_DE11A,DE11A,Schwäbisch Hall,GGRPHCL_ARS,Schwäbisch Hall
ECB,GGRPHCL_ARS_UKJ26,UKJ26,East Surrey,GGRPHCL_ARS,East Surrey
ECB,GGRPHCL_ARS_DE228,DE228,"Passau, Landkreis",GGRPHCL_ARS,"Passau, Landkreis"
ECB,GGRPHCL_ARS_ESZZZ,ESZZZ,Extra-Regio NUTS 3,GGRPHCL_ARS,Extra-Regio NUTS 3 - Spain
ECB,GGRPHCL_ARS_BE233,BE233,Arr. Eeklo,GGRPHCL_ARS,Arr. Eeklo
ECB,GGRPHCL_ARS_FR242,FR242,Eure-et-Loir,GGRPHCL_ARS,Eure-et-Loir
ECB,GGRPHCL_ARS_DEB15,DEB15,Birkenfeld,GGRPHCL_ARS,Birkenfeld
ECB,GGRPHCL_ARS_DE21A,DE21A,Erding,GGRPHCL_ARS,Erding
ECB,GGRPHCL_ARS_FRC22,FRC22,Jura,GGRPHCL_ARS,Jura
ECB,GGRPHCL_ARS_HU223,HU223,Zala,GGRPHCL_ARS,Zala
ECB,GGRPHCL_ARS_UKM22,UKM22,Clackmannanshire and Fife,GGRPHCL_ARS,Clackmannanshire and Fife
ECB,GGRPHCL_ARS_HR024,HR024,Brodsko-posavska županija,GGRPHCL_ARS,Brodsko-posavska županija
ECB,GGRPHCL_ARS_ES705,ES705,Gran Canaria,GGRPHCL_ARS,Gran Canaria
ECB,GGRPHCL_ARS_DE128,DE128,Rhein-Neckar-Kreis,GGRPHCL_ARS,Rhein-Neckar-Kreis
ECB,GGRPHCL_ARS_DE94D,DE94D,"Oldenburg, Landkreis",GGRPHCL_ARS,"Oldenburg, Landkreis"
ECB,GGRPHCL_ARS_DK022,DK022,Vest- og Sydsjælland,GGRPHCL_ARS,Vest- og Sydsjælland
ECB,GGRPHCL_ARS_PL926,PL926,Żyrardowski,GGRPHCL_ARS,Żyrardowski
ECB,GGRPHCL_ARS_HU323,HU323,Szabolcs-Szatmár-Bereg,GGRPHCL_ARS,Szabolcs-Szatmár-Bereg
ECB,GGRPHCL_ARS_UKL22,UKL22,Cardiff and Vale of Glamorgan,GGRPHCL_ARS,Cardiff and Vale of Glamorgan
ECB,TYP_INSTRMNT_1015,1015,"Financial guarantees given, Other commitments given",TYP_INSTRMNT,"Financial guarantees given, Other commitments given"
ECB,GGRPHCL_ARS_DE275,DE275,Aichach-Friedberg,GGRPHCL_ARS,Aichach-Friedberg
ECB,GGRPHCL_ARS_DEA15,DEA15,"Mönchengladbach, Kreisfreie Stadt",GGRPHCL_ARS,"Mönchengladbach, Kreisfreie Stadt"
ECB,GGRPHCL_ARS_AT314,AT314,Steyr-Kirchdorf,GGRPHCL_ARS,Steyr-Kirchdorf
ECB,GGRPHCL_ARS_BG414,BG414,Pernik,GGRPHCL_ARS,Pernik
ECB,GGRPHCL_ARS_DE71E,DE71E,Wetteraukreis,GGRPHCL_ARS,Wetteraukreis
ECB,GGRPHCL_ARS_DE271,DE271,"Augsburg, Kreisfreie Stadt",GGRPHCL_ARS,"Augsburg, Kreisfreie Stadt"
ECB,TYP_INSTRMNT_1011,1011,Other commitments,TYP_INSTRMNT,Other commitments as defined in paragraph 59 of Part 2 of Annex V to Implementing Regulation (EU) No 680/2014.
ECB,GGRPHCL_ARS_PL922,PL922,Ciechanowski,GGRPHCL_ARS,Ciechanowski
ECB,GGRPHCL_ARS_DE71A,DE71A,Main-Taunus-Kreis,GGRPHCL_ARS,Main-Taunus-Kreis
ECB,GGRPHCL_ARS_FRF22,FRF22,Aube,GGRPHCL_ARS,Aube
ECB,GGRPHCL_ARS_HR04D,HR04D,Karlovacka Županija,GGRPHCL_ARS,Karlovacka Županija
ECB,GGRPHCL_ARS_DEA11,DEA11,"Düsseldorf, Kreisfreie Stadt",GGRPHCL_ARS,"Düsseldorf, Kreisfreie Stadt"
ECB,GGRPHCL_ARS_DE21E,DE21E,Landsberg am Lech,GGRPHCL_ARS,Landsberg am Lech
ECB,GGRPHCL_ARS_PL822,PL822,Przemyski,GGRPHCL_ARS,Przemyski
ECB,GGRPHCL_ARS_EE004,EE004,Lääne-Eesti,GGRPHCL_ARS,Lääne-Eesti
ECB,GGRPHCL_ARS_UKM26,UKM26,Falkirk,GGRPHCL_ARS,Falkirk
ECB,GGRPHCL_ARS_NL33A,NL33A,Zuidoost-Zuid-Holland,GGRPHCL_ARS,Zuidoost-Zuid-Holland
ECB,GGRPHCL_ARS_UKK22,UKK22,Dorset CC,GGRPHCL_ARS,Dorset CC
ECB,GGRPHCL_ARS_FR246,FR246,Loiret,GGRPHCL_ARS,Loiret
ECB,GGRPHCL_ARS_BG314,BG314,Pleven,GGRPHCL_ARS,Pleven
ECB,GGRPHCL_ARS_ITH58,ITH58,Forlì-Cesena,GGRPHCL_ARS,Forlì-Cesena
ECB,GGRPHCL_ARS_DEB11,DEB11,"Koblenz, Kreisfreie Stadt",GGRPHCL_ARS,"Koblenz, Kreisfreie Stadt"
ECB,GGRPHCL_ARS_FRE22,FRE22,Oise,GGRPHCL_ARS,Oise
ECB,GGRPHCL_ARS_FR813,FR813,Hérault,GGRPHCL_ARS,Hérault
ECB,GGRPHCL_ARS_FRD22,FRD22,Seine-Maritime,GGRPHCL_ARS,Seine-Maritime
ECB,GGRPHCL_ARS_UKD73,UKD73,Sefton,GGRPHCL_ARS,Sefton
ECB,GGRPHCL_ARS_UKJ22,UKJ22,East Sussex CC,GGRPHCL_ARS,East Sussex CC
ECB,GGRPHCL_ARS_UKC22,UKC22,Tyneside,GGRPHCL_ARS,Tyneside
ECB,GGRPHCL_ARS_UKM94,UKM94,South Ayrshire,GGRPHCL_ARS,South Ayrshire
ECB,GGRPHCL_ARS_IE063,IE063,Midland,GGRPHCL_ARS,Midland
ECB,GGRPHCL_ARS_DEB19,DEB19,Rhein-Hunsrück-Kreis,GGRPHCL_ARS,Rhein-Hunsrück-Kreis
ECB,GGRPHCL_ARS_ELZZZ,ELZZZ,Extra-Regio NUTS 3,GGRPHCL_ARS,Extra-Regio NUTS 3 - Greece
ECB,GGRPHCL_ARS_UKM73,UKM73,East Lothian and Midlothian,GGRPHCL_ARS,East Lothian and Midlothian
ECB,GGRPHCL_ARS_DE224,DE224,Deggendorf,GGRPHCL_ARS,Deggendorf
ECB,GGRPHCL_ARS_LT002,LT002,Kauno apskritis,GGRPHCL_ARS,Kauno apskritis
ECB,TYP_INSTRMNT_2105,2105,Other debt securities issued,TYP_INSTRMNT,Other debt securities issued
ECB,GGRPHCL_ARS_DED2D,DED2D,Görlitz,GGRPHCL_ARS,Görlitz
ECB,GGRPHCL_ARS_DEA44,DEA44,Höxter,GGRPHCL_ARS,Höxter
ECB,GGRPHCL_ARS_DEA19,DEA19,"Solingen, Kreisfreie Stadt",GGRPHCL_ARS,"Solingen, Kreisfreie Stadt"
ECB,GGRPHCL_ARS_DE94H,DE94H,Wittmund,GGRPHCL_ARS,Wittmund
ECB,GGRPHCL_ARS_DE279,DE279,Neu-Ulm,GGRPHCL_ARS,Neu-Ulm
ECB,GGRPHCL_ARS_FRJ26,FRJ26,Hautes-Pyrénées,GGRPHCL_ARS,Hautes-Pyrénées
ECB,GGRPHCL_ARS_FR717,FR717,Savoie,GGRPHCL_ARS,Savoie
ECB,GGRPHCL_ARS_EL301,EL301,Voreios Tomeas Athinon,GGRPHCL_ARS,Voreios Tomeas Athinon
ECB,GGRPHCL_ARS_HR028,HR028,Sisačko-moslavačka županija,GGRPHCL_ARS,Sisačko-moslavačka županija
ECB,GGRPHCL_ARS_PT193,PT193,Região de Leiria,GGRPHCL_ARS,Região de Leiria
ECB,GGRPHCL_ARS_FRK26,FRK26,Rhône,GGRPHCL_ARS,Rhône
ECB,GGRPHCL_ARS_FR213,FR213,Marne,GGRPHCL_ARS,Marne
ECB,GGRPHCL_ARS_DE124,DE124,Rastatt,GGRPHCL_ARS,Rastatt
ECB,GGRPHCL_ARS_ES709,ES709,Tenerife,GGRPHCL_ARS,Tenerife
ECB,GGRPHCL_ARS_BG341,BG341,Burgas,GGRPHCL_ARS,Burgas
ECB,GGRPHCL_ARS_PL426,PL426,Koszalinski,GGRPHCL_ARS,Koszalinski
ECB,GGRPHCL_ARS_DE21M,DE21M,Traunstein,GGRPHCL_ARS,Traunstein
ECB,GGRPHCL_ARS_FR613,FR613,Landes,GGRPHCL_ARS,Landes
ECB,GGRPHCL_ARS_FI200,FI200,Åland,GGRPHCL_ARS,Åland
ECB,GGRPHCL_ARS_FRK22,FRK22,Ardèche,GGRPHCL_ARS,Ardèche
ECB,GGRPHCL_ARS_EE008,EE008,Lõuna-Eesti,GGRPHCL_ARS,Lõuna-Eesti
ECB,GGRPHCL_ARS_UKE22,UKE22,North Yorkshire CC,GGRPHCL_ARS,North Yorkshire CC
ECB,GGRPHCL_ARS_DE21I,DE21I,Neuburg-Schrobenhausen,GGRPHCL_ARS,Neuburg-Schrobenhausen
ECB,GGRPHCL_ARS_PT170,PT170,Área Metropolitana de Lisboa,GGRPHCL_ARS,Área Metropolitana de Lisboa
ECB,GGRPHCL_ARS_DE928,DE928,Schaumburg,GGRPHCL_ARS,Schaumburg
ECB,GGRPHCL_ARS_FI1C4,FI1C4,Kymenlaakso,GGRPHCL_ARS,Kymenlaakso
ECB,GGRPHCL_ARS_FRJ22,FRJ22,Aveyron,GGRPHCL_ARS,Aveyron
ECB,GGRPHCL_ARS_FR713,FR713,Drôme,GGRPHCL_ARS,Drôme
ECB,GGRPHCL_ARS_EL305,EL305,Anatoliki Attiki,GGRPHCL_ARS,Anatoliki Attiki
ECB,GGRPHCL_ARS_PT11D,PT11D,Douro,GGRPHCL_ARS,Douro
ECB,GGRPHCL_ARS_FR513,FR513,Mayenne,GGRPHCL_ARS,Mayenne
ECB,GGRPHCL_ARS_DE91A,DE91A,Peine,GGRPHCL_ARS,Peine
ECB,GGRPHCL_ARS_LT006,LT006,Šiauliu Apskritis,GGRPHCL_ARS,Šiauliu Apskritis
ECB,TYP_INSTRMNT_2101,2101,Asset-backed securities,TYP_INSTRMNT,Asset-backed securities
ECB,GGRPHCL_ARS_PL326,PL326,Tarnobrzeski,GGRPHCL_ARS,Tarnobrzeski
ECB,GGRPHCL_ARS_AT341,AT341,Bludenz-Bregenzer Wald,GGRPHCL_ARS,Bludenz-Bregenzer Wald
ECB,GGRPHCL_ARS_PL722,PL722,Sandomiersko-jędrzejowski,GGRPHCL_ARS,Sandomiersko-jędrzejowski
ECB,GGRPHCL_ARS_UKF22,UKF22,Leicestershire CC and Rutland,GGRPHCL_ARS,Leicestershire CC and Rutland
ECB,GGRPHCL_ARS_PL622,PL622,Olsztynski,GGRPHCL_ARS,Olsztynski
ECB,GGRPHCL_ARS_UKG22,UKG22,Shropshire CC,GGRPHCL_ARS,Shropshire CC
ECB,GGRPHCL_ARS_ITH54,ITH54,Modena,GGRPHCL_ARS,Modena
ECB,GGRPHCL_ARS_DED44,DED44,Vogtlandkreis,GGRPHCL_ARS,Vogtlandkreis
ECB,GGRPHCL_ARS_DE24D,DE24D,Wunsiedel i. Fichtelgebirge,GGRPHCL_ARS,Wunsiedel i. Fichtelgebirge
ECB,GGRPHCL_ARS_UKM77,UKM77,Perth & Kinross and Stirling,GGRPHCL_ARS,Perth & Kinross and Stirling
ECB,GGRPHCL_ARS_DEA2D,DEA2D,Städteregion Aachen,GGRPHCL_ARS,Städteregion Aachen
ECB,GGRPHCL_ARS_DE724,DE724,Marburg-Biedenkopf,GGRPHCL_ARS,Marburg-Biedenkopf
ECB,GGRPHCL_ARS_FR413,FR413,Moselle,GGRPHCL_ARS,Moselle
ECB,GGRPHCL_ARS_FRI22,FRI22,Creuse,GGRPHCL_ARS,Creuse
ECB,GGRPHCL_ARS_UKI73,UKI73,Ealing,GGRPHCL_ARS,Ealing
ECB,GGRPHCL_ARS_CZ042,CZ042,Ústecký kraj,GGRPHCL_ARS,Ústecký kraj
ECB,GGRPHCL_ARS_EL515,EL515,"Thasos, Kavala",GGRPHCL_ARS,"Thasos, Kavala"
ECB,GGRPHCL_ARS_ES419,ES419,Zamora,GGRPHCL_ARS,Zamora
ECB,GGRPHCL_ARS_DE234,DE234,Amberg-Sulzbach,GGRPHCL_ARS,Amberg-Sulzbach
ECB,GGRPHCL_ARS_FR103,FR103,Yvelines,GGRPHCL_ARS,Yvelines
ECB,GGRPHCL_ARS_ITC15,ITC15,Novara,GGRPHCL_ARS,Novara
ECB,GGRPHCL_ARS_ITG11,ITG11,Trapani,GGRPHCL_ARS,Trapani
ECB,GGRPHCL_ARS_4J813,4J813,EDPS (European Data Protection Supervisor),GGRPHCL_ARS,EDPS (European Data Protection Supervisor)
ECB,GGRPHCL_ARS_PL332,PL332,Sandomiersko-jedrzejowski,GGRPHCL_ARS,Sandomiersko-jedrzejowski
ECB,GGRPHCL_ARS_DEA54,DEA54,"Hamm, Kreisfreie Stadt",GGRPHCL_ARS,"Hamm, Kreisfreie Stadt"
ECB,GGRPHCL_ARS_DE40I,DE40I,Uckermark,GGRPHCL_ARS,Uckermark
ECB,GGRPHCL_ARS_NL414,NL414,Zuidoost-Noord-Brabant,GGRPHCL_ARS,Zuidoost-Noord-Brabant
ECB,GGRPHCL_ARS_UKM84,UKM84,North Lanarkshire,GGRPHCL_ARS,North Lanarkshire
ECB,GGRPHCL_ARS_UKG36,UKG36,Dudley,GGRPHCL_ARS,Dudley
ECB,GGRPHCL_ARS_PL636,PL636,Slupski,GGRPHCL_ARS,Slupski
ECB,GGRPHCL_ARS_ITF11,ITF11,L''Aquila,GGRPHCL_ARS,L''Aquila
ECB,GGRPHCL_ARS_HR065,HR065,Zagrebačka županija,GGRPHCL_ARS,Zagrebačka županija
ECB,GGRPHCL_ARS_UKM63,UKM63,"Lochaber, Skye & Lochalsh, Arran & Cumbrae and Argyll & Bute",GGRPHCL_ARS,"Lochaber, Skye & Lochalsh, Arran & Cumbrae and Argyll & Bute"
ECB,GGRPHCL_ARS_DE134,DE134,Ortenaukreis,GGRPHCL_ARS,Ortenaukreis
ECB,GGRPHCL_ARS_SI037,SI037,Jugovzhodna Slovenija,GGRPHCL_ARS,Jugovzhodna Slovenija
ECB,GGRPHCL_ARS_ITG2H,ITG2H,Sud Sardegna,GGRPHCL_ARS,Sud Sardegna
ECB,GGRPHCL_ARS_NL310,NL310,Utrecht,GGRPHCL_ARS,Utrecht
ECB,GGRPHCL_ARS_UKD36,UKD36,Greater Manchester North West,GGRPHCL_ARS,Greater Manchester North West
ECB,TYP_INSTRMNT_1009,1009,Loan commitments,TYP_INSTRMNT,Loan commitments as defined in Implementing Regulation (EU) No 680/2014 except for credit lines and revolving credit.
ECB,GGRPHCL_ARS_DE269,DE269,Miltenberg,GGRPHCL_ARS,Miltenberg
ECB,GGRPHCL_ARS_ITC48,ITC48,Pavia,GGRPHCL_ARS,Pavia
ECB,GGRPHCL_ARS_RO423,RO423,Hunedoara,GGRPHCL_ARS,Hunedoara
ECB,GGRPHCL_ARS_ITI19,ITI19,Siena,GGRPHCL_ARS,Siena
ECB,GGRPHCL_ARS_DEE09,DEE09,Harz,GGRPHCL_ARS,Harz
ECB,GGRPHCL_ARS_SK010,SK010,Bratislavský kraj,GGRPHCL_ARS,Bratislavský kraj
ECB,GGRPHCL_ARS_DEB3D,DEB3D,Donnersbergkreis,GGRPHCL_ARS,Donnersbergkreis
ECB,GGRPHCL_ARS_ITF48,ITF48,Barletta-Andria-Trani,GGRPHCL_ARS,Barletta-Andria-Trani
ECB,GGRPHCL_ARS_EL611,EL611,"Karditsa, Trikala",GGRPHCL_ARS,"Karditsa, Trikala"
ECB,GGRPHCL_ARS_RO123,RO123,Covasna,GGRPHCL_ARS,Covasna
ECB,GGRPHCL_ARS_PT187,PT187,Alentejo Central,GGRPHCL_ARS,Alentejo Central
ECB,GGRPHCL_ARS_UKE32,UKE32,Sheffield,GGRPHCL_ARS,Sheffield
ECB,GGRPHCL_ARS_PL432,PL432,Zielonogórski,GGRPHCL_ARS,Zielonogórski
ECB,GGRPHCL_ARS_SI033,SI033,Koroška,GGRPHCL_ARS,Koroška
ECB,GGRPHCL_ARS_DE938,DE938,Soltau-Fallingbostel,GGRPHCL_ARS,Soltau-Fallingbostel
ECB,GGRPHCL_ARS_ITH44,ITH44,Trieste,GGRPHCL_ARS,Trieste
ECB,GGRPHCL_ARS_UKG32,UKG32,Solihull,GGRPHCL_ARS,Solihull
ECB,GGRPHCL_ARS_DEF09,DEF09,Pinneberg,GGRPHCL_ARS,Pinneberg
ECB,GGRPHCL_ARS_EL411,EL411,Lesvos,GGRPHCL_ARS,Lesvos
ECB,GGRPHCL_ARS_HR061,HR061,Međimurska županija,GGRPHCL_ARS,Međimurska županija
ECB,GGRPHCL_ARS_FRI32,FRI32,Charente-Maritime,GGRPHCL_ARS,Charente-Maritime
ECB,GGRPHCL_ARS_DE734,DE734,"Kassel, Landkreis",GGRPHCL_ARS,"Kassel, Landkreis"
ECB,GGRPHCL_ARS_CZ052,CZ052,Královéhradecký kraj,GGRPHCL_ARS,Královéhradecký kraj
ECB,GGRPHCL_ARS_UKI63,UKI63,"Merton, Kingston upon Thames and Sutton",GGRPHCL_ARS,"Merton, Kingston upon Thames and Sutton"
ECB,GGRPHCL_ARS_4J817,4J817,EFCA (European Fisheries Control Agency),GGRPHCL_ARS,EFCA (European Fisheries Control Agency)
ECB,GGRPHCL_ARS_ES640,ES640,Melilla,GGRPHCL_ARS,Melilla
ECB,GGRPHCL_ARS_ITG15,ITG15,Caltanissetta,GGRPHCL_ARS,Caltanissetta
ECB,GGRPHCL_ARS_ITC11,ITC11,Torino,GGRPHCL_ARS,Torino
ECB,GGRPHCL_ARS_EL511,EL511,Evros,GGRPHCL_ARS,Evros
ECB,GGRPHCL_ARS_RO223,RO223,Constanta,GGRPHCL_ARS,Constanta
ECB,GGRPHCL_ARS_FR107,FR107,Val-de-Marne,GGRPHCL_ARS,Val-de-Marne
ECB,GGRPHCL_ARS_DEG09,DEG09,Unstrut-Hainich-Kreis,GGRPHCL_ARS,Unstrut-Hainich-Kreis
ECB,GGRPHCL_ARS_ITI44,ITI44,Latina,GGRPHCL_ARS,Latina
ECB,GGRPHCL_ARS_NL114,NL114,Oost-Groningen,GGRPHCL_ARS,Oost-Groningen
ECB,GGRPHCL_ARS_ES111,ES111,A Coruña,GGRPHCL_ARS,A Coruña
ECB,GGRPHCL_ARS_FR252,FR252,Manche,GGRPHCL_ARS,Manche
ECB,GGRPHCL_ARS_BE223,BE223,Arr. Tongeren,GGRPHCL_ARS,Arr. Tongeren
ECB,GGRPHCL_ARS_EL644,EL644,Fthiotida,GGRPHCL_ARS,Fthiotida
ECB,GGRPHCL_ARS_SE312,SE312,Dalarnas län,GGRPHCL_ARS,Dalarnas län
ECB,GGRPHCL_ARS_DEF01,DEF01,"Flensburg, Kreisfreie Stadt",GGRPHCL_ARS,"Flensburg, Kreisfreie Stadt"
ECB,GGRPHCL_ARS_DE40E,DE40E,Potsdam-Mittelmark,GGRPHCL_ARS,Potsdam-Mittelmark
ECB,GGRPHCL_ARS_DEC05,DEC05,Saarpfalz-Kreis,GGRPHCL_ARS,Saarpfalz-Kreis
ECB,GGRPHCL_ARS_NL341,NL341,Zeeuwsch-Vlaanderen,GGRPHCL_ARS,Zeeuwsch-Vlaanderen
ECB,GGRPHCL_ARS_DEA58,DEA58,Märkischer Kreis,GGRPHCL_ARS,Märkischer Kreis
ECB,GGRPHCL_ARS_DEG01,DEG01,"Erfurt, Kreisfreie Stadt",GGRPHCL_ARS,"Erfurt, Kreisfreie Stadt"
ECB,GGRPHCL_ARS_SE212,SE212,Kronobergs län,GGRPHCL_ARS,Kronobergs län
ECB,GGRPHCL_ARS_UKJ36,UKJ36,Central Hampshire,GGRPHCL_ARS,Central Hampshire
ECB,GGRPHCL_ARS_DE238,DE238,"Regensburg, Landkreis",GGRPHCL_ARS,"Regensburg, Landkreis"
ECB,GGRPHCL_ARS_ES415,ES415,Salamanca,GGRPHCL_ARS,Salamanca
ECB,GGRPHCL_ARS_BE323,BE323,Arr. Mons,GGRPHCL_ARS,Arr. Mons
ECB,GGRPHCL_ARS_4J842,4J842,ATHENA Mechanism,GGRPHCL_ARS,ATHENA Mechanism
ECB,GGRPHCL_ARS_UKH36,UKH36,Heart of Essex,GGRPHCL_ARS,Heart of Essex
ECB,GGRPHCL_ARS_DK032,DK032,Sydjylland,GGRPHCL_ARS,Sydjylland
ECB,GGRPHCL_ARS_ES615,ES615,Huelva,GGRPHCL_ARS,Huelva
ECB,GGRPHCL_ARS_ITC44,ITC44,Sondrio,GGRPHCL_ARS,Sondrio
ECB,GGRPHCL_ARS_ES211,ES211,Álava,GGRPHCL_ARS,Álava
ECB,GGRPHCL_ARS_HU333,HU333,Csongrád,GGRPHCL_ARS,Csongrád
ECB,TYP_INSTRMNT_1005,1005,Loans excluding reverse repurchase agreements,TYP_INSTRMNT,
ECB,GGRPHCL_ARS_DE265,DE265,Bad Kissingen,GGRPHCL_ARS,Bad Kissingen
ECB,GGRPHCL_ARS_ITI11,ITI11,Massa-Carrara,GGRPHCL_ARS,Massa-Carrara
ECB,GGRPHCL_ARS_DEE01,DEE01,"Dessau-Roßlau, Kreisfreie Stadt",GGRPHCL_ARS,"Dessau-Roßlau, Kreisfreie Stadt"
ECB,GGRPHCL_ARS_ITG2D,ITG2D,Sassari,GGRPHCL_ARS,Sassari
ECB,GGRPHCL_ARS_IE022,IE022,Mid-East,GGRPHCL_ARS,Mid-East
ECB,GGRPHCL_ARS_UKM32,UKM32,Dumfries & Galloway,GGRPHCL_ARS,Dumfries & Galloway
ECB,GGRPHCL_ARS_HU233,HU233,Tolna,GGRPHCL_ARS,Tolna
ECB,GGRPHCL_ARS_HR034,HR034,Šibensko-kninska županija,GGRPHCL_ARS,Šibensko-kninska županija
ECB,GGRPHCL_ARS_DE138,DE138,Konstanz,GGRPHCL_ARS,Konstanz
ECB,GGRPHCL_ARS_DE934,DE934,Lüchow-Dannenberg,GGRPHCL_ARS,Lüchow-Dannenberg
ECB,GGRPHCL_ARS_UKI32,UKI32,Westminster,GGRPHCL_ARS,Westminster
ECB,GGRPHCL_ARS_ITF44,ITF44,Brindisi,GGRPHCL_ARS,Brindisi
ECB,GGRPHCL_ARS_UKM36,UKM36,North Lanarkshire,GGRPHCL_ARS,North Lanarkshire
ECB,GGRPHCL_ARS_DE261,DE261,"Aschaffenburg, Kreisfreie Stadt",GGRPHCL_ARS,"Aschaffenburg, Kreisfreie Stadt"
ECB,TYP_INSTRMNT_1001,1001,Revolving credit other than overdrafts and credit card debt,TYP_INSTRMNT,"Credit that has the following features: (i)  the debtor may use or withdraw funds up to a pre-approved credit limit without giving prior notice to the creditor;
(ii)  the amount of available credit can increase and decrease as funds are borrowed and repa"
ECB,GGRPHCL_ARS_UKH32,UKH32,Thurrock,GGRPHCL_ARS,Thurrock
ECB,GGRPHCL_ARS_DEB3H,DEB3H,Südliche Weinstraße,GGRPHCL_ARS,Südliche Weinstraße
ECB,GGRPHCL_ARS_ES611,ES611,Almería,GGRPHCL_ARS,Almería
ECB,GGRPHCL_ARS_DEE05,DEE05,Anhalt-Bitterfeld,GGRPHCL_ARS,Anhalt-Bitterfeld
ECB,GGRPHCL_ARS_FRF32,FRF32,Meuse,GGRPHCL_ARS,Meuse
ECB,GGRPHCL_ARS_ITI15,ITI15,Prato,GGRPHCL_ARS,Prato
ECB,GGRPHCL_ARS_DEG05,DEG05,"Weimar, Kreisfreie Stadt",GGRPHCL_ARS,"Weimar, Kreisfreie Stadt"
ECB,GGRPHCL_ARS_UKD63,UKD63,Cheshire West and Chester,GGRPHCL_ARS,Cheshire West and Chester
ECB,GGRPHCL_ARS_DEC01,DEC01,Regionalverband Saarbrücken,GGRPHCL_ARS,Regionalverband Saarbrücken
ECB,GGRPHCL_ARS_BE327,BE327,Arr. Tournai,GGRPHCL_ARS,Arr. Tournai
ECB,TYP_INSTRMNT_1201,1201,Loan on demand used for minimum reserve,TYP_INSTRMNT,Loan on demand used for minimum reserve
ECB,GGRPHCL_ARS_ITG19,ITG19,Siracusa,GGRPHCL_ARS,Siracusa
ECB,GGRPHCL_ARS_SK041,SK041,Prešovský kraj,GGRPHCL_ARS,Prešovský kraj
ECB,GGRPHCL_ARS_UKJ32,UKJ32,Southampton,GGRPHCL_ARS,Southampton
ECB,GGRPHCL_ARS_ES411,ES411,Ávila,GGRPHCL_ARS,Ávila
ECB,GGRPHCL_ARS_ES511,ES511,Barcelona,GGRPHCL_ARS,Barcelona
ECB,GGRPHCL_ARS_NL32A,NL32A,Agglomeratie Haarlem,GGRPHCL_ARS,Agglomeratie Haarlem
ECB,GGRPHCL_ARS_DE80M,DE80M,Nordwestmecklenburg,GGRPHCL_ARS,Nordwestmecklenburg
ECB,GGRPHCL_ARS_DEF05,DEF05,Dithmarschen,GGRPHCL_ARS,Dithmarschen
ECB,GGRPHCL_ARS_DE40A,DE40A,Oberhavel,GGRPHCL_ARS,Oberhavel
ECB,GGRPHCL_ARS_FR627,FR627,Tarn,GGRPHCL_ARS,Tarn
ECB,GGRPHCL_ARS_DE114,DE114,Göppingen,GGRPHCL_ARS,Göppingen
ECB,GGRPHCL_ARS_FR223,FR223,Somme,GGRPHCL_ARS,Somme
ECB,GGRPHCL_ARS_BE252,BE252,Arr. Diksmuide,GGRPHCL_ARS,Arr. Diksmuide
ECB,GGRPHCL_ARS_NL230,NL230,Flevoland,GGRPHCL_ARS,Flevoland
ECB,GGRPHCL_ARS_PL416,PL416,Kaliski,GGRPHCL_ARS,Kaliski
ECB,GGRPHCL_ARS_DEA29,DEA29,Heinsberg,GGRPHCL_ARS,Heinsberg
ECB,GGRPHCL_ARS_PL516,PL516,Legnicko-glogowski,GGRPHCL_ARS,Legnicko-glogowski
ECB,GGRPHCL_ARS_BE352,BE352,Arr. Namur,GGRPHCL_ARS,Arr. Namur
ECB,GGRPHCL_ARS_DE249,DE249,"Hof, Landkreis",GGRPHCL_ARS,"Hof, Landkreis"
ECB,GGRPHCL_ARS_DE214,DE214,Altötting,GGRPHCL_ARS,Altötting
ECB,GGRPHCL_ARS_4J833,4J833,EUSA (European School of Administration),GGRPHCL_ARS,EUSA (European School of Administration)
ECB,GGRPHCL_ARS_UKF16,UKF16,South Nottinghamshire,GGRPHCL_ARS,South Nottinghamshire
ECB,GGRPHCL_ARS_PL312,PL312,Chelmsko-zamojski,GGRPHCL_ARS,Chelmsko-zamojski
ECB,GGRPHCL_ARS_PT119,PT119,Ave,GGRPHCL_ARS,Ave
ECB,GGRPHCL_ARS_UKC12,UKC12,South Teesside,GGRPHCL_ARS,South Teesside
ECB,GGRPHCL_ARS_IE053,IE053,South-West,GGRPHCL_ARS,South-West
ECB,GGRPHCL_ARS_PL616,PL616,Grudziadzki,GGRPHCL_ARS,Grudziadzki
ECB,GGRPHCL_ARS_DE941,DE941,"Delmenhorst, Kreisfreie Stadt",GGRPHCL_ARS,"Delmenhorst, Kreisfreie Stadt"
ECB,GGRPHCL_ARS_DE149,DE149,Sigmaringen,GGRPHCL_ARS,Sigmaringen
ECB,GGRPHCL_ARS_ITF31,ITF31,Caserta,GGRPHCL_ARS,Caserta
ECB,GGRPHCL_ARS_DEG0P,DEG0P,Wartburgkreis,GGRPHCL_ARS,Wartburgkreis
ECB,GGRPHCL_ARS_HR045,HR045,Koprivnicko-križevacka Županija,GGRPHCL_ARS,Koprivnicko-križevacka Županija
ECB,GGRPHCL_ARS_DE945,DE945,"Wilhelmshaven, Kreisfreie Stadt",GGRPHCL_ARS,"Wilhelmshaven, Kreisfreie Stadt"
ECB,GGRPHCL_ARS_UKG12,UKG12,Worcestershire,GGRPHCL_ARS,Worcestershire
ECB,GGRPHCL_ARS_DE27D,DE27D,Donau-Ries,GGRPHCL_ARS,Donau-Ries
ECB,GGRPHCL_ARS_HR041,HR041,Grad Zagreb,GGRPHCL_ARS,Grad Zagreb
ECB,GGRPHCL_ARS_DEA1D,DEA1D,Rhein-Kreis Neuss,GGRPHCL_ARS,Rhein-Kreis Neuss
ECB,GGRPHCL_ARS_EL431,EL431,Irakleio,GGRPHCL_ARS,Irakleio
ECB,GGRPHCL_ARS_DEG0T,DEG0T,Ilm-Kreis,GGRPHCL_ARS,Ilm-Kreis
ECB,GGRPHCL_ARS_CZ072,CZ072,Zlínský kraj,GGRPHCL_ARS,Zlínský kraj
ECB,GGRPHCL_ARS_PL843,PL843,Suwalski,GGRPHCL_ARS,Suwalski
ECB,GGRPHCL_ARS_UKI43,UKI43,Haringey and Islington,GGRPHCL_ARS,Haringey and Islington
ECB,GGRPHCL_ARS_ITF35,ITF35,Salerno,GGRPHCL_ARS,Salerno
ECB,GGRPHCL_ARS_DE714,DE714,"Wiesbaden, Kreisfreie Stadt",GGRPHCL_ARS,"Wiesbaden, Kreisfreie Stadt"
ECB,GGRPHCL_ARS_FRI12,FRI12,Gironde,GGRPHCL_ARS,Gironde
ECB,GGRPHCL_ARS_FR523,FR523,Ille-et-Vilaine,GGRPHCL_ARS,Ille-et-Vilaine
ECB,GGRPHCL_ARS_4J837,4J837,EUIPO (European Union Intellectual Property Office),GGRPHCL_ARS,EUIPO (European Union Intellectual Property Office)
ECB,GGRPHCL_ARS_EL531,EL531,"Grevena, Kozani",GGRPHCL_ARS,"Grevena, Kozani"
ECB,GGRPHCL_ARS_ITC31,ITC31,Imperia,GGRPHCL_ARS,Imperia
ECB,GGRPHCL_ARS_EE00A,EE00A,Kirde-Eesti,GGRPHCL_ARS,Kirde-Eesti
ECB,TYP_INSTRMNT_1493,1493,Loans and advances other than CRE and RRE,TYP_INSTRMNT,Loans and advances other than Commercial Real Estate and Residential Real Estate
ECB,GGRPHCL_ARS_UKF12,UKF12,East Derbyshire,GGRPHCL_ARS,East Derbyshire
ECB,GGRPHCL_ARS_PL712,PL712,Łódzki,GGRPHCL_ARS,Łódzki
ECB,GGRPHCL_ARS_PL116,PL116,Sieradzki,GGRPHCL_ARS,Sieradzki
ECB,GGRPHCL_ARS_UKD12,UKD12,East Cumbria,GGRPHCL_ARS,East Cumbria
ECB,GGRPHCL_ARS_UKJ43,UKJ43,Kent Thames Gateway,GGRPHCL_ARS,Kent Thames Gateway
ECB,GGRPHCL_ARS_FRJ12,FRJ12,Gard,GGRPHCL_ARS,Gard
ECB,GGRPHCL_ARS_FR723,FR723,Haute-Loire,GGRPHCL_ARS,Haute-Loire
ECB,GGRPHCL_ARS_DEB1D,DEB1D,Rhein-Hunsrück-Kreis,GGRPHCL_ARS,Rhein-Hunsrück-Kreis
ECB,GGRPHCL_ARS_BE256,BE256,Arr. Roeselare,GGRPHCL_ARS,Arr. Roeselare
ECB,GGRPHCL_ARS_EL631,EL631,Aitoloakarnania,GGRPHCL_ARS,Aitoloakarnania
ECB,GGRPHCL_ARS_UKK43,UKK43,Devon CC,GGRPHCL_ARS,Devon CC
ECB,GGRPHCL_ARS_FR623,FR623,Haute-Garonne,GGRPHCL_ARS,Haute-Garonne
ECB,GGRPHCL_ARS_FRK12,FRK12,Cantal,GGRPHCL_ARS,Cantal
ECB,GGRPHCL_ARS_UKE12,UKE12,East Riding of Yorkshire,GGRPHCL_ARS,East Riding of Yorkshire
ECB,GGRPHCL_ARS_DE918,DE918,Northeim,GGRPHCL_ARS,Northeim
ECB,GGRPHCL_ARS_UKH16,UKH16,North and West Norfolk,GGRPHCL_ARS,North and West Norfolk
ECB,GGRPHCL_ARS_DK012,DK012,Københavns omegn,GGRPHCL_ARS,Københavns omegn
ECB,TYP_INSTRMNT_1025,1025,Other accounts receivable/payable,TYP_INSTRMNT,Other accounts receivable/payable
ECB,GGRPHCL_ARS_DE245,DE245,"Bamberg, Landkreis",GGRPHCL_ARS,"Bamberg, Landkreis"
ECB,GGRPHCL_ARS_HU313,HU313,Nógrád,GGRPHCL_ARS,Nógrád
ECB,GGRPHCL_ARS_UKL12,UKL12,Gwynedd,GGRPHCL_ARS,Gwynedd
ECB,GGRPHCL_ARS_LUZZZ,LUZZZ,Extra-Regio NUTS 3,GGRPHCL_ARS,Extra-Regio NUTS 3 - Luxembourg
ECB,GGRPHCL_ARS_PL343,PL343,Bialostocki,GGRPHCL_ARS,Bialostocki
ECB,GGRPHCL_ARS_BG424,BG424,Smolyan,GGRPHCL_ARS,Smolyan
ECB,GGRPHCL_ARS_ITI31,ITI31,Pesaro e Urbino,GGRPHCL_ARS,Pesaro e Urbino
ECB,GGRPHCL_ARS_DED21,DED21,"Dresden, Kreisfreie Stadt",GGRPHCL_ARS,"Dresden, Kreisfreie Stadt"
ECB,GGRPHCL_ARS_ITH31,ITH31,Verona,GGRPHCL_ARS,Verona
ECB,GGRPHCL_ARS_AT224,AT224,Oststeiermark,GGRPHCL_ARS,Oststeiermark
ECB,GGRPHCL_ARS_DE22A,DE22A,Rottal-Inn,GGRPHCL_ARS,Rottal-Inn
ECB,GGRPHCL_ARS_FRC12,FRC12,Nièvre,GGRPHCL_ARS,Nièvre
ECB,GGRPHCL_ARS_HU213,HU213,Veszprém,GGRPHCL_ARS,Veszprém
ECB,GGRPHCL_ARS_DE118,DE118,"Heilbronn, Landkreis",GGRPHCL_ARS,"Heilbronn, Landkreis"
ECB,GGRPHCL_ARS_DE145,DE145,Alb-Donau-Kreis,GGRPHCL_ARS,Alb-Donau-Kreis
ECB,GGRPHCL_ARS_HR049,HR049,Požeško-slavonska županija,GGRPHCL_ARS,Požeško-slavonska županija
ECB,GGRPHCL_ARS_SE332,SE332,Norrbottens län,GGRPHCL_ARS,Norrbottens län
ECB,GGRPHCL_ARS_DEB25,DEB25,Trier-Saarburg,GGRPHCL_ARS,Trier-Saarburg
ECB,GGRPHCL_ARS_AT124,AT124,Waldviertel,GGRPHCL_ARS,Waldviertel
ECB,GGRPHCL_ARS_DE12A,DE12A,Calw,GGRPHCL_ARS,Calw
ECB,GGRPHCL_ARS_NL361,NL361,Agglomeratie ’s-Gravenhage,GGRPHCL_ARS,Agglomeratie ’s-Gravenhage
ECB,GGRPHCL_ARS_UKD47,UKD47,Chorley and West Lancashire,GGRPHCL_ARS,Chorley and West Lancashire
ECB,GGRPHCL_ARS_DE218,DE218,Ebersberg,GGRPHCL_ARS,Ebersberg
ECB,GGRPHCL_ARS_SE232,SE232,Västra Götalands län,GGRPHCL_ARS,Västra Götalands län
ECB,GGRPHCL_ARS_UKN12,UKN12,Causeway Coast and Glens,GGRPHCL_ARS,Causeway Coast and Glens
ECB,GGRPHCL_ARS_NL365,NL365,Oost-Zuid-Holland,GGRPHCL_ARS,Oost-Zuid-Holland
ECB,GGRPHCL_ARS_FRD12,FRD12,Manche,GGRPHCL_ARS,Manche
ECB,GGRPHCL_ARS_UKN16,UKN16,Fermanagh and Omagh,GGRPHCL_ARS,Fermanagh and Omagh
ECB,GGRPHCL_ARS_FIext,FIext,Finland + Aland Islands,GGRPHCL_ARS,Finland + Aland Islands
ECB,GGRPHCL_ARS_ES431,ES431,Badajoz,GGRPHCL_ARS,Badajoz
ECB,GGRPHCL_ARS_UKJ12,UKJ12,Milton Keynes,GGRPHCL_ARS,Milton Keynes
ECB,GGRPHCL_ARS_ES531,ES531,Eivissa y Formentera,GGRPHCL_ARS,Eivissa y Formentera
ECB,GGRPHCL_ARS_UKK12,UKK12,"Bath and North East Somerset, North Somerset and South Gloucestershire",GGRPHCL_ARS,"Bath and North East Somerset, North Somerset and South Gloucestershire"
ECB,GGRPHCL_ARS_PL12C,PL12C,Plocki,GGRPHCL_ARS,Plocki
ECB,GGRPHCL_ARS_DE718,DE718,Hochtaunuskreis,GGRPHCL_ARS,Hochtaunuskreis
ECB,GGRPHCL_ARS_DE141,DE141,Reutlingen,GGRPHCL_ARS,Reutlingen
ECB,GGRPHCL_ARS_BG324,BG324,Razgrad,GGRPHCL_ARS,Razgrad
ECB,GGRPHCL_ARS_DEB21,DEB21,"Trier, Kreisfreie Stadt",GGRPHCL_ARS,"Trier, Kreisfreie Stadt"
ECB,GGRPHCL_ARS_SI042,SI042,Gorenjska,GGRPHCL_ARS,Gorenjska
ECB,GGRPHCL_ARS_DE949,DE949,Emsland,GGRPHCL_ARS,Emsland
ECB,GGRPHCL_ARS_PT111,PT111,Minho-Lima,GGRPHCL_ARS,Minho-Lima
ECB,GGRPHCL_ARS_FRE12,FRE12,Pas-de-Calais,GGRPHCL_ARS,Pas-de-Calais
ECB,GGRPHCL_ARS_FR823,FR823,Alpes-Maritimes,GGRPHCL_ARS,Alpes-Maritimes
ECB,TYP_INSTRMNT_3002,3002,Deposits other than repurchase agreements,TYP_INSTRMNT,Deposits other than repurchase agreements
ECB,GGRPHCL_ARS_ITH35,ITH35,Venezia,GGRPHCL_ARS,Venezia
ECB,GGRPHCL_ARS_DE914,DE914,Gifhorn,GGRPHCL_ARS,Gifhorn
ECB,GGRPHCL_ARS_ITF64,ITF64,Vibo Valentia,GGRPHCL_ARS,Vibo Valentia
ECB,GGRPHCL_ARS_PL812,PL812,Chełmsko-zamojski,GGRPHCL_ARS,Chełmsko-zamojski
ECB,GGRPHCL_ARS_PL22C,PL22C,Tyski,GGRPHCL_ARS,Tyski
ECB,GGRPHCL_ARS_UKL16,UKL16,Gwent Valleys,GGRPHCL_ARS,Gwent Valleys
ECB,GGRPHCL_ARS_DE241,DE241,"Bamberg, Kreisfreie Stadt",GGRPHCL_ARS,"Bamberg, Kreisfreie Stadt"
ECB,GGRPHCL_ARS_PL912,PL912,Warszawski wschodni,GGRPHCL_ARS,Warszawski wschodni
ECB,GGRPHCL_ARS_UKH12,UKH12,Cambridgeshire CC,GGRPHCL_ARS,Cambridgeshire CC
ECB,GGRPHCL_ARS_ITI35,ITI35,Fermo,GGRPHCL_ARS,Fermo
ECB,GGRPHCL_ARS_FRF12,FRF12,Haut-Rhin,GGRPHCL_ARS,Haut-Rhin
ECB,TYP_INSTRMNT_3102,3102,Credit spread option,TYP_INSTRMNT,Credit spread option
ECB,GGRPHCL_ARS_NL338,NL338,Oost-Zuid-Holland,GGRPHCL_ARS,Oost-Zuid-Holland
ECB,GGRPHCL_ARS_IE012,IE012,Midland,GGRPHCL_ARS,Midland
ECB,GGRPHCL_ARS_DE23A,DE23A,Tirschenreuth,GGRPHCL_ARS,Tirschenreuth
ECB,GGRPHCL_ARS_DEA5A,DEA5A,Siegen-Wittgenstein,GGRPHCL_ARS,Siegen-Wittgenstein
ECB,GGRPHCL_ARS_DEG0H,DEG0H,Sonneberg,GGRPHCL_ARS,Sonneberg
ECB,GGRPHCL_ARS_PT1C1,PT1C1,Alentejo Litoral,GGRPHCL_ARS,Alentejo Litoral
ECB,GGRPHCL_ARS_SE122,SE122,Södermanlands län,GGRPHCL_ARS,Södermanlands län
ECB,GGRPHCL_ARS_DE255,DE255,"Schwabach, Kreisfreie Stadt",GGRPHCL_ARS,"Schwabach, Kreisfreie Stadt"
ECB,GGRPHCL_ARS_AT334,AT334,Tiroler Oberland,GGRPHCL_ARS,Tiroler Oberland
ECB,GGRPHCL_ARS_DEA35,DEA35,Coesfeld,GGRPHCL_ARS,Coesfeld
ECB,GGRPHCL_ARS_FRB02,FRB02,Eure-et-Loir,GGRPHCL_ARS,Eure-et-Loir
ECB,GGRPHCL_ARS_ITI21,ITI21,Perugia,GGRPHCL_ARS,Perugia
ECB,GGRPHCL_ARS_DE13A,DE13A,Waldshut,GGRPHCL_ARS,Waldshut
ECB,GGRPHCL_ARS_FI1D1,FI1D1,Etelä-Savo,GGRPHCL_ARS,Etelä-Savo
ECB,GGRPHCL_ARS_ES425,ES425,Toledo,GGRPHCL_ARS,Toledo
ECB,GGRPHCL_ARS_UKN02,UKN02,Outer Belfast,GGRPHCL_ARS,Outer Belfast
ECB,GGRPHCL_ARS_BE213,BE213,Arr. Turnhout,GGRPHCL_ARS,Arr. Turnhout
ECB,GGRPHCL_ARS_FR262,FR262,Nièvre,GGRPHCL_ARS,Nièvre
ECB,GGRPHCL_ARS_SE322,SE322,Jämtlands län,GGRPHCL_ARS,Jämtlands län
ECB,GGRPHCL_ARS_DEB35,DEB35,"Mainz, Kreisfreie Stadt",GGRPHCL_ARS,"Mainz, Kreisfreie Stadt"
ECB,GGRPHCL_ARS_ES521,ES521,Alicante / Alacant,GGRPHCL_ARS,Alicante / Alacant
ECB,GGRPHCL_ARS_MT002,MT002,Gozo And CominoGhawdex U Kemmuna,GGRPHCL_ARS,Gozo And CominoGhawdex U Kemmuna
ECB,GGRPHCL_ARS_DEB31,DEB31,"Frankenthal (Pfalz), Kreisfreie Stadt",GGRPHCL_ARS,"Frankenthal (Pfalz), Kreisfreie Stadt"
ECB,GGRPHCL_ARS_BG334,BG334,Targovishte,GGRPHCL_ARS,Targovishte
ECB,GGRPHCL_ARS_LV009,LV009,Zemgale,GGRPHCL_ARS,Zemgale
ECB,GGRPHCL_ARS_PTZZZ,PTZZZ,Extra-Regio NUTS 3,GGRPHCL_ARS,Extra-Regio NUTS 3 - Portugal
ECB,GGRPHCL_ARS_FI1D5,FI1D5,Keski-Pohjanmaa,GGRPHCL_ARS,Keski-Pohjanmaa
ECB,GGRPHCL_ARS_NL128,NL128,Zuidwest-Friesland,GGRPHCL_ARS,Zuidwest-Friesland
ECB,GGRPHCL_ARS_AT130,AT130,Wien,GGRPHCL_ARS,Wien
ECB,GGRPHCL_ARS_UKN06,UKN06,Belfast,GGRPHCL_ARS,Belfast
ECB,GGRPHCL_ARS_ITG29,ITG29,Olbia-Tempio,GGRPHCL_ARS,Olbia-Tempio
ECB,GGRPHCL_ARS_PT16E,PT16E,Região de Coimbra,GGRPHCL_ARS,Região de Coimbra
ECB,GGRPHCL_ARS_ES421,ES421,Albacete,GGRPHCL_ARS,Albacete
ECB,GGRPHCL_ARS_DE408,DE408,Havelland,GGRPHCL_ARS,Havelland
ECB,TYP_INSTRMNT_1668,1668,"Derivatives,
Debt securities, Loans and advances",TYP_INSTRMNT,"Derivatives,
Debt securities, Loans and advances"
ECB,GGRPHCL_ARS_DE251,DE251,"Ansbach, Kreisfreie Stadt",GGRPHCL_ARS,"Ansbach, Kreisfreie Stadt"
ECB,GGRPHCL_ARS_FI196,FI196,Satakunta,GGRPHCL_ARS,Satakunta
ECB,GGRPHCL_ARS_DE804,DE804,"Schwerin, Kreisfreie Stadt",GGRPHCL_ARS,"Schwerin, Kreisfreie Stadt"
ECB,GGRPHCL_ARS_NL328,NL328,Alkmaar en omgeving,GGRPHCL_ARS,Alkmaar en omgeving
ECB,GGRPHCL_ARS_FRB06,FRB06,Loiret,GGRPHCL_ARS,Loiret
ECB,GGRPHCL_ARS_DEA31,DEA31,"Bottrop, Kreisfreie Stadt",GGRPHCL_ARS,"Bottrop, Kreisfreie Stadt"
ECB,GGRPHCL_ARS_FRG02,FRG02,Maine-et-Loire,GGRPHCL_ARS,Maine-et-Loire
ECB,GGRPHCL_ARS_DEG0L,DEG0L,Greiz,GGRPHCL_ARS,Greiz
ECB,GGRPHCL_ARS_BE342,BE342,Arr. Bastogne,GGRPHCL_ARS,Arr. Bastogne
ECB,GGRPHCL_ARS_DEF0D,DEF0D,Segeberg,GGRPHCL_ARS,Segeberg
ECB,GGRPHCL_ARS_RO413,RO413,Mehedinti,GGRPHCL_ARS,Mehedinti
ECB,GGRPHCL_ARS_DE259,DE259,Nürnberger Land,GGRPHCL_ARS,Nürnberger Land
ECB,GGRPHCL_ARS_DEG0D,DEG0D,Sömmerda,GGRPHCL_ARS,Sömmerda
ECB,GGRPHCL_ARS_BE242,BE242,Arr. Leuven,GGRPHCL_ARS,Arr. Leuven
ECB,GGRPHCL_ARS_ITC4A,ITC4A,Cremona,GGRPHCL_ARS,Cremona
ECB,GGRPHCL_ARS_LVZZZ,LVZZZ,Extra-Regio NUTS 3,GGRPHCL_ARS,Extra-Regio NUTS 3 - Latvia
ECB,GGRPHCL_ARS_DEB39,DEB39,"Worms, Kreisfreie Stadt",GGRPHCL_ARS,"Worms, Kreisfreie Stadt"
ECB,GGRPHCL_ARS_DEE0D,DEE0D,Stendal,GGRPHCL_ARS,Stendal
ECB,GGRPHCL_ARS_ITF21,ITF21,Isernia,GGRPHCL_ARS,Isernia
ECB,GGRPHCL_ARS_RO317,RO317,Teleorman,GGRPHCL_ARS,Teleorman
ECB,GGRPHCL_ARS_FRM02,FRM02,Haute-Corse,GGRPHCL_ARS,Haute-Corse
ECB,GGRPHCL_ARS_EL525,EL525,Pieria,GGRPHCL_ARS,Pieria
ECB,GGRPHCL_ARS_LT022,LT022,Kauno apskritis,GGRPHCL_ARS,Kauno apskritis
ECB,GGRPHCL_ARS_FRL02,FRL02,Hautes-Alpes,GGRPHCL_ARS,Hautes-Alpes
ECB,GGRPHCL_ARS_4J823,4J823,EMSA (European Maritime Safety Agency),GGRPHCL_ARS,EMSA (European Maritime Safety Agency)
ECB,GGRPHCL_ARS_DE600,DE600,Hamburg,GGRPHCL_ARS,Hamburg
ECB,GGRPHCL_ARS_ITG25,ITG25,Sassari,GGRPHCL_ARS,Sassari
ECB,GGRPHCL_ARS_4J827,4J827,Ombudsman (European Ombudsman),GGRPHCL_ARS,Ombudsman (European Ombudsman)
ECB,GGRPHCL_ARS_DE93A,DE93A,Uelzen,GGRPHCL_ARS,Uelzen
ECB,GGRPHCL_ARS_FR533,FR533,Deux-Sèvres,GGRPHCL_ARS,Deux-Sèvres
ECB,GGRPHCL_ARS_FRH02,FRH02,Finistère,GGRPHCL_ARS,Finistère
ECB,GGRPHCL_ARS_EL521,EL521,Imathia,GGRPHCL_ARS,Imathia
ECB,GGRPHCL_ARS_PT16I,PT16I,Médio Tejo,GGRPHCL_ARS,Médio Tejo
ECB,GGRPHCL_ARS_FRL06,FRL06,Vaucluse,GGRPHCL_ARS,Vaucluse
ECB,GGRPHCL_ARS_LT026,LT026,Šiaulių apskritis,GGRPHCL_ARS,Šiaulių apskritis
ECB,GGRPHCL_ARS_RO213,RO213,Iasi,GGRPHCL_ARS,Iasi
ECB,GGRPHCL_ARS_FI1D9,FI1D9,Pohjois-Pohjanmaa,GGRPHCL_ARS,Pohjois-Pohjanmaa
ECB,GGRPHCL_ARS_NL124,NL124,Noord-Friesland,GGRPHCL_ARS,Noord-Friesland
ECB,GGRPHCL_ARS_LV005,LV005,Latgale,GGRPHCL_ARS,Latgale
ECB,GGRPHCL_ARS_EL421,EL421,Dodekanisos,GGRPHCL_ARS,Dodekanisos
ECB,GGRPHCL_ARS_DE300,DE300,Berlin,GGRPHCL_ARS,Berlin
ECB,TYP_INTRST_RT_-99,-99,Technical null,TYP_INTRST_RT,Technical member to represent the null value
ECB,GGRPHCL_ARS_RO313,RO313,Dâmbovita,GGRPHCL_ARS,Dâmbovita
ECB,GGRPHCL_ARS_UKI53,UKI53,Redbridge and Waltham Forest,GGRPHCL_ARS,Redbridge and Waltham Forest
ECB,GGRPHCL_ARS_FR433,FR433,Haute-Saône,GGRPHCL_ARS,Haute-Saône
ECB,GGRPHCL_ARS_EL621,EL621,Zakynthos,GGRPHCL_ARS,Zakynthos
ECB,GGRPHCL_ARS_RO113,RO113,Cluj,GGRPHCL_ARS,Cluj
ECB,GGRPHCL_ARS_FR633,FR633,Haute-Vienne,GGRPHCL_ARS,Haute-Vienne
ECB,GGRPHCL_ARS_PT150,PT150,Algarve,GGRPHCL_ARS,Algarve
ECB,GGRPHCL_ARS_NL224,NL224,Zuidwest-Gelderland,GGRPHCL_ARS,Zuidwest-Gelderland
ECB,GGRPHCL_ARS_BE32B,BE32B,Arr. Charleroi,GGRPHCL_ARS,Arr. Charleroi
ECB,GGRPHCL_ARS_NL324,NL324,Agglomeratie Haarlem,GGRPHCL_ARS,Agglomeratie Haarlem
ECB,GGRPHCL_ARS_DE404,DE404,"Potsdam, Kreisfreie Stadt",GGRPHCL_ARS,"Potsdam, Kreisfreie Stadt"
ECB,TYP_INSTRMNT_1664,1664,"Derivatives, Deposits, Debt securities",TYP_INSTRMNT,"Derivatives, Deposits, Debt securities"
ECB,GGRPHCL_ARS_PT300,PT300,Região Autónoma da Madeira,GGRPHCL_ARS,Região Autónoma da Madeira
ECB,GGRPHCL_ARS_FRG03,FRG03,Mayenne,GGRPHCL_ARS,Mayenne
ECB,GGRPHCL_ARS_PT1C4,PT1C4,Alentejo Central,GGRPHCL_ARS,Alentejo Central
ECB,GGRPHCL_ARS_CZ032,CZ032,Plzenský Kraj,GGRPHCL_ARS,Plzenský Kraj
ECB,GGRPHCL_ARS_DEG0M,DEG0M,Altenburger Land,GGRPHCL_ARS,Altenburger Land
ECB,GGRPHCL_ARS_HRZZZ,HRZZZ,Extra-Regio NUTS 3,GGRPHCL_ARS,Extra-Regio NUTS 3 - Croacia
ECB,GGRPHCL_ARS_DE409,DE409,Märkisch-Oderland,GGRPHCL_ARS,Märkisch-Oderland
ECB,TYP_INSTRMNT_1669,1669,"Deposits, Other financial liabilities",TYP_INSTRMNT,"Deposits, Other financial liabilities"
ECB,GGRPHCL_ARS_ES620,ES620,Murcia,GGRPHCL_ARS,Murcia
ECB,GGRPHCL_ARS_PT200,PT200,Região Autónoma dos Açores,GGRPHCL_ARS,Região Autónoma dos Açores
ECB,GGRPHCL_ARS_FI197,FI197,Pirkanmaa,GGRPHCL_ARS,Pirkanmaa
ECB,GGRPHCL_ARS_NL329,NL329,Groot-Amsterdam,GGRPHCL_ARS,Groot-Amsterdam
ECB,GGRPHCL_ARS_AT331,AT331,Außerfern,GGRPHCL_ARS,Außerfern
ECB,GGRPHCL_ARS_FI1D4,FI1D4,Kainuu,GGRPHCL_ARS,Kainuu
ECB,GGRPHCL_ARS_UKN07,UKN07,"Armagh City, Banbridge and Craigavon",GGRPHCL_ARS,"Armagh City, Banbridge and Craigavon"
ECB,GGRPHCL_ARS_ITG28,ITG28,Oristano,GGRPHCL_ARS,Oristano
ECB,GGRPHCL_ARS_PT16D,PT16D,Região de Aveiro,GGRPHCL_ARS,Região de Aveiro
ECB,GGRPHCL_ARS_LV008,LV008,Vidzeme,GGRPHCL_ARS,Vidzeme
ECB,GGRPHCL_ARS_FR832,FR832,Haute-Corse,GGRPHCL_ARS,Haute-Corse
ECB,GGRPHCL_ARS_BE212,BE212,Arr. Mechelen,GGRPHCL_ARS,Arr. Mechelen
ECB,GGRPHCL_ARS_FR263,FR263,Saône-et-Loire,GGRPHCL_ARS,Saône-et-Loire
ECB,GGRPHCL_ARS_ES120,ES120,Asturias,GGRPHCL_ARS,Asturias
ECB,GGRPHCL_ARS_DEB34,DEB34,"Ludwigshafen am Rhein, Kreisfreie Stadt",GGRPHCL_ARS,"Ludwigshafen am Rhein, Kreisfreie Stadt"
ECB,GGRPHCL_ARS_BG331,BG331,Varna,GGRPHCL_ARS,Varna
ECB,GGRPHCL_ARS_ES424,ES424,Guadalajara,GGRPHCL_ARS,Guadalajara
ECB,GGRPHCL_ARS_UKN03,UKN03,East of Northern Ireland,GGRPHCL_ARS,East of Northern Ireland
ECB,GGRPHCL_ARS_HU102,HU102,Pest,GGRPHCL_ARS,Pest
ECB,GGRPHCL_ARS_DE254,DE254,"Nürnberg, Kreisfreie Stadt",GGRPHCL_ARS,"Nürnberg, Kreisfreie Stadt"
ECB,GGRPHCL_ARS_ES220,ES220,Navarra,GGRPHCL_ARS,Navarra
ECB,GGRPHCL_ARS_AT335,AT335,Tiroler Unterland,GGRPHCL_ARS,Tiroler Unterland
ECB,GGRPHCL_ARS_FRB03,FRB03,Indre,GGRPHCL_ARS,Indre
ECB,GGRPHCL_ARS_DEA34,DEA34,Borken,GGRPHCL_ARS,Borken
ECB,GGRPHCL_ARS_FI193,FI193,Keski-Suomi,GGRPHCL_ARS,Keski-Suomi
ECB,GGRPHCL_ARS_ITH20,ITH20,Trento,GGRPHCL_ARS,Trento
ECB,GGRPHCL_ARS_IE013,IE013,West,GGRPHCL_ARS,West
ECB,GGRPHCL_ARS_DEG0I,DEG0I,Saalfeld-Rudolstadt,GGRPHCL_ARS,Saalfeld-Rudolstadt
ECB,GGRPHCL_ARS_SE123,SE123,Östergötlands län,GGRPHCL_ARS,Östergötlands län
ECB,GGRPHCL_ARS_NL325,NL325,Zaanstreek,GGRPHCL_ARS,Zaanstreek
ECB,GGRPHCL_ARS_DEF0A,DEF0A,Plön,GGRPHCL_ARS,Plön
ECB,GGRPHCL_ARS_DE405,DE405,Barnim,GGRPHCL_ARS,Barnim
ECB,TYP_INSTRMNT_1665,1665,"Derivatives, Equity instruments, Debt securities, Loans and advances, Short positions, Deposits, Debt securities issued, Other financial liabilities",TYP_INSTRMNT,"Derivatives, Equity instruments, Debt securities, Loans and advances, Short positions, Deposits, Debt securities issued, Other financial liabilities"
ECB,GGRPHCL_ARS_DEZZZ,DEZZZ,Extra-Regio NUTS 3,GGRPHCL_ARS,Extra-Regio NUTS 3 - Germany
ECB,GGRPHCL_ARS_SK021,SK021,Trnavský kraj,GGRPHCL_ARS,Trnavský kraj
ECB,GGRPHCL_ARS_RO112,RO112,Bistrita-nasaud,GGRPHCL_ARS,Bistrita-nasaud
ECB,GGRPHCL_ARS_DEG0A,DEG0A,Kyffhäuserkreis,GGRPHCL_ARS,Kyffhäuserkreis
ECB,GGRPHCL_ARS_FR632,FR632,Creuse,GGRPHCL_ARS,Creuse
ECB,GGRPHCL_ARS_NL225,NL225,Achterhoek,GGRPHCL_ARS,Achterhoek
ECB,GGRPHCL_ARS_BE32C,BE32C,Arr. Soignies,GGRPHCL_ARS,Arr. Soignies
ECB,GGRPHCL_ARS_ITC4D,ITC4D,Monza e della Brianza,GGRPHCL_ARS,Monza e della Brianza
ECB,GGRPHCL_ARS_NL421,NL421,Noord-Limburg,GGRPHCL_ARS,Noord-Limburg
ECB,GGRPHCL_ARS_RO312,RO312,Calarasi,GGRPHCL_ARS,Calarasi
ECB,GGRPHCL_ARS_HR050,HR050,Grad Zagreb,GGRPHCL_ARS,Grad Zagreb
ECB,GGRPHCL_ARS_UKI52,UKI52,Barking & Dagenham and Havering,GGRPHCL_ARS,Barking & Dagenham and Havering
ECB,GGRPHCL_ARS_ITI1A,ITI1A,Grosseto,GGRPHCL_ARS,Grosseto
ECB,GGRPHCL_ARS_CZ063,CZ063,Kraj Vysocina,GGRPHCL_ARS,Kraj Vysocina
ECB,GGRPHCL_ARS_DEE0A,DEE0A,Mansfeld-Südharz,GGRPHCL_ARS,Mansfeld-Südharz
ECB,GGRPHCL_ARS_FR432,FR432,Jura,GGRPHCL_ARS,Jura
ECB,GGRPHCL_ARS_4J826,4J826,ENISA (European Network and Information Security Agency),GGRPHCL_ARS,ENISA (European Network and Information Security Agency)
ECB,GGRPHCL_ARS_FRH03,FRH03,Ille-et-Vilaine,GGRPHCL_ARS,Ille-et-Vilaine
ECB,GGRPHCL_ARS_FR532,FR532,Charente-Maritime,GGRPHCL_ARS,Charente-Maritime
ECB,GGRPHCL_ARS_LT027,LT027,Tauragės apskritis,GGRPHCL_ARS,Tauragės apskritis
ECB,GGRPHCL_ARS_PT16H,PT16H,Beira Baixa,GGRPHCL_ARS,Beira Baixa
ECB,GGRPHCL_ARS_RO212,RO212,Botosani,GGRPHCL_ARS,Botosani
ECB,GGRPHCL_ARS_ITC20,ITC20,Valle d''Aosta/Vallée d''Aoste,GGRPHCL_ARS,Valle d''Aosta/Vallée d''Aoste
ECB,GGRPHCL_ARS_FI1D8,FI1D8,Kainuu,GGRPHCL_ARS,Kainuu
ECB,GGRPHCL_ARS_NL125,NL125,Zuidwest-Friesland,GGRPHCL_ARS,Zuidwest-Friesland
ECB,GGRPHCL_ARS_EL524,EL524,Pella,GGRPHCL_ARS,Pella
ECB,GGRPHCL_ARS_RO216,RO216,Vaslui,GGRPHCL_ARS,Vaslui
ECB,GGRPHCL_ARS_FRL03,FRL03,Alpes-Maritimes,GGRPHCL_ARS,Alpes-Maritimes
ECB,GGRPHCL_ARS_LT023,LT023,Klaipėdos apskritis,GGRPHCL_ARS,Klaipėdos apskritis
ECB,GGRPHCL_ARS_4J822,4J822,EIT (European Institute of Innovation and Technology),GGRPHCL_ARS,EIT (European Institute of Innovation and Technology)
ECB,GGRPHCL_ARS_NL121,NL121,Noord-Friesland,GGRPHCL_ARS,Noord-Friesland
ECB,GGRPHCL_ARS_DE26A,DE26A,Main-Spessart,GGRPHCL_ARS,Main-Spessart
ECB,GGRPHCL_ARS_IE042,IE042,West,GGRPHCL_ARS,West
ECB,GGRPHCL_ARS_CZ080,CZ080,Moravskoslezský kraj,GGRPHCL_ARS,Moravskoslezský kraj
ECB,GGRPHCL_ARS_DEB38,DEB38,"Speyer, Kreisfreie Stadt",GGRPHCL_ARS,"Speyer, Kreisfreie Stadt"
ECB,GGRPHCL_ARS_DEE0E,DEE0E,Wittenberg,GGRPHCL_ARS,Wittenberg
ECB,GGRPHCL_ARS_RO316,RO316,Prahova,GGRPHCL_ARS,Prahova
ECB,GGRPHCL_ARS_DEG0E,DEG0E,Hildburghausen,GGRPHCL_ARS,Hildburghausen
ECB,GGRPHCL_ARS_DE501,DE501,"Bremen, Kreisfreie Stadt",GGRPHCL_ARS,"Bremen, Kreisfreie Stadt"
ECB,GGRPHCL_ARS_EL624,EL624,Lefkada,GGRPHCL_ARS,Lefkada
ECB,GGRPHCL_ARS_RO116,RO116,Salaj,GGRPHCL_ARS,Salaj
ECB,GGRPHCL_ARS_FR232,FR232,Seine-Maritime,GGRPHCL_ARS,Seine-Maritime
ECB,GGRPHCL_ARS_NL221,NL221,Veluwe,GGRPHCL_ARS,Veluwe
ECB,GGRPHCL_ARS_DEA38,DEA38,Warendorf,GGRPHCL_ARS,Warendorf
ECB,GGRPHCL_ARS_NL321,NL321,Kop van Noord-Holland,GGRPHCL_ARS,Kop van Noord-Holland
ECB,GGRPHCL_ARS_BE343,BE343,Arr. Marche-en-Famenne,GGRPHCL_ARS,Arr. Marche-en-Famenne
ECB,GGRPHCL_ARS_DEF0E,DEF0E,Steinburg,GGRPHCL_ARS,Steinburg
ECB,GGRPHCL_ARS_RO412,RO412,Gorj,GGRPHCL_ARS,Gorj
ECB,TYP_INSTRMNT_1661,1661,"Deposits, Debt securities",TYP_INSTRMNT,"Deposits, Debt securities"
ECB,GGRPHCL_ARS_DE401,DE401,"Brandenburg an der Havel, Kreisfreie Stadt",GGRPHCL_ARS,"Brandenburg an der Havel, Kreisfreie Stadt"
ECB,GGRPHCL_ARS_DE258,DE258,"Fürth, Landkreis",GGRPHCL_ARS,"Fürth, Landkreis"
ECB,GGRPHCL_ARS_BE257,BE257,Arr. Tielt,GGRPHCL_ARS,Arr. Tielt
ECB,GGRPHCL_ARS_DE111,DE111,"Stuttgart, Stadtkreis",GGRPHCL_ARS,"Stuttgart, Stadtkreis"
ECB,GGRPHCL_ARS_UKK42,UKK42,Torbay,GGRPHCL_ARS,Torbay
ECB,GGRPHCL_ARS_FRK13,FRK13,Haute-Loire,GGRPHCL_ARS,Haute-Loire
ECB,GGRPHCL_ARS_FR622,FR622,Aveyron,GGRPHCL_ARS,Aveyron
ECB,GGRPHCL_ARS_UKE13,UKE13,North and North East Lincolnshire,GGRPHCL_ARS,North and North East Lincolnshire
ECB,GGRPHCL_ARS_DE919,DE919,Osterode am Harz,GGRPHCL_ARS,Osterode am Harz
ECB,GGRPHCL_ARS_PL117,PL117,Skierniewicki,GGRPHCL_ARS,Skierniewicki
ECB,GGRPHCL_ARS_FR722,FR722,Cantal,GGRPHCL_ARS,Cantal
ECB,GGRPHCL_ARS_FRJ13,FRJ13,Hérault,GGRPHCL_ARS,Hérault
ECB,GGRPHCL_ARS_SK031,SK031,Žilinský kraj,GGRPHCL_ARS,Žilinský kraj
ECB,GGRPHCL_ARS_FR522,FR522,Finistère,GGRPHCL_ARS,Finistère
ECB,GGRPHCL_ARS_4J836,4J836,EUISS (European Union Institute for Security Studies),GGRPHCL_ARS,EUISS (European Union Institute for Security Studies)
ECB,GGRPHCL_ARS_DE211,DE211,"Ingolstadt, Kreisfreie Stadt",GGRPHCL_ARS,"Ingolstadt, Kreisfreie Stadt"
ECB,TYP_INSTRMNT_1492,1492,Residential real estate (RRE) loans,TYP_INSTRMNT,"A loan to a private household secured by a RRE property independent of the purpose of the loan, as described in ESRB/2016/14."
ECB,GGRPHCL_ARS_PL713,PL713,Piotrkowski,GGRPHCL_ARS,Piotrkowski
ECB,GGRPHCL_ARS_UKF13,UKF13,South and West Derbyshire,GGRPHCL_ARS,South and West Derbyshire
ECB,GGRPHCL_ARS_DE944,DE944,"Osnabrück, Kreisfreie Stadt",GGRPHCL_ARS,"Osnabrück, Kreisfreie Stadt"
ECB,GGRPHCL_ARS_PL613,PL613,Bydgosko-torunski,GGRPHCL_ARS,Bydgosko-torunski
ECB,GGRPHCL_ARS_UKG13,UKG13,Warwickshire,GGRPHCL_ARS,Warwickshire
ECB,GGRPHCL_ARS_PL217,PL217,Tarnowski,GGRPHCL_ARS,Tarnowski
ECB,GGRPHCL_ARS_DE27E,DE27E,Oberallgäu,GGRPHCL_ARS,Oberallgäu
ECB,GGRPHCL_ARS_DEA1E,DEA1E,Viersen,GGRPHCL_ARS,Viersen
ECB,GGRPHCL_ARS_DEG0U,DEG0U,Saalfeld-Rudolstadt,GGRPHCL_ARS,Saalfeld-Rudolstadt
ECB,GGRPHCL_ARS_UKI42,UKI42,Tower Hamlets,GGRPHCL_ARS,Tower Hamlets
ECB,GGRPHCL_ARS_PL842,PL842,Łomżyński,GGRPHCL_ARS,Łomżyński
ECB,GGRPHCL_ARS_ITF34,ITF34,Avellino,GGRPHCL_ARS,Avellino
ECB,GGRPHCL_ARS_FRI13,FRI13,Landes,GGRPHCL_ARS,Landes
ECB,GGRPHCL_ARS_DE715,DE715,Bergstraße,GGRPHCL_ARS,Bergstraße
ECB,GGRPHCL_ARS_FR422,FR422,Haut-Rhin,GGRPHCL_ARS,Haut-Rhin
ECB,GGRPHCL_ARS_DE27A,DE27A,Lindau (Bodensee),GGRPHCL_ARS,Lindau (Bodensee)
ECB,GGRPHCL_ARS_PL213,PL213,Miasto Kraków,GGRPHCL_ARS,Miasto Kraków
ECB,GGRPHCL_ARS_UKC13,UKC13,Darlington,GGRPHCL_ARS,Darlington
ECB,GGRPHCL_ARS_IE052,IE052,South-East,GGRPHCL_ARS,South-East
ECB,GGRPHCL_ARS_PL617,PL617,Inowroclawski,GGRPHCL_ARS,Inowroclawski
ECB,GGRPHCL_ARS_DE711,DE711,"Darmstadt, Kreisfreie Stadt",GGRPHCL_ARS,"Darmstadt, Kreisfreie Stadt"
ECB,GGRPHCL_ARS_DE148,DE148,Ravensburg,GGRPHCL_ARS,Ravensburg
ECB,GGRPHCL_ARS_DEG0Q,DEG0Q,Schmalkalden-Meiningen,GGRPHCL_ARS,Schmalkalden-Meiningen
ECB,GGRPHCL_ARS_HR044,HR044,Varaždinska županija,GGRPHCL_ARS,Varaždinska županija
ECB,GGRPHCL_ARS_EL434,EL434,Chania,GGRPHCL_ARS,Chania
ECB,GGRPHCL_ARS_DEA1A,DEA1A,"Wuppertal, Kreisfreie Stadt",GGRPHCL_ARS,"Wuppertal, Kreisfreie Stadt"
ECB,GGRPHCL_ARS_ITC34,ITC34,La Spezia,GGRPHCL_ARS,La Spezia
ECB,GGRPHCL_ARS_DE215,DE215,Berchtesgadener Land,GGRPHCL_ARS,Berchtesgadener Land
ECB,GGRPHCL_ARS_4J832,4J832,ERA (European Railway Agency),GGRPHCL_ARS,ERA (European Railway Agency)
ECB,GGRPHCL_ARS_DK042,DK042,Østjylland,GGRPHCL_ARS,Østjylland
ECB,GGRPHCL_ARS_NL131,NL131,Noord-Drenthe,GGRPHCL_ARS,Noord-Drenthe
ECB,GGRPHCL_ARS_PL517,PL517,Walbrzyski,GGRPHCL_ARS,Walbrzyski
ECB,GGRPHCL_ARS_DEA28,DEA28,Euskirchen,GGRPHCL_ARS,Euskirchen
ECB,GGRPHCL_ARS_PL113,PL113,Miasto Lódz,GGRPHCL_ARS,Miasto Lódz
ECB,GGRPHCL_ARS_BE353,BE353,Arr. Philippeville,GGRPHCL_ARS,Arr. Philippeville
ECB,GGRPHCL_ARS_DEB1A,DEB1A,Rhein-Lahn-Kreis,GGRPHCL_ARS,Rhein-Lahn-Kreis
ECB,GGRPHCL_ARS_UKJ46,UKJ46,West Kent,GGRPHCL_ARS,West Kent
ECB,GGRPHCL_ARS_DE248,DE248,Forchheim,GGRPHCL_ARS,Forchheim
ECB,GGRPHCL_ARS_FR626,FR626,Hautes-Pyrénées,GGRPHCL_ARS,Hautes-Pyrénées
ECB,GGRPHCL_ARS_FR222,FR222,Oise,GGRPHCL_ARS,Oise
ECB,GGRPHCL_ARS_DE115,DE115,Ludwigsburg,GGRPHCL_ARS,Ludwigsburg
ECB,GGRPHCL_ARS_BE253,BE253,Arr. Ieper,GGRPHCL_ARS,Arr. Ieper
ECB,GGRPHCL_ARS_PL417,PL417,Leszczynski,GGRPHCL_ARS,Leszczynski
ECB,GGRPHCL_ARS_PL22B,PL22B,Sosnowiecki,GGRPHCL_ARS,Sosnowiecki
ECB,GGRPHCL_ARS_UKL17,UKL17,Bridgend and Neath Port Talbot,GGRPHCL_ARS,Bridgend and Neath Port Talbot
ECB,TYP_INSTRMNT_1020,1020,Factoring,TYP_INSTRMNT,Factoring
ECB,GGRPHCL_ARS_ES630,ES630,Ceuta,GGRPHCL_ARS,Ceuta
ECB,GGRPHCL_ARS_PL913,PL913,Warszawski zachodni,GGRPHCL_ARS,Warszawski zachodni
ECB,GGRPHCL_ARS_ITI34,ITI34,Ascoli Piceno,GGRPHCL_ARS,Ascoli Piceno
ECB,GGRPHCL_ARS_BG421,BG421,Plovdiv,GGRPHCL_ARS,Plovdiv
ECB,TYP_INSTRMNT_3103,3103,Total return swap,TYP_INSTRMNT,Total return swap
ECB,GGRPHCL_ARS_ITZZZ,ITZZZ,Extra-Regio NUTS 3,GGRPHCL_ARS,Extra-Regio NUTS 3 - Italy
ECB,GGRPHCL_ARS_NL339,NL339,Groot-Rijnmond,GGRPHCL_ARS,Groot-Rijnmond
ECB,GGRPHCL_ARS_AT321,AT321,Lungau,GGRPHCL_ARS,Lungau
ECB,TYP_INSTRMNT_3003,3003,Securities borrowed with non-cash collateral,TYP_INSTRMNT,Securities borrowed with non-cash collateral
ECB,GGRPHCL_ARS_AT221,AT221,Graz,GGRPHCL_ARS,Graz
ECB,GGRPHCL_ARS_ITH34,ITH34,Treviso,GGRPHCL_ARS,Treviso
ECB,GGRPHCL_ARS_DE915,DE915,Göttingen,GGRPHCL_ARS,Göttingen
ECB,GGRPHCL_ARS_ITF65,ITF65,Reggio di Calabria,GGRPHCL_ARS,Reggio di Calabria
ECB,GGRPHCL_ARS_UKK13,UKK13,Gloucestershire,GGRPHCL_ARS,Gloucestershire
ECB,GGRPHCL_ARS_PL12B,PL12B,Ciechanowski,GGRPHCL_ARS,Ciechanowski
ECB,GGRPHCL_ARS_DE719,DE719,Main-Kinzig-Kreis,GGRPHCL_ARS,Main-Kinzig-Kreis
ECB,GGRPHCL_ARS_BG325,BG325,Silistra,GGRPHCL_ARS,Silistra
ECB,GGRPHCL_ARS_SI043,SI043,Goriška,GGRPHCL_ARS,Goriška
ECB,GGRPHCL_ARS_DE948,DE948,Cloppenburg,GGRPHCL_ARS,Cloppenburg
ECB,GGRPHCL_ARS_UKE42,UKE42,Leeds,GGRPHCL_ARS,Leeds
ECB,GGRPHCL_ARS_FR822,FR822,Hautes-Alpes,GGRPHCL_ARS,Hautes-Alpes
ECB,GGRPHCL_ARS_UKD42,UKD42,Blackpool,GGRPHCL_ARS,Blackpool
ECB,GGRPHCL_ARS_NL364,NL364,Zuidoost-Zuid-Holland,GGRPHCL_ARS,Zuidoost-Zuid-Holland
ECB,GGRPHCL_ARS_FRD13,FRD13,Orne,GGRPHCL_ARS,Orne
ECB,GGRPHCL_ARS_AT121,AT121,Mostviertel-Eisenwurzen,GGRPHCL_ARS,Mostviertel-Eisenwurzen
ECB,GGRPHCL_ARS_UKJ13,UKJ13,Buckinghamshire CC,GGRPHCL_ARS,Buckinghamshire CC
ECB,GGRPHCL_ARS_AT125,AT125,Weinviertel,GGRPHCL_ARS,Weinviertel
ECB,GGRPHCL_ARS_UKD46,UKD46,East Lancashire,GGRPHCL_ARS,East Lancashire
ECB,GGRPHCL_ARS_DE219,DE219,Eichstätt,GGRPHCL_ARS,Eichstätt
ECB,GGRPHCL_ARS_UKN13,UKN13,Antrim and Newtownabbey,GGRPHCL_ARS,Antrim and Newtownabbey
ECB,GGRPHCL_ARS_DE144,DE144,"Ulm, Stadtkreis",GGRPHCL_ARS,"Ulm, Stadtkreis"
ECB,GGRPHCL_ARS_ES130,ES130,Cantabria,GGRPHCL_ARS,Cantabria
ECB,GGRPHCL_ARS_HR048,HR048,Viroviticko-podravska Županija,GGRPHCL_ARS,Viroviticko-podravska Županija
ECB,GGRPHCL_ARS_FR826,FR826,Vaucluse,GGRPHCL_ARS,Vaucluse
ECB,GGRPHCL_ARS_BG321,BG321,Veliko Tarnovo,GGRPHCL_ARS,Veliko Tarnovo
ECB,GGRPHCL_ARS_DEB24,DEB24,Vulkaneifel,GGRPHCL_ARS,Vulkaneifel
ECB,GGRPHCL_ARS_DE911,DE911,"Braunschweig, Kreisfreie Stadt",GGRPHCL_ARS,"Braunschweig, Kreisfreie Stadt"
ECB,GGRPHCL_ARS_AT225,AT225,West- und Südsteiermark,GGRPHCL_ARS,West- und Südsteiermark
ECB,GGRPHCL_ARS_FRC13,FRC13,Saône-et-Loire,GGRPHCL_ARS,Saône-et-Loire
ECB,GGRPHCL_ARS_HU212,HU212,Komárom-Esztergom,GGRPHCL_ARS,Komárom-Esztergom
ECB,GGRPHCL_ARS_ITF61,ITF61,Cosenza,GGRPHCL_ARS,Cosenza
ECB,GGRPHCL_ARS_DE119,DE119,Hohenlohekreis,GGRPHCL_ARS,Hohenlohekreis
ECB,GGRPHCL_ARS_PT1B0,PT1B0,Península de Setúbal,GGRPHCL_ARS,Península de Setúbal
ECB,GGRPHCL_ARS_UKH17,UKH17,Breckland and South Norfolk,GGRPHCL_ARS,Breckland and South Norfolk
ECB,GGRPHCL_ARS_DK013,DK013,Nordsjælland,GGRPHCL_ARS,Nordsjælland
ECB,TYP_INSTRMNT_1024,1024,"Insurance, pension and standardised guaranteed schemes",TYP_INSTRMNT,"Insurance, pension and standardised guaranteed schemes"
ECB,GGRPHCL_ARS_DE244,DE244,"Hof, Kreisfreie Stadt",GGRPHCL_ARS,"Hof, Kreisfreie Stadt"
ECB,GGRPHCL_ARS_HU312,HU312,Heves,GGRPHCL_ARS,Heves
ECB,GGRPHCL_ARS_ES230,ES230,La Rioja,GGRPHCL_ARS,La Rioja
ECB,GGRPHCL_ARS_UKL13,UKL13,Conwy and Denbighshire,GGRPHCL_ARS,Conwy and Denbighshire
ECB,GGRPHCL_ARS_DEA24,DEA24,"Leverkusen, Kreisfreie Stadt",GGRPHCL_ARS,"Leverkusen, Kreisfreie Stadt"
ECB,GGRPHCL_ARS_LU000,LU000,Luxembourg,GGRPHCL_ARS,Luxembourg
ECB,GGRPHCL_ARS_BG425,BG425,Kardzhali,GGRPHCL_ARS,Kardzhali
ECB,GGRPHCL_ARS_4J816,4J816,EEAS (European External Action Service),GGRPHCL_ARS,EEAS (European External Action Service)
ECB,GGRPHCL_ARS_ITG14,ITG14,Agrigento,GGRPHCL_ARS,Agrigento
ECB,GGRPHCL_ARS_RO222,RO222,Buzau,GGRPHCL_ARS,Buzau
ECB,GGRPHCL_ARS_DE231,DE231,"Amberg, Kreisfreie Stadt",GGRPHCL_ARS,"Amberg, Kreisfreie Stadt"
ECB,GGRPHCL_ARS_FR106,FR106,Seine-Saint-Denis,GGRPHCL_ARS,Seine-Saint-Denis
ECB,GGRPHCL_ARS_DEA51,DEA51,"Bochum, Kreisfreie Stadt",GGRPHCL_ARS,"Bochum, Kreisfreie Stadt"
ECB,GGRPHCL_ARS_ITI45,ITI45,Frosinone,GGRPHCL_ARS,Frosinone
ECB,GGRPHCL_ARS_NL115,NL115,Overig Groningen,GGRPHCL_ARS,Overig Groningen
ECB,GGRPHCL_ARS_UKG33,UKG33,Coventry,GGRPHCL_ARS,Coventry
ECB,GGRPHCL_ARS_PL633,PL633,Trójmiejski,GGRPHCL_ARS,Trójmiejski
ECB,GGRPHCL_ARS_DEF08,DEF08,Ostholstein,GGRPHCL_ARS,Ostholstein
ECB,GGRPHCL_ARS_NL411,NL411,West-Noord-Brabant,GGRPHCL_ARS,West-Noord-Brabant
ECB,GGRPHCL_ARS_UKM81,UKM81,"East Dunbartonshire, West Dunbartonshire and Helensburgh & Lomond",GGRPHCL_ARS,"East Dunbartonshire, West Dunbartonshire and Helensburgh & Lomond"
ECB,GGRPHCL_ARS_UKM66,UKM66,Shetland Islands,GGRPHCL_ARS,Shetland Islands
ECB,GGRPHCL_ARS_RO322,RO322,Ilfov,GGRPHCL_ARS,Ilfov
ECB,GGRPHCL_ARS_FI19B,FI19B,Pirkanmaa,GGRPHCL_ARS,Pirkanmaa
ECB,GGRPHCL_ARS_DE735,DE735,Schwalm-Eder-Kreis,GGRPHCL_ARS,Schwalm-Eder-Kreis
ECB,GGRPHCL_ARS_FRI33,FRI33,Deux-Sèvres,GGRPHCL_ARS,Deux-Sèvres
ECB,GGRPHCL_ARS_ITF14,ITF14,Chieti,GGRPHCL_ARS,Chieti
ECB,GGRPHCL_ARS_CZ053,CZ053,Pardubický kraj,GGRPHCL_ARS,Pardubický kraj
ECB,GGRPHCL_ARS_UKI62,UKI62,Croydon,GGRPHCL_ARS,Croydon
ECB,GGRPHCL_ARS_RO122,RO122,Brasov,GGRPHCL_ARS,Brasov
ECB,GGRPHCL_ARS_DE131,DE131,"Freiburg im Breisgau, Stadtkreis",GGRPHCL_ARS,"Freiburg im Breisgau, Stadtkreis"
ECB,GGRPHCL_ARS_FI1DA,FI1DA,Etelä-Savo,GGRPHCL_ARS,Etelä-Savo
ECB,GGRPHCL_ARS_PT186,PT186,Alto Alentejo,GGRPHCL_ARS,Alto Alentejo
ECB,GGRPHCL_ARS_SI032,SI032,Podravska,GGRPHCL_ARS,Podravska
ECB,GGRPHCL_ARS_DE939,DE939,Stade,GGRPHCL_ARS,Stade
ECB,GGRPHCL_ARS_ITI18,ITI18,Arezzo,GGRPHCL_ARS,Arezzo
ECB,GGRPHCL_ARS_DEE08,DEE08,Burgenland (DE),GGRPHCL_ARS,Burgenland (DE)
ECB,GGRPHCL_ARS_UKD33,UKD33,Manchester,GGRPHCL_ARS,Manchester
ECB,GGRPHCL_ARS_DEB3E,DEB3E,Germersheim,GGRPHCL_ARS,Germersheim
ECB,GGRPHCL_ARS_FI1B1,FI1B1,Helsinki-Uusimaa,GGRPHCL_ARS,Helsinki-Uusimaa
ECB,GGRPHCL_ARS_UKD37,UKD37,Greater Manchester North East,GGRPHCL_ARS,Greater Manchester North East
ECB,GGRPHCL_ARS_ES618,ES618,Sevilla,GGRPHCL_ARS,Sevilla
ECB,GGRPHCL_ARS_DEB3A,DEB3A,"Zweibrücken, Kreisfreie Stadt",GGRPHCL_ARS,"Zweibrücken, Kreisfreie Stadt"
ECB,GGRPHCL_ARS_FR302,FR302,Pas-de-Calais,GGRPHCL_ARS,Pas-de-Calais
ECB,GGRPHCL_ARS_DE268,DE268,Kitzingen,GGRPHCL_ARS,Kitzingen
ECB,GGRPHCL_ARS_ITC49,ITC49,Lodi,GGRPHCL_ARS,Lodi
ECB,GGRPHCL_ARS_RO422,RO422,Caras-severin,GGRPHCL_ARS,Caras-severin
ECB,GGRPHCL_ARS_DE135,DE135,Rottweil,GGRPHCL_ARS,Rottweil
ECB,GGRPHCL_ARS_RO126,RO126,Sibiu,GGRPHCL_ARS,Sibiu
ECB,GGRPHCL_ARS_SI036,SI036,Posavska,GGRPHCL_ARS,Posavska
ECB,GGRPHCL_ARS_NL211,NL211,Noord-Overijssel,GGRPHCL_ARS,Noord-Overijssel
ECB,GGRPHCL_ARS_DE40H,DE40H,Teltow-Fläming,GGRPHCL_ARS,Teltow-Fläming
ECB,GGRPHCL_ARS_NL415,NL415,Midden-Noord-Brabant,GGRPHCL_ARS,Midden-Noord-Brabant
ECB,GGRPHCL_ARS_DE25A,DE25A,Neustadt a. d. Aisch-Bad Windsheim,GGRPHCL_ARS,Neustadt a. d. Aisch-Bad Windsheim
ECB,GGRPHCL_ARS_DED51,DED51,"Leipzig, Kreisfreie Stadt",GGRPHCL_ARS,"Leipzig, Kreisfreie Stadt"
ECB,GGRPHCL_ARS_ITH41,ITH41,Pordenone,GGRPHCL_ARS,Pordenone
ECB,GGRPHCL_ARS_PL637,PL637,Chojnicki,GGRPHCL_ARS,Chojnicki
ECB,GGRPHCL_ARS_UKG37,UKG37,Sandwell,GGRPHCL_ARS,Sandwell
ECB,GGRPHCL_ARS_DE731,DE731,"Kassel, Kreisfreie Stadt",GGRPHCL_ARS,"Kassel, Kreisfreie Stadt"
ECB,GGRPHCL_ARS_HR064,HR064,Krapinsko-zagorska županija,GGRPHCL_ARS,Krapinsko-zagorska županija
ECB,GGRPHCL_ARS_UKM62,UKM62,"Inverness & Nairn and Moray, Badenoch & Strathspey",GGRPHCL_ARS,"Inverness & Nairn and Moray, Badenoch & Strathspey"
ECB,GGRPHCL_ARS_EL514,EL514,Drama,GGRPHCL_ARS,Drama
ECB,GGRPHCL_ARS_ES418,ES418,Valladolid,GGRPHCL_ARS,Valladolid
ECB,GGRPHCL_ARS_FR102,FR102,Seine-et-Marne,GGRPHCL_ARS,Seine-et-Marne
ECB,GGRPHCL_ARS_DE235,DE235,Cham,GGRPHCL_ARS,Cham
ECB,GGRPHCL_ARS_RO226,RO226,Vrancea,GGRPHCL_ARS,Vrancea
ECB,GGRPHCL_ARS_ITC14,ITC14,Verbano-Cusio-Ossola,GGRPHCL_ARS,Verbano-Cusio-Ossola
ECB,GGRPHCL_ARS_ES241,ES241,Huesca,GGRPHCL_ARS,Huesca
ECB,GGRPHCL_ARS_4J812,4J812,ECHA (European Chemicals Agency),GGRPHCL_ARS,ECHA (European Chemicals Agency)
ECB,GGRPHCL_ARS_ITI41,ITI41,Viterbo,GGRPHCL_ARS,Viterbo
ECB,GGRPHCL_ARS_NL111,NL111,Oost-Groningen,GGRPHCL_ARS,Oost-Groningen
ECB,GGRPHCL_ARS_DEA55,DEA55,"Herne, Kreisfreie Stadt",GGRPHCL_ARS,"Herne, Kreisfreie Stadt"
ECB,GGRPHCL_ARS_EL641,EL641,Voiotia,GGRPHCL_ARS,Voiotia
ECB,GGRPHCL_ARS_ES114,ES114,Pontevedra,GGRPHCL_ARS,Pontevedra
ECB,GGRPHCL_ARS_DE80L,DE80L,Vorpommern-Rügen,GGRPHCL_ARS,Vorpommern-Rügen
ECB,GGRPHCL_ARS_ATZZZ,ATZZZ,Extra-Regio NUTS 3,GGRPHCL_ARS,Extra-Regio NUTS 3 - Austria
ECB,GGRPHCL_ARS_DEF04,DEF04,"Neumünster, Kreisfreie Stadt",GGRPHCL_ARS,"Neumünster, Kreisfreie Stadt"
ECB,GGRPHCL_ARS_DEG04,DEG04,"Suhl, Kreisfreie Stadt",GGRPHCL_ARS,"Suhl, Kreisfreie Stadt"
ECB,GGRPHCL_ARS_UKD62,UKD62,Cheshire East,GGRPHCL_ARS,Cheshire East
ECB,GGRPHCL_ARS_BE326,BE326,Arr. Thuin,GGRPHCL_ARS,Arr. Thuin
ECB,GGRPHCL_ARS_ITG18,ITG18,Ragusa,GGRPHCL_ARS,Ragusa
ECB,TYP_INSTRMNT_1000,1000,Deposits other than reverse repurchase agreements,TYP_INSTRMNT,Deposits as defined in paragraph 5.79 of Annex A to Regulation (EU) No 549/2013 other than reverse repurchase agreements
ECB,GGRPHCL_ARS_LV00A,LV00A,Rīga,GGRPHCL_ARS,Rīga
ECB,GGRPHCL_ARS_EL541,EL541,"Arta, Preveza",GGRPHCL_ARS,"Arta, Preveza"
ECB,GGRPHCL_ARS_ITC41,ITC41,Varese,GGRPHCL_ARS,Varese
ECB,GGRPHCL_ARS_DEB3I,DEB3I,Rhein-Pfalz-Kreis,GGRPHCL_ARS,Rhein-Pfalz-Kreis
ECB,GGRPHCL_ARS_FRF33,FRF33,Moselle,GGRPHCL_ARS,Moselle
ECB,GGRPHCL_ARS_DEE04,DEE04,Altmarkkreis Salzwedel,GGRPHCL_ARS,Altmarkkreis Salzwedel
ECB,GGRPHCL_ARS_ITI14,ITI14,Firenze,GGRPHCL_ARS,Firenze
ECB,GGRPHCL_ARS_DE935,DE935,"Lüneburg, Landkreis",GGRPHCL_ARS,"Lüneburg, Landkreis"
ECB,GGRPHCL_ARS_ITG2A,ITG2A,Ogliastra,GGRPHCL_ARS,Ogliastra
ECB,GGRPHCL_ARS_UKI33,UKI33,Kensington & Chelsea and Hammersmith & Fulham,GGRPHCL_ARS,Kensington & Chelsea and Hammersmith & Fulham
ECB,GGRPHCL_ARS_ITF45,ITF45,Lecce,GGRPHCL_ARS,Lecce
ECB,GGRPHCL_ARS_HR031,HR031,Primorsko-goranska županija,GGRPHCL_ARS,Primorsko-goranska županija
ECB,GGRPHCL_ARS_UKM37,UKM37,South Ayrshire,GGRPHCL_ARS,South Ayrshire
ECB,GGRPHCL_ARS_ITG2E,ITG2E,Nuoro,GGRPHCL_ARS,Nuoro
ECB,GGRPHCL_ARS_ITH10,ITH10,Bolzano-Bozen,GGRPHCL_ARS,Bolzano-Bozen
ECB,GGRPHCL_ARS_DE931,DE931,Celle,GGRPHCL_ARS,Celle
ECB,GGRPHCL_ARS_IE023,IE023,Mid-West,GGRPHCL_ARS,Mid-West
ECB,GGRPHCL_ARS_UKM33,UKM33,East Ayrshire and North Ayrshire mainland,GGRPHCL_ARS,East Ayrshire and North Ayrshire mainland
ECB,GGRPHCL_ARS_HU232,HU232,Somogy,GGRPHCL_ARS,Somogy
ECB,GGRPHCL_ARS_HR035,HR035,Splitsko-dalmatinska županija,GGRPHCL_ARS,Splitsko-dalmatinska županija
ECB,GGRPHCL_ARS_DE139,DE139,Lörrach,GGRPHCL_ARS,Lörrach
ECB,GGRPHCL_ARS_UKH37,UKH37,Essex Thames Gateway,GGRPHCL_ARS,Essex Thames Gateway
ECB,GGRPHCL_ARS_ES614,ES614,Granada,GGRPHCL_ARS,Granada
ECB,GGRPHCL_ARS_HU332,HU332,Békés,GGRPHCL_ARS,Békés
ECB,TYP_INSTRMNT_1004,1004,"Loans other than overdrafts, convenience credit, extended credit, credit card credit, revolving credit other than credit card credit, reverse repurchase agreements, trade receivables and financial leases",TYP_INSTRMNT,"Loans, as defined in paragraphs 5.112, 5.113 and 5.114 of Annex A to Regulation (EU) No 549/2013, except overdrafts, convenience credit, extended credit, credit card credit, revolving credit other than credit card credit, reverse repurchase agreements, trade receivables and financial leases"
ECB,GGRPHCL_ARS_DE264,DE264,"Aschaffenburg, Landkreis",GGRPHCL_ARS,"Aschaffenburg, Landkreis"
ECB,GGRPHCL_ARS_BGZZZ,BGZZZ,Extra-Regio NUTS 3,GGRPHCL_ARS,Extra-Regio NUTS 3 - Bulgaria
ECB,GGRPHCL_ARS_DEC04,DEC04,Saarlouis,GGRPHCL_ARS,Saarlouis
ECB,GGRPHCL_ARS_DEA59,DEA59,Olpe,GGRPHCL_ARS,Olpe
ECB,GGRPHCL_ARS_SE213,SE213,Kalmar län,GGRPHCL_ARS,Kalmar län
ECB,GGRPHCL_ARS_ITC18,ITC18,Alessandria,GGRPHCL_ARS,Alessandria
ECB,GGRPHCL_ARS_DE239,DE239,Schwandorf,GGRPHCL_ARS,Schwandorf
ECB,GGRPHCL_ARS_UKJ37,UKJ37,North Hampshire,GGRPHCL_ARS,North Hampshire
ECB,GGRPHCL_ARS_ES414,ES414,Palencia,GGRPHCL_ARS,Palencia
ECB,GGRPHCL_ARS_BE322,BE322,Arr. Charleroi,GGRPHCL_ARS,Arr. Charleroi
ECB,GGRPHCL_ARS_FR253,FR253,Orne,GGRPHCL_ARS,Orne
ECB,GGRPHCL_ARS_BE222,BE222,Arr. Maaseik,GGRPHCL_ARS,Arr. Maaseik
ECB,GGRPHCL_ARS_EL645,EL645,Fokida,GGRPHCL_ARS,Fokida
ECB,GGRPHCL_ARS_SE313,SE313,Gävleborgs län,GGRPHCL_ARS,Gävleborgs län
ECB,GGRPHCL_ARS_ES514,ES514,Tarragona,GGRPHCL_ARS,Tarragona
ECB,GGRPHCL_ARS_DE40D,DE40D,Ostprignitz-Ruppin,GGRPHCL_ARS,Ostprignitz-Ruppin
ECB,GGRPHCL_ARS_UKD72,UKD72,Liverpool,GGRPHCL_ARS,Liverpool
ECB,GGRPHCL_ARS_AT111,AT111,Mittelburgenland,GGRPHCL_ARS,Mittelburgenland
ECB,GGRPHCL_ARS_DE11D,DE11D,Ostalbkreis,GGRPHCL_ARS,Ostalbkreis
ECB,GGRPHCL_ARS_BE336,BE336,Bezirk Verviers - Deutschsprachige Gemeinschaft,GGRPHCL_ARS,Bezirk Verviers - Deutschsprachige Gemeinschaft
ECB,GGRPHCL_ARS_UKK23,UKK23,Somerset,GGRPHCL_ARS,Somerset
ECB,GGRPHCL_ARS_EL651,EL651,"Argolida, Arkadia",GGRPHCL_ARS,"Argolida, Arkadia"
ECB,GGRPHCL_ARS_BE236,BE236,Arr. Sint-Niklaas,GGRPHCL_ARS,Arr. Sint-Niklaas
ECB,GGRPHCL_ARS_ITH59,ITH59,Rimini,GGRPHCL_ARS,Rimini
ECB,GGRPHCL_ARS_BG315,BG315,Lovech,GGRPHCL_ARS,Lovech
ECB,GGRPHCL_ARS_FR812,FR812,Gard,GGRPHCL_ARS,Gard
ECB,GGRPHCL_ARS_FRE23,FRE23,Somme,GGRPHCL_ARS,Somme
ECB,GGRPHCL_ARS_AT211,AT211,Klagenfurt-Villach,GGRPHCL_ARS,Klagenfurt-Villach
ECB,GGRPHCL_ARS_DE21D,DE21D,Garmisch-Partenkirchen,GGRPHCL_ARS,Garmisch-Partenkirchen
ECB,GGRPHCL_ARS_DE925,DE925,Hildesheim,GGRPHCL_ARS,Hildesheim
ECB,GGRPHCL_ARS_PL823,PL823,Rzeszowski,GGRPHCL_ARS,Rzeszowski
ECB,GGRPHCL_ARS_HR021,HR021,Bjelovarsko-bilogorska županija,GGRPHCL_ARS,Bjelovarsko-bilogorska županija
ECB,GGRPHCL_ARS_UKM27,UKM27,Perth & Kinross and Stirling,GGRPHCL_ARS,Perth & Kinross and Stirling
ECB,TYP_INSTRMNT_1010,1010,Financial guarantees,TYP_INSTRMNT,"Financial guarantees as defined in Implementing Regulation (EU) No 680/2014, except credit derivatives."
ECB,GGRPHCL_ARS_PL923,PL923,Płocki,GGRPHCL_ARS,Płocki
ECB,GGRPHCL_ARS_UKH23,UKH23,Hertfordshire,GGRPHCL_ARS,Hertfordshire
ECB,GGRPHCL_ARS_DE94A,DE94A,Friesland (DE),GGRPHCL_ARS,Friesland (DE)
ECB,GGRPHCL_ARS_BG411,BG411,Sofia (stolitsa),GGRPHCL_ARS,Sofia (stolitsa)
ECB,GGRPHCL_ARS_FRF23,FRF23,Marne,GGRPHCL_ARS,Marne
ECB,GGRPHCL_ARS_AT311,AT311,Innviertel,GGRPHCL_ARS,Innviertel
ECB,GGRPHCL_ARS_HR04E,HR04E,Sisacko-moslavacka Županija,GGRPHCL_ARS,Sisacko-moslavacka Županija
ECB,GGRPHCL_ARS_DE94E,DE94E,"Osnabrück, Landkreis",GGRPHCL_ARS,"Osnabrück, Landkreis"
ECB,GGRPHCL_ARS_HU322,HU322,Jász-Nagykun-Szolnok,GGRPHCL_ARS,Jász-Nagykun-Szolnok
ECB,GGRPHCL_ARS_UKL23,UKL23,Flintshire and Wrexham,GGRPHCL_ARS,Flintshire and Wrexham
ECB,GGRPHCL_ARS_DE274,DE274,"Memmingen, Kreisfreie Stadt",GGRPHCL_ARS,"Memmingen, Kreisfreie Stadt"
ECB,GGRPHCL_ARS_HR04A,HR04A,Brodsko-posavska županija,GGRPHCL_ARS,Brodsko-posavska županija
ECB,GGRPHCL_ARS_DEA14,DEA14,"Krefeld, Kreisfreie Stadt",GGRPHCL_ARS,"Krefeld, Kreisfreie Stadt"
ECB,GGRPHCL_ARS_AT315,AT315,Traunviertel,GGRPHCL_ARS,Traunviertel
ECB,GGRPHCL_ARS_BG415,BG415,Kyustendil,GGRPHCL_ARS,Kyustendil
ECB,GGRPHCL_ARS_DE71D,DE71D,Rheingau-Taunus-Kreis,GGRPHCL_ARS,Rheingau-Taunus-Kreis
ECB,GGRPHCL_ARS_FRC23,FRC23,Haute-Saône,GGRPHCL_ARS,Haute-Saône
ECB,GGRPHCL_ARS_ES300,ES300,Madrid,GGRPHCL_ARS,Madrid
ECB,GGRPHCL_ARS_EEZZZ,EEZZZ,Extra-Regio NUTS 3,GGRPHCL_ARS,Extra-Regio NUTS 3 - Estonia
ECB,GGRPHCL_ARS_HU222,HU222,Vas,GGRPHCL_ARS,Vas
ECB,GGRPHCL_ARS_UKM23,UKM23,East Lothian and Midlothian,GGRPHCL_ARS,East Lothian and Midlothian
ECB,GGRPHCL_ARS_EE001,EE001,Põhja-Eesti,GGRPHCL_ARS,Põhja-Eesti
ECB,GGRPHCL_ARS_HR025,HR025,Osječko-baranjska županija,GGRPHCL_ARS,Osječko-baranjska županija
ECB,GGRPHCL_ARS_ES704,ES704,Fuerteventura,GGRPHCL_ARS,Fuerteventura
ECB,GGRPHCL_ARS_ITF51,ITF51,Potenza,GGRPHCL_ARS,Potenza
ECB,GGRPHCL_ARS_PT1A0,PT1A0,Grande Lisboa,GGRPHCL_ARS,Grande Lisboa
ECB,GGRPHCL_ARS_DE129,DE129,"Pforzheim, Stadtkreis",GGRPHCL_ARS,"Pforzheim, Stadtkreis"
ECB,GGRPHCL_ARS_BE232,BE232,Arr. Dendermonde,GGRPHCL_ARS,Arr. Dendermonde
ECB,GGRPHCL_ARS_FR243,FR243,Indre,GGRPHCL_ARS,Indre
ECB,GGRPHCL_ARS_BG311,BG311,Vidin,GGRPHCL_ARS,Vidin
ECB,GGRPHCL_ARS_DEB14,DEB14,Bad Kreuznach,GGRPHCL_ARS,Bad Kreuznach
ECB,GGRPHCL_ARS_NL350,NL350,Utrecht,GGRPHCL_ARS,Utrecht
ECB,TYP_INSTRMNT_2108,2108,"Structured notes are defined as debt securities that contain an embedded derivative component, with returns linked to an underlying security or index (public or bespoke, such as equities or bonds, fixed income rates or credit, FX, commodities etc.). Structured notes do not include debt instruments that include call or put options only, i.e. the value of the instrument does not depend on any embedded derivative component. (Annex II.2.2 of the Commission Implementing regulation (EU) 2018/1624)",TYP_INSTRMNT,"Structured notes are defined as debt securities that contain an embedded derivative component, with returns linked to an underlying security or index (public or bespoke, such as equities or bonds, fixed income rates or credit, FX, commodities etc.). Structured notes do not include debt instruments that include call or put options only, i.e. the value of the instrument does not depend on any embedded derivative component. (Annex II.2.2 of the Commission Implementing regulation (EU) 2018/1624)"
ECB,GGRPHCL_ARS_DE229,DE229,Regen,GGRPHCL_ARS,Regen
ECB,GGRPHCL_ARS_UKJ27,UKJ27,West Sussex (South West),GGRPHCL_ARS,West Sussex (South West)
ECB,GGRPHCL_ARS_BE332,BE332,Arr. Liège,GGRPHCL_ARS,Arr. Liège
ECB,GGRPHCL_ARS_UKG23,UKG23,Stoke-on-Trent,GGRPHCL_ARS,Stoke-on-Trent
ECB,GGRPHCL_ARS_PL623,PL623,Elcki,GGRPHCL_ARS,Elcki
ECB,GGRPHCL_ARS_ITH55,ITH55,Bologna,GGRPHCL_ARS,Bologna
ECB,GGRPHCL_ARS_DED45,DED45,Zwichau,GGRPHCL_ARS,Zwichau
ECB,GGRPHCL_ARS_UKM91,UKM91,Scottish Borders,GGRPHCL_ARS,Scottish Borders
ECB,GGRPHCL_ARS_PL227,PL227,Rybnicki,GGRPHCL_ARS,Rybnicki
ECB,GGRPHCL_ARS_DMSTC,DMSTC,Domestic,GGRPHCL_ARS,Domestic
ECB,GGRPHCL_ARS_UKM76,UKM76,Falkirk,GGRPHCL_ARS,Falkirk
ECB,GGRPHCL_ARS_FRI23,FRI23,Haute-Vienne,GGRPHCL_ARS,Haute-Vienne
ECB,GGRPHCL_ARS_FR412,FR412,Meuse,GGRPHCL_ARS,Meuse
ECB,GGRPHCL_ARS_DE725,DE725,Vogelsbergkreis,GGRPHCL_ARS,Vogelsbergkreis
ECB,GGRPHCL_ARS_UKI72,UKI72,Brent,GGRPHCL_ARS,Brent
ECB,GGRPHCL_ARS_FIZZZ,FIZZZ,Extra-Regio NUTS 3,GGRPHCL_ARS,Extra-Regio NUTS 3 - Finland
ECB,GGRPHCL_ARS_FR512,FR512,Maine-et-Loire,GGRPHCL_ARS,Maine-et-Loire
ECB,GGRPHCL_ARS_DE221,DE221,"Landshut, Kreisfreie Stadt",GGRPHCL_ARS,"Landshut, Kreisfreie Stadt"
ECB,GGRPHCL_ARS_LT007,LT007,Taurages Apskritis,GGRPHCL_ARS,Taurages Apskritis
ECB,GGRPHCL_ARS_DEA41,DEA41,"Bielefeld, Kreisfreie Stadt",GGRPHCL_ARS,"Bielefeld, Kreisfreie Stadt"
ECB,GGRPHCL_ARS_PL127,PL127,Miasto Warszawa,GGRPHCL_ARS,Miasto Warszawa
ECB,GGRPHCL_ARS_PL523,PL523,Nyski,GGRPHCL_ARS,Nyski
ECB,GGRPHCL_ARS_FI1C5,FI1C5,Etelä-Karjala,GGRPHCL_ARS,Etelä-Karjala
ECB,GGRPHCL_ARS_FR712,FR712,Ardèche,GGRPHCL_ARS,Ardèche
ECB,GGRPHCL_ARS_FRJ23,FRJ23,Haute-Garonne,GGRPHCL_ARS,Haute-Garonne
ECB,GGRPHCL_ARS_EL304,EL304,Notios Tomeas Athinon,GGRPHCL_ARS,Notios Tomeas Athinon
ECB,GGRPHCL_ARS_PT11E,PT11E,Terras de Trás-os-Montes,GGRPHCL_ARS,Terras de Trás-os-Montes
ECB,GGRPHCL_ARS_SKZZZ,SKZZZ,Extra-Regio NUTS 3,GGRPHCL_ARS,Extra-Regio NUTS 3 - Slovakia
ECB,GGRPHCL_ARS_DE121,DE121,"Baden-Baden, Stadtkreis",GGRPHCL_ARS,"Baden-Baden, Stadtkreis"
ECB,GGRPHCL_ARS_FRK23,FRK23,Drôme,GGRPHCL_ARS,Drôme
ECB,GGRPHCL_ARS_FR612,FR612,Gironde,GGRPHCL_ARS,Gironde
ECB,GGRPHCL_ARS_EE009,EE009,Kesk-Eesti,GGRPHCL_ARS,Kesk-Eesti
ECB,GGRPHCL_ARS_PT196,PT196,Beiras e Serra da Estrela,GGRPHCL_ARS,Beiras e Serra da Estrela
ECB,GGRPHCL_ARS_DE21H,DE21H,"München, Landkreis",GGRPHCL_ARS,"München, Landkreis"
ECB,GGRPHCL_ARS_BG344,BG344,Stara Zagora,GGRPHCL_ARS,Stara Zagora
ECB,GGRPHCL_ARS_DE929,DE929,Region Hannover,GGRPHCL_ARS,Region Hannover
ECB,GGRPHCL_ARS_PT192,PT192,Região de Coimbra,GGRPHCL_ARS,Região de Coimbra
ECB,GGRPHCL_ARS_FRK27,FRK27,Savoie,GGRPHCL_ARS,Savoie
ECB,GGRPHCL_ARS_DE125,DE125,"Heidelberg, Stadtkreis",GGRPHCL_ARS,"Heidelberg, Stadtkreis"
ECB,GGRPHCL_ARS_FR212,FR212,Aube,GGRPHCL_ARS,Aube
ECB,GGRPHCL_ARS_ES708,ES708,Lanzarote,GGRPHCL_ARS,Lanzarote
ECB,GGRPHCL_ARS_PL427,PL427,Szczecinecko-pyrzycki,GGRPHCL_ARS,Szczecinecko-pyrzycki
ECB,GGRPHCL_ARS_DE21L,DE21L,Starnberg,GGRPHCL_ARS,Starnberg
ECB,GGRPHCL_ARS_FI1C1,FI1C1,Varsinais-Suomi,GGRPHCL_ARS,Varsinais-Suomi
ECB,GGRPHCL_ARS_DEA18,DEA18,"Remscheid, Kreisfreie Stadt",GGRPHCL_ARS,"Remscheid, Kreisfreie Stadt"
ECB,GGRPHCL_ARS_PT11A,PT11A,Área Metropolitana do Porto,GGRPHCL_ARS,Área Metropolitana do Porto
ECB,GGRPHCL_ARS_DE278,DE278,Günzburg,GGRPHCL_ARS,Günzburg
ECB,GGRPHCL_ARS_FR716,FR716,Rhône,GGRPHCL_ARS,Rhône
ECB,GGRPHCL_ARS_FRJ27,FRJ27,Tarn,GGRPHCL_ARS,Tarn
ECB,GGRPHCL_ARS_LT003,LT003,Klaipedos Apskritis,GGRPHCL_ARS,Klaipedos Apskritis
ECB,GGRPHCL_ARS_DE225,DE225,Freyung-Grafenau,GGRPHCL_ARS,Freyung-Grafenau
ECB,TYP_INSTRMNT_2104,2104,Hybrid contracts,TYP_INSTRMNT,Hybrid contracts
ECB,GGRPHCL_ARS_DED2E,DED2E,Meißen,GGRPHCL_ARS,Meißen
ECB,GGRPHCL_ARS_PL323,PL323,Krosnienski,GGRPHCL_ARS,Krosnienski
ECB,GGRPHCL_ARS_DEA45,DEA45,Lippe,GGRPHCL_ARS,Lippe
ECB,GGRPHCL_ARS_UKC23,UKC23,Sunderland,GGRPHCL_ARS,Sunderland
ECB,GGRPHCL_ARS_UKM95,UKM95,South Lanarkshire,GGRPHCL_ARS,South Lanarkshire
ECB,GGRPHCL_ARS_IE062,IE062,Mid-East,GGRPHCL_ARS,Mid-East
ECB,GGRPHCL_ARS_DE24A,DE24A,Kronach,GGRPHCL_ARS,Kronach
ECB,GGRPHCL_ARS_DED41,DED41,"Chemnitz, Kreisfreie Stadt",GGRPHCL_ARS,"Chemnitz, Kreisfreie Stadt"
ECB,GGRPHCL_ARS_NLZZZ,NLZZZ,Extra-Regio NUTS 3,GGRPHCL_ARS,Extra-Regio NUTS 3 - Netherlands
ECB,GGRPHCL_ARS_DEB18,DEB18,Neuwied,GGRPHCL_ARS,Neuwied
ECB,GGRPHCL_ARS_ITH51,ITH51,Piacenza,GGRPHCL_ARS,Piacenza
ECB,GGRPHCL_ARS_PT1D1,PT1D1,Oeste,GGRPHCL_ARS,Oeste
ECB,GGRPHCL_ARS_DE721,DE721,"Gießen, Landkreis",GGRPHCL_ARS,"Gießen, Landkreis"
ECB,GGRPHCL_ARS_DEA2A,DEA2A,Oberbergischer Kreis,GGRPHCL_ARS,Oberbergischer Kreis
ECB,GGRPHCL_ARS_UKM72,UKM72,Clackmannanshire and Fife,GGRPHCL_ARS,Clackmannanshire and Fife
ECB,ACCNTNG_CLSSFCTN_7,7,nGAAP: Non-trading non-derivative financial assets measured at fair value through profit or loss,ACCNTNG_CLSSFCTN,Non-trading non-derivative financial assets measured at fair value to equity in accordance with national GAAP.
ECB,ACCNTNG_CLSSFCTN_3,3,nGAAP: Trading Financial assets,ACCNTNG_CLSSFCTN,Trading financial assets in accordance with national GAAP.
ECB,ACCNTNG_CLSSFCTN_2,2,IFRS: Financial assets held for trading,ACCNTNG_CLSSFCTN,Financial assets held for trading in accordance with IFRS.
ECB,ACCNTNG_CLSSFCTN_6,6,IFRS: Financial assets at amortised cost,ACCNTNG_CLSSFCTN,Financial assets measured at amortised cost in accordance with IFRS.
ECB,ACCNTNG_CLSSFCTN_8,8,IFRS: Financial assets at fair value through other comprehensive income,ACCNTNG_CLSSFCTN,Financial assets measured at fair value through other comprehensive income due to business model and cash-flows characteristics in accordance with IFRS.
ECB,ACCNTNG_CLSSFCTN_4,4,IFRS: Financial assets designated at fair value through profit or loss,ACCNTNG_CLSSFCTN,"Financial assets measured at fair value through profit and loss and designated as such upon initial recognition or subsequently in accordance with IFRS, except those classified as financial assets held for trading."
ECB,ACCNTNG_CLSSFCTN_0,0,Not applicable,ACCNTNG_CLSSFCTN,Not applicable
ECB,ACCNTNG_CLSSFCTN_9,9,nGAAP: Non-trading non-derivative financial assets measured at fair value to equity,ACCNTNG_CLSSFCTN,Non-trading non-derivative financial assets measured at fair value to equity in accordance with national GAAP.
ECB,ACCNTNG_CLSSFCTN_5,5,nGAAP: Available-for-sale financial assets,ACCNTNG_CLSSFCTN,Available-for-sale financial assets in accordance with national GAAP.
ECB,ACCNTNG_CLSSFCTN_63,63,Accounting portfolios for financial assets at fair value or strict LOCOM not subject to impairment,ACCNTNG_CLSSFCTN,Accounting portfolios for financial assets at fair value or strict LOCOM not subject to impairment
ECB,ACCNTNG_CLSSFCTN_84,84,Derivatives - Hedge accounting,ACCNTNG_CLSSFCTN,Derivatives - Hedge accounting
ECB,ACCNTNG_CLSSFCTN_80,80,All types of accounting portfolios for financial liabilities in accordance to Regulation (EU) No 680/2014,ACCNTNG_CLSSFCTN,All types of accounting portfolios for financial liabilities in accordance to Regulation (EU) No 680/2014
ECB,ACCNTNG_CLSSFCTN_36,36,nGAAP: Accounting portfolios for non-trading financial instruments,ACCNTNG_CLSSFCTN,nGAAP: Accounting portfolios for non-trading financial instruments
ECB,ACCNTNG_CLSSFCTN_22,22,Accounting portfolios for financial instruments not measured at fair value through profit or loss,ACCNTNG_CLSSFCTN,Accounting portfolios for financial instruments not measured at fair value through profit or loss
ECB,ACCNTNG_CLSSFCTN_98,98,Accounting classification for financial liabilities,ACCNTNG_CLSSFCTN,Accounting classification for financial liabilities
ECB,ACCNTNG_CLSSFCTN_73,73,nGAAP: Other non-trading non-derivative financial assets. LOCOM,ACCNTNG_CLSSFCTN,nGAAP: Other non-trading non-derivative financial assets at LOCOM
ECB,ACCNTNG_CLSSFCTN_77,77,nGAAP: Non-trading non-derivative financial assets measured at a cost-based method. Other than LOCOM,ACCNTNG_CLSSFCTN,nGAAP: Non-trading non-derivative financial assets measured at a cost-based method. Other than LOCOM
ECB,ACCNTNG_CLSSFCTN_90,90,Under IFRS 9 impairment,ACCNTNG_CLSSFCTN,Off balance sheet accounting classification: under IFRS 9 impairment
ECB,ACCNTNG_CLSSFCTN_53,53,Accounting portfolios for financial assets measured at cost based methods,ACCNTNG_CLSSFCTN,Accounting portfolios for financial assets measured at cost based methods
ECB,ACCNTNG_CLSSFCTN_47,47,nGAAP: Financial assets designated at fair value through profit or loss,ACCNTNG_CLSSFCTN,Financial assets designated at fair value through profit or loss in accordance with national GAAP.
ECB,ACCNTNG_CLSSFCTN_12,12,nGAAP: Held-to-maturity investments,ACCNTNG_CLSSFCTN,Held-to-maturity investments in accordance with national GAAP.
ECB,ACCNTNG_CLSSFCTN_16,16,Cash and cash balances at central banks and other demand deposits,ACCNTNG_CLSSFCTN,Cash and cash balances at central banks and other demand deposits
ECB,ACCNTNG_CLSSFCTN_46,46,nGAAP: Financial assets held for trading,ACCNTNG_CLSSFCTN,Financial assets held for trading in accordance with Implementing Regulation (EU) No 680/2014.
ECB,ACCNTNG_CLSSFCTN_42,42,IFRS: Financial assets and liabilities held for trading,ACCNTNG_CLSSFCTN,IFRS: Sum of trading accounting portfolios financial instruments (assets and liabilities)
ECB,ACCNTNG_CLSSFCTN_13,13,nGAAP: Non-trading non-derivative financial instruments measured at a cost-based method,ACCNTNG_CLSSFCTN,"Non-trading
  non-derivative financial instruments measured at a cost-based method in
  accordance with national GAAP."
ECB,ACCNTNG_CLSSFCTN_52,52,Accounting portfolios for financial assets under GAAP,ACCNTNG_CLSSFCTN,Accounting portfolios for financial assets under GAAP
ECB,ACCNTNG_CLSSFCTN_99,99,Accounting classification for financial assets,ACCNTNG_CLSSFCTN,Accounting classification for financial assets
ECB,ACCNTNG_CLSSFCTN_23,23,IFRS: Financial liabilities held for trading,ACCNTNG_CLSSFCTN,Financial liabilities held for trading in accordance with IFRS
ECB,ACCNTNG_CLSSFCTN_76,76,nGAAP: Non-trading non-derivative financial assets measured at a cost-based method. LOCOM,ACCNTNG_CLSSFCTN,nGAAP: Non-trading non-derivative financial assets measured at a cost-based method at LOCOM
ECB,ACCNTNG_CLSSFCTN_91,91,Off balance sheet: measured under IAS 37 or IFRS 4,ACCNTNG_CLSSFCTN,Off balance sheet accounting classification: measured under IAS 37 or IFRS 4
ECB,ACCNTNG_CLSSFCTN_72,72,Accounting portfolios for financial liabilities other than classified as held for sale,ACCNTNG_CLSSFCTN,Accounting portfolios for financial liabilities other than classified as held for sale
ECB,ACCNTNG_CLSSFCTN_81,81,nGAAP: Non-trading non-derivative financial assets measured at fair value to equity. Subject to impairment,ACCNTNG_CLSSFCTN,nGAAP: Non-trading non-derivative financial assets measured at fair value to equity. Subject to impairment
ECB,ACCNTNG_CLSSFCTN_62,62,Accounting portfolios for financial assets measured at fair value through equity subject to impairment,ACCNTNG_CLSSFCTN,Accounting portfolios for financial assets measured at fair value through equity subject to impairment
ECB,ACCNTNG_CLSSFCTN_85,85,nGAAP: Accounting portfolios for trading financial instruments. Cost based method or LOCOM,ACCNTNG_CLSSFCTN,nGAAP: Accounting portfolios for trading financial instruments. Cost based method or LOCOM
ECB,ACCNTNG_CLSSFCTN_37,37,nGAAP: Trading financial assets and liabilities,ACCNTNG_CLSSFCTN,nGAAP: Trading financial assets and liabilities
ECB,ACCNTNG_CLSSFCTN_33,33,nGAAP: Trading financial liabilities,ACCNTNG_CLSSFCTN,Trading financial liabilities in accordance with national GAAP based on BAD
ECB,ACCNTNG_CLSSFCTN_70,70,Measurement for Intangible assets. Other than Goodwill,ACCNTNG_CLSSFCTN,Measurement for Intangible assets. Other than Goodwill
ECB,ACCNTNG_CLSSFCTN_74,74,nGAAP: Other non-trading non-derivative financial assets. Other than LOCOM,ACCNTNG_CLSSFCTN,nGAAP: Other non-trading non-derivative financial assets. Other than LOCOM
ECB,ACCNTNG_CLSSFCTN_93,93,Under nGAAP,ACCNTNG_CLSSFCTN,Off balance sheet accounting classification: measured under nGAAP based on BAD
ECB,ACCNTNG_CLSSFCTN_21,21,IFRS: Financial liabilities measured at amortised cost,ACCNTNG_CLSSFCTN,Financial liabilities measured at amortised cost in accordance with IFRS
ECB,ACCNTNG_CLSSFCTN_25,25,IFRS: Financial liabilities designated at fair value through profit or loss,ACCNTNG_CLSSFCTN,Financial liabilities designated at fair value through profit or loss in accordance with IFRS
ECB,ACCNTNG_CLSSFCTN_31,31,nGAAP: Non-trading non-derivative financial liabilities measured at a cost-based method,ACCNTNG_CLSSFCTN,Non-trading non-derivative financial liabilities measured at a cost-based method accordance with national GAAP based on BAD
ECB,ACCNTNG_CLSSFCTN_35,35,nGAAP: Financial liabilities designated at fair value through profit or loss,ACCNTNG_CLSSFCTN,Financial liabilities designated at fair value through profit or loss in accordance with nationa GAAP based on BAD
ECB,ACCNTNG_CLSSFCTN_60,60,Financial assets other than Held for trading and Trading Financial Assets,ACCNTNG_CLSSFCTN,Financial assets other than Held for trading and Trading Financial Assets
ECB,ACCNTNG_CLSSFCTN_87,87,Accounting portfolios for financial liabilities under IFRS,ACCNTNG_CLSSFCTN,Accounting portfolios for financial liabilities under IFRS
ECB,ACCNTNG_CLSSFCTN_64,64,nGAAP: financial assets at fair value or strict LOCOM,ACCNTNG_CLSSFCTN,
ECB,ACCNTNG_CLSSFCTN_83,83,"Investments in subsidiaries, joint ventures and associates",ACCNTNG_CLSSFCTN,"Investments in subsidiaries, joint ventures and associates"
ECB,ACCNTNG_CLSSFCTN_39,39,Financial assets and liabilities designated at fair value through profit or loss,ACCNTNG_CLSSFCTN,Financial assets and liabilities designated at fair value through profit or loss
ECB,ACCNTNG_CLSSFCTN_15,15,nGAAP: Other Non-trading Non-derivative Financial assets,ACCNTNG_CLSSFCTN,Other non-trading non-derivative financial assets in accordance with national GAAP.
ECB,ACCNTNG_CLSSFCTN_48,48,nGAAP: Non-trading financial assets mandatorily at fair value through profit or loss,ACCNTNG_CLSSFCTN,Non-trading financial assets mandatorily at fair value through profit or loss in accordance with national GAAP.
ECB,ACCNTNG_CLSSFCTN_19,19,Accounting portfolios for debt instruments subject to impairment,ACCNTNG_CLSSFCTN,Accounting portfolios for debt instruments subject to impairment
ECB,ACCNTNG_CLSSFCTN_50,50,All types of accounting portfolios for financial assets in accordance to Regulation (EU) No 680/2014,ACCNTNG_CLSSFCTN,All types of accounting portfolios for financial assets in accordance to Regulation (EU) No 680/2014
ECB,ACCNTNG_CLSSFCTN_54,54,Accounting portfolios for financial assets subject to impairment,ACCNTNG_CLSSFCTN,Accounting portfolios for financial assets subject to impairment
ECB,ACCNTNG_CLSSFCTN_51,51,Accounting portfolios for financial assets under IFRS,ACCNTNG_CLSSFCTN,Accounting portfolios for financial assets under IFRS
ECB,ACCNTNG_CLSSFCTN_14,14,IFRS: Cash balances at central banks and other demand deposits,ACCNTNG_CLSSFCTN,Cash balances at central banks and other demand deposits in accordance with IFRS.
ECB,ACCNTNG_CLSSFCTN_10,10,nGAAP: Loans and receivables,ACCNTNG_CLSSFCTN,Loans and receivables in accordance with national GAAP.
ECB,ACCNTNG_CLSSFCTN_45,45,nGAAP: Cash balances at central banks and other demand deposits,ACCNTNG_CLSSFCTN,Cash balances at central banks and other demand deposits in accordance with national GAAP.
ECB,ACCNTNG_CLSSFCTN_41,41,IFRS: Non-trading financial assets mandatorily at fair value through profit or loss,ACCNTNG_CLSSFCTN,Non-trading financial assets mandatorily at fair value through profit or loss in accordance with IFRS.
ECB,ACCNTNG_CLSSFCTN_38,38,Accounting portfolios for trading financial instruments,ACCNTNG_CLSSFCTN,Accounting portfolios for trading financial instruments
ECB,ACCNTNG_CLSSFCTN_82,82,nGAAP: Non-trading non-derivative financial assets measured at fair value to equity. Not subject to impairment,ACCNTNG_CLSSFCTN,nGAAP: Non-trading non-derivative financial assets measured at fair value to equity. Not subject to impairment
ECB,ACCNTNG_CLSSFCTN_61,61,Financial assets at fair value other than Held for trading and Trading Financial Assets,ACCNTNG_CLSSFCTN,Financial assets at fair value other than Held for trading and Trading Financial Assets
ECB,ACCNTNG_CLSSFCTN_86,86,Accounting portfolios for financial liabilities under GAAP,ACCNTNG_CLSSFCTN,Accounting portfolios for financial liabilities under GAAP
ECB,ACCNTNG_CLSSFCTN_92,92,Measured at fair value through profit or loss,ACCNTNG_CLSSFCTN,Off balance sheet accounting classification: IFRS 9 fair valued commitments and financial guarantees
ECB,ACCNTNG_CLSSFCTN_71,71,Accounting portfolios for financial assets other than classified as held for sale,ACCNTNG_CLSSFCTN,Accounting portfolios for financial assets other than classified as held for sale
ECB,ACCNTNG_CLSSFCTN_702,702,Measurement for Intangible assets. Other than Goodwill. Revaluation model,ACCNTNG_CLSSFCTN,Measurement for Intangible assets. Other than Goodwill. Revaluation model
ECB,ACCNTNG_CLSSFCTN_912,912,Measured under IFRS 4,ACCNTNG_CLSSFCTN,Off balance sheet accounting classification: measured under IFRS 4
ECB,ACCNTNG_CLSSFCTN_712,712,"Accounting portfolios for financial assets excluding financial assets held for trading, trading financial assets and cash and cash balances at central banks and other demand deposits",ACCNTNG_CLSSFCTN,"Accounting portfolios for financial assets excluding financial assets held for trading, trading financial assets and cash and cash balances at central banks and other demand deposits"
ECB,ACCNTNG_CLSSFCTN_832,832,"Investments in subsidiaries, joint ventures and associates. Other than equity method",ACCNTNG_CLSSFCTN,"Investments in subsidiaries, joint ventures and associates. Other than equity method"
ECB,PRTCTN_VLTN_APPRCH_4,4,Other type of valuation,PRTCTN_VLTN_APPRCH,Other type of valuation not included in any other valuation categories.
ECB,PRTCTN_VLTN_APPRCH_0,0,Not applicable,PRTCTN_VLTN_APPRCH,Technical member to represent the null value
ECB,PRTCTN_VLTN_APPRCH_1,1,Counterparty estimation,PRTCTN_VLTN_APPRCH,Valuation method whereby the valuation is carried out by the provider of the protection.
ECB,PRTCTN_VLTN_APPRCH_5,5,Third-party valuation,PRTCTN_VLTN_APPRCH,Valuation method in which the valuation is provided by an appraiser who is independent from the credit decision process.
ECB,ACCNTNG_CLSSFCTN_391,391,Financial assets designated at fair value through profit or loss,ACCNTNG_CLSSFCTN,Financial assets designated at fair value through profit or loss
ECB,ACCNTNG_CLSSFCTN_-99,-99,Technical null,ACCNTNG_CLSSFCTN,Technical member to represent the null value
ECB,ACCNTNG_CLSSFCTN_842,842,Derivatives - Hedge accounting. Other than at cost based method or LOCOM,ACCNTNG_CLSSFCTN,Derivatives - Hedge accounting. Other than at cost based method or LOCOM
ECB,ACCNTNG_CLSSFCTN_711,711,"Accounting portfolios for financial assets other than classified as held for sale, excluding financial assets held for trading, trading financial assets and cash and cash balances at central banks and other demand deposits",ACCNTNG_CLSSFCTN,"Accounting portfolios for financial assets other than classified as held for sale, excluding financial assets held for trading, trading financial assets and cash and cash balances at central banks and other demand deposits"
ECB,ACCNTNG_CLSSFCTN_911,911,Measured under IAS 37,ACCNTNG_CLSSFCTN,Off balance sheet accounting classification: measured under IAS 37
ECB,ACCNTNG_CLSSFCTN_701,701,Measurement for Intangible assets. Other than Goodwill. Cost model,ACCNTNG_CLSSFCTN,Measurement for Intangible assets. Other than Goodwill. Cost model
ECB,ACCNTNG_CLSSFCTN_221,221,nGAAP: Accounting portfolios for financial instruments not measured at fair value through profit or loss,ACCNTNG_CLSSFCTN,nGAAP: Accounting portfolios for financial instruments not measured at fair value through profit or loss
ECB,PRTCTN_VLTN_APPRCH_3,3,Mark-to-market,PRTCTN_VLTN_APPRCH,Valuation method whereby the protection value is based on unadjusted quoted prices for identical assets and liabilities in an active market.
ECB,ACCNTNG_CLSSFCTN_531,531,"Accounting portfolios for financial assets measured at cost based methods, excluding cash and cash balances at central banks and other demand deposits",ACCNTNG_CLSSFCTN,"Accounting portfolios for financial assets measured at cost based methods, excluding cash and cash balances at central banks and other demand deposits"
ECB,ACCNTNG_CLSSFCTN_831,831,"Investments in subsidiaries, joint ventures and associates. Equity method",ACCNTNG_CLSSFCTN,"Investments in subsidiaries, joint ventures and associates. Equity method"
ECB,ACCNTNG_CLSSFCTN_392,392,Financial liabilities designated at fair value through profit or loss,ACCNTNG_CLSSFCTN,Financial liabilities designated at fair value through profit or loss
ECB,PRTCTN_VLTN_APPRCH_2,2,Creditor valuation,PRTCTN_VLTN_APPRCH,"Valuation method whereby the valuation is carried out by the creditor: valuation undertaken by an external or staff appraiser who possesses the necessary qualifications, ability and experience to execute a valuation and who is not independent from the credit decision process."
ECB,ACCNTNG_CLSSFCTN_100,100,Short position accounting classification,ACCNTNG_CLSSFCTN,
ECB,ACCNTNG_CLSSFCTN_841,841,Derivatives - Hedge accounting. At cost based method or LOCOM,ACCNTNG_CLSSFCTN,Derivatives - Hedge accounting. At cost based method or LOCOM
ECB,GGRPHCL_ARS_CRSS_BRDR,CRSS_BRDR,Cross-border,GGRPHCL_ARS,Cross-border
ECB,PRTCTN_VLTN_APPRCH_-99,-99,Technical null,PRTCTN_VLTN_APPRCH,Technical member to represent the null value
ECB,IMPRMNT_ASSSSMNT_MTHD_2,2,Individually assessed,IMPRMNT_ASSSSMNT_MTHD,To be used if the instrument is subject to impairment in accordance with an applied accounting standard and is individually assessed for impairment.
ECB,IMPRMNT_ASSSSMNT_MTHD_1,1,Collectively assessed,IMPRMNT_ASSSSMNT_MTHD,To be used if the instrument is subject to impairment in accordance with an applied accounting standard and is collectively assessed for impairment by being grouped together with instruments with similar credit risk characteristics.
ECB,IMPRMNT_ASSSSMNT_MTHD_0,0,Not applicable,IMPRMNT_ASSSSMNT_MTHD,Not applicable
ECB,IMPRMNT_ASSSSMNT_MTHD_-1,-1,All types of impairment assessment method,IMPRMNT_ASSSSMNT_MTHD,All types of impairment assessment method
ECB,IMPRMNT_ASSSSMNT_MTHD_-99,-99,Technical null,IMPRMNT_ASSSSMNT_MTHD,Technical member to represent the null value