MEMBER_ID,SUBDOMAIN_ID,VALID_FROM,VALID_TO,ORDER
CRRNCY_YER,ISO4217,1900-01-01,9999-12-31,0
CRRNCY_KZT,ISO4217,1900-01-01,9999-12-31,0
CRRNCY_KGS,ISO4217,1900-01-01,9999-12-31,0
CRRNCY_EUR,ISO4217,1900-01-01,9999-12-31,0
CRRNCY_BOB,ISO4217,1900-01-01,9999-12-31,0
CRRNCY_HKD,ISO4217,1900-01-01,9999-12-31,0
CRRNCY_NPR,ISO4217,1900-01-01,9999-12-31,0
CRRNCY_KMF,ISO4217,1900-01-01,9999-12-31,0
CRRNCY_ISK,ISO4217,1900-01-01,9999-12-31,0
CRRNCY_CVE,ISO4217,1900-01-01,9999-12-31,0
CRRNCY_CDF,ISO4217,1900-01-01,9999-12-31,0
CRRNCY_BND,ISO4217,1900-01-01,9999-12-31,0
CRRNCY_XUA,ISO4217,1900-01-01,9999-12-31,0
CRRNCY_NOK,ISO4217,1900-01-01,9999-12-31,0
CRRNCY_SGD,ISO4217,1900-01-01,9999-12-31,0
CRRNCY_GTQ,ISO4217,1900-01-01,9999-12-31,0
CRRNCY_PYG,ISO4217,1900-01-01,9999-12-31,0
CRRNCY_HNL,ISO4217,1900-01-01,9999-12-31,0
CRRNCY_XBD,ISO4217,1900-01-01,9999-12-31,0
CRRNCY_NGN,ISO4217,1900-01-01,9999-12-31,0
CRRNCY_COU,ISO4217,1900-01-01,9999-12-31,0
CRRNCY_CZK,ISO4217,1900-01-01,9999-12-31,0
CRRNCY_SYP,ISO4217,1900-01-01,9999-12-31,0
CRRNCY_SVC,ISO4217,1900-01-01,9999-12-31,0
CRRNCY_GMD,ISO4217,1900-01-01,9999-12-31,0
CRRNCY_BBD,ISO4217,1900-01-01,9999-12-31,0
CRRNCY_AZN,ISO4217,1900-01-01,9999-12-31,0
CRRNCY_MXN,ISO4217,1900-01-01,9999-12-31,0
CRRNCY_STD,ISO4217,1900-01-01,9999-12-31,0
CRRNCY_PLN,ISO4217,1900-01-01,9999-12-31,0
CRRNCY_CLF,ISO4217,1900-01-01,9999-12-31,0
CRRNCY_ZAR,ISO4217,1900-01-01,9999-12-31,0
CRRNCY_RUB,ISO4217,1900-01-01,9999-12-31,0
CRRNCY_MNT,ISO4217,1900-01-01,9999-12-31,0
CRRNCY_KHR,ISO4217,1900-01-01,9999-12-31,0
CRRNCY_LKR,ISO4217,1900-01-01,9999-12-31,0
CRRNCY_XBA,ISO4217,1900-01-01,9999-12-31,0
CRRNCY_BDT,ISO4217,1900-01-01,9999-12-31,0
CRRNCY_SOS,ISO4217,1900-01-01,9999-12-31,0
CRRNCY_JOD,ISO4217,1900-01-01,9999-12-31,0
CRRNCY_COP,ISO4217,1900-01-01,9999-12-31,0
CRRNCY_IDR,ISO4217,1900-01-01,9999-12-31,0
CRRNCY_ZMW,ISO4217,1900-01-01,9999-12-31,0
CRRNCY_DZD,ISO4217,1900-01-01,9999-12-31,0
CRRNCY_CHF,ISO4217,1900-01-01,9999-12-31,0
CRRNCY_TWD,ISO4217,1900-01-01,9999-12-31,0
CRRNCY_USD,ISO4217,1900-01-01,9999-12-31,0
CRRNCY_AUD,ISO4217,1900-01-01,9999-12-31,0
CRRNCY_UAH,ISO4217,1900-01-01,9999-12-31,0
CRRNCY_VES,ISO4217,2018-08-29,9999-12-31,0
CRRNCY_LBP,ISO4217,1900-01-01,9999-12-31,0
CRRNCY_MKD,ISO4217,1900-01-01,9999-12-31,0
CRRNCY_TTD,ISO4217,1900-01-01,9999-12-31,0
CRRNCY_MWK,ISO4217,1900-01-01,9999-12-31,0
CRRNCY_CAD,ISO4217,1900-01-01,9999-12-31,0
CRRNCY_BZD,ISO4217,1900-01-01,9999-12-31,0
CRRNCY_UYI,ISO4217,1900-01-01,9999-12-31,0
CRRNCY_XSU,ISO4217,1900-01-01,9999-12-31,0
CRRNCY_UYW,ISO4217,2018-08-29,9999-12-31,0
CRRNCY_KWD,ISO4217,1900-01-01,9999-12-31,0
CRRNCY_BWP,ISO4217,1900-01-01,9999-12-31,0
CRRNCY_CLP,ISO4217,1900-01-01,9999-12-31,0
CRRNCY_DOP,ISO4217,1900-01-01,9999-12-31,0
CRRNCY_AMD,ISO4217,1900-01-01,9999-12-31,0
CRRNCY_PGK,ISO4217,1900-01-01,9999-12-31,0
CRRNCY_CNY,ISO4217,1900-01-01,9999-12-31,0
CRRNCY_ALL,ISO4217,1900-01-01,9999-12-31,0
CRRNCY_TMT,ISO4217,1900-01-01,9999-12-31,0
CRRNCY_XPT,ISO4217,1900-01-01,9999-12-31,0
CRRNCY_UGX,ISO4217,1900-01-01,9999-12-31,0
CRRNCY_ARS,ISO4217,1900-01-01,9999-12-31,0
CRRNCY_MXV,ISO4217,1900-01-01,9999-12-31,0
CRRNCY_AFN,ISO4217,1900-01-01,9999-12-31,0
CRRNCY_RSD,ISO4217,1900-01-01,9999-12-31,0
CRRNCY_HUF,ISO4217,1900-01-01,9999-12-31,0
CRRNCY_PAB,ISO4217,1900-01-01,9999-12-31,0
CRRNCY_ERN,ISO4217,1900-01-01,9999-12-31,0
CRRNCY_FJD,ISO4217,1900-01-01,9999-12-31,0
CRRNCY_MGA,ISO4217,1900-01-01,9999-12-31,0
CRRNCY_SCR,ISO4217,1900-01-01,9999-12-31,0
CRRNCY_EGP,ISO4217,1900-01-01,9999-12-31,0
CRRNCY_JPY,ISO4217,1900-01-01,9999-12-31,0
CRRNCY_BYN,ISO4217,1900-01-01,9999-12-31,0
CRRNCY_BMD,ISO4217,1900-01-01,9999-12-31,0
CRRNCY_SZL,ISO4217,1900-01-01,9999-12-31,0
CRRNCY_KPW,ISO4217,1900-01-01,9999-12-31,0
CRRNCY_USN,ISO4217,1900-01-01,9999-12-31,0
CRRNCY_FKP,ISO4217,1900-01-01,9999-12-31,0
CRRNCY_ZWL,ISO4217,1900-01-01,9999-12-31,0
CRRNCY_RON,ISO4217,1900-01-01,9999-12-31,0
CRRNCY_VEF,ISO4217,1900-01-01,9999-12-31,0
CRRNCY_AWG,ISO4217,1900-01-01,9999-12-31,0
CRRNCY_AED,ISO4217,1900-01-01,9999-12-31,0
CRRNCY_ILS,ISO4217,1900-01-01,9999-12-31,0
CRRNCY_ETB,ISO4217,1900-01-01,9999-12-31,0
CRRNCY_UYU,ISO4217,1900-01-01,9999-12-31,0
CRRNCY_XOF,ISO4217,1900-01-01,9999-12-31,0
CRRNCY_GYD,ISO4217,1900-01-01,9999-12-31,0
CRRNCY_PKR,ISO4217,1900-01-01,9999-12-31,0
CRRNCY_XPF,ISO4217,1900-01-01,9999-12-31,0
CRRNCY_MRO,ISO4217,1900-01-01,9999-12-31,0
CRRNCY_RWF,ISO4217,1900-01-01,9999-12-31,0
CRRNCY_MAD,ISO4217,1900-01-01,9999-12-31,0
CRRNCY_HRK,ISO4217,1900-01-01,9999-12-31,0
CRRNCY_XCD,ISO4217,1900-01-01,9999-12-31,0
CRRNCY_SAR,ISO4217,1900-01-01,9999-12-31,0
CRRNCY_ANG,ISO4217,1900-01-01,9999-12-31,0
CRRNCY_UZS,ISO4217,1900-01-01,9999-12-31,0
CRRNCY_XDR,ISO4217,1900-01-01,9999-12-31,0
CRRNCY_STN,ISO4217,2018-08-29,9999-12-31,0
CRRNCY_MYR,ISO4217,1900-01-01,9999-12-31,0
CRRNCY_IRR,ISO4217,1900-01-01,9999-12-31,0
CRRNCY_KRW,ISO4217,1900-01-01,9999-12-31,0
CRRNCY_SEK,ISO4217,1900-01-01,9999-12-31,0
CRRNCY_DKK,ISO4217,1900-01-01,9999-12-31,0
CRRNCY_TZS,ISO4217,1900-01-01,9999-12-31,0
CRRNCY_GNF,ISO4217,1900-01-01,9999-12-31,0
CRRNCY_MDL,ISO4217,1900-01-01,9999-12-31,0
CRRNCY_IQD,ISO4217,1900-01-01,9999-12-31,0
CRRNCY_CHE,ISO4217,1900-01-01,9999-12-31,0
CRRNCY_CRC,ISO4217,1900-01-01,9999-12-31,0
CRRNCY_SBD,ISO4217,1900-01-01,9999-12-31,0
CRRNCY_GEL,ISO4217,1900-01-01,9999-12-31,0
CRRNCY_PEN,ISO4217,1900-01-01,9999-12-31,0
CRRNCY_AOA,ISO4217,1900-01-01,9999-12-31,0
CRRNCY_XBB,ISO4217,1900-01-01,9999-12-31,0
CRRNCY_KYD,ISO4217,1900-01-01,9999-12-31,0
CRRNCY_GIP,ISO4217,1900-01-01,9999-12-31,0
CRRNCY_HTG,ISO4217,1900-01-01,9999-12-31,0
CRRNCY_XXX,ISO4217,1900-01-01,9999-12-31,0
CRRNCY_LRD,ISO4217,1900-01-01,9999-12-31,0
CRRNCY_LSL,ISO4217,1900-01-01,9999-12-31,0
CRRNCY_XTS,ISO4217,1900-01-01,9999-12-31,0
CRRNCY_BOV,ISO4217,1900-01-01,9999-12-31,0
CRRNCY_BAM,ISO4217,1900-01-01,9999-12-31,0
CRRNCY_XAF,ISO4217,1900-01-01,9999-12-31,0
CRRNCY_QAR,ISO4217,1900-01-01,9999-12-31,0
CRRNCY_NIO,ISO4217,1900-01-01,9999-12-31,0
CRRNCY_GHS,ISO4217,1900-01-01,9999-12-31,0
CRRNCY_NZD,ISO4217,1900-01-01,9999-12-31,0
CRRNCY_BIF,ISO4217,1900-01-01,9999-12-31,0
CRRNCY_XPD,ISO4217,1900-01-01,9999-12-31,0
CRRNCY_DJF,ISO4217,1900-01-01,9999-12-31,0
CRRNCY_THB,ISO4217,1900-01-01,9999-12-31,0
CRRNCY_NAD,ISO4217,1900-01-01,9999-12-31,0
NEVS_0,NEVS_CLLCTN,1900-01-01,9999-12-31,0
CRRNCY_CHW,ISO4217,1900-01-01,9999-12-31,0
CRRNCY_MUR,ISO4217,1900-01-01,9999-12-31,0
CRRNCY_CUP,ISO4217,1900-01-01,9999-12-31,0
CRRNCY_GBP,ISO4217,1900-01-01,9999-12-31,0
CRRNCY_MZN,ISO4217,1900-01-01,9999-12-31,0
CRRNCY_SDG,ISO4217,1900-01-01,9999-12-31,0
CRRNCY_MVR,ISO4217,1900-01-01,9999-12-31,0
CRRNCY_MMK,ISO4217,1900-01-01,9999-12-31,0
CRRNCY_TND,ISO4217,1900-01-01,9999-12-31,0
CRRNCY_PHP,ISO4217,1900-01-01,9999-12-31,0
CRRNCY_XAG,ISO4217,1900-01-01,9999-12-31,0
CRRNCY_BTN,ISO4217,1900-01-01,9999-12-31,0
CRRNCY_MRU,ISO4217,2018-08-29,9999-12-31,0
CRRNCY_SRD,ISO4217,1900-01-01,9999-12-31,0
CRRNCY_JMD,ISO4217,1900-01-01,9999-12-31,0
CRRNCY_SLL,ISO4217,1900-01-01,9999-12-31,0
CRRNCY_VUV,ISO4217,1900-01-01,9999-12-31,0
CRRNCY_TJS,ISO4217,1900-01-01,9999-12-31,0
CRRNCY_SSP,ISO4217,1900-01-01,9999-12-31,0
CRRNCY_KES,ISO4217,1900-01-01,9999-12-31,0
CRRNCY_TRY,ISO4217,1900-01-01,9999-12-31,0
CRRNCY_XAU,ISO4217,1900-01-01,9999-12-31,0
CRRNCY_BHD,ISO4217,1900-01-01,9999-12-31,0
CRRNCY_VND,ISO4217,1900-01-01,9999-12-31,0
CRRNCY_LAK,ISO4217,1900-01-01,9999-12-31,0
CRRNCY_BSD,ISO4217,1900-01-01,9999-12-31,0
CRRNCY_CUC,ISO4217,1900-01-01,9999-12-31,0
CRRNCY_BRL,ISO4217,1900-01-01,9999-12-31,0
CRRNCY_WST,ISO4217,1900-01-01,9999-12-31,0
CRRNCY_SHP,ISO4217,1900-01-01,9999-12-31,0
CRRNCY_INR,ISO4217,1900-01-01,9999-12-31,0
CRRNCY_TOP,ISO4217,1900-01-01,9999-12-31,0
CRRNCY_LYD,ISO4217,1900-01-01,9999-12-31,0
CRRNCY_XBC,ISO4217,1900-01-01,9999-12-31,0
CRRNCY_BGN,ISO4217,1900-01-01,9999-12-31,0
CRRNCY_OMR,ISO4217,1900-01-01,9999-12-31,0
CRRNCY_MOP,ISO4217,1900-01-01,9999-12-31,0
NEVS_-5,NEVS_CLLCTN,1900-01-01,9999-12-31,0
RCRS_2,RCRS_ANCRDT_CLLCTN,1900-01-01,9999-12-31,0
RCRS_1,RCRS_ANCRDT_CLLCTN,1900-01-01,9999-12-31,0
PRPS_4,PRPS_ANCRDT_CLLCTN,2013-12-01,9999-12-31,0
PRPS_5,PRPS_ANCRDT_CLLCTN,2013-12-01,9999-12-31,0
PRPS_7,PRPS_ANCRDT_CLLCTN,2013-12-01,9999-12-31,0
PRPS_6,PRPS_ANCRDT_CLLCTN,2013-12-01,9999-12-31,0
PRPS_9,PRPS_ANCRDT_CLLCTN,2013-12-01,9999-12-31,0
PRPS_8,PRPS_ANCRDT_CLLCTN,2013-12-01,9999-12-31,0
PRPS_11,PRPS_ANCRDT_CLLCTN,2013-12-01,9999-12-31,0
PRPS_12,PRPS_ANCRDT_CLLCTN,2013-12-01,9999-12-31,0
PRPS_13,PRPS_ANCRDT_CLLCTN,2013-12-01,9999-12-31,0
ENTTY_RL_2,ENTTY_RL_ANCRDT,1900-01-01,9999-12-31,0
ENTTY_RL_3,ENTTY_RL_ANCRDT,1900-01-01,9999-12-31,0
ENTTY_RL_1,ENTTY_RL_ANCRDT,1900-01-01,9999-12-31,0
ENTTY_RL_7,ENTTY_RL_ANCRDT,1900-01-01,9999-12-31,0
NEVS_-5,NEVS_CLLCTN_WTHT_NA,1900-01-01,9999-12-31,0
FDCRY_2,FDCRY_ANCRDT_CLLCTN,1900-01-01,9999-12-31,0
FDCRY_1,FDCRY_ANCRDT_CLLCTN,1900-01-01,9999-12-31,0
RFRNC_RT_5,RFRNC_RT_ANCRDT_CLLCTN,1900-01-01,9999-12-31,0
RFRNC_RT_2,RFRNC_RT_ANCRDT_CLLCTN,1900-01-01,9999-12-31,0
RFRNC_RT_7,RFRNC_RT_ANCRDT_CLLCTN,1900-01-01,9999-12-31,0
RFRNC_RT_9,RFRNC_RT_ANCRDT_CLLCTN,1900-01-01,9999-12-31,0
RFRNC_RT_8,RFRNC_RT_ANCRDT_CLLCTN,1900-01-01,9999-12-31,0
RFRNC_RT_6,RFRNC_RT_ANCRDT_CLLCTN,1900-01-01,9999-12-31,0
RFRNC_RT_3,RFRNC_RT_ANCRDT_CLLCTN,1900-01-01,9999-12-31,0
RFRNC_RT_4,RFRNC_RT_ANCRDT_CLLCTN,1900-01-01,9999-12-31,0
RFRNC_RT_10,RFRNC_RT_ANCRDT_CLLCTN,1900-01-01,9999-12-31,0
RFRNC_RT_78,RFRNC_RT_ANCRDT_CLLCTN,1900-01-01,9999-12-31,0
RFRNC_RT_17,RFRNC_RT_ANCRDT_CLLCTN,1900-01-01,9999-12-31,0
RFRNC_RT_19,RFRNC_RT_ANCRDT_CLLCTN,1900-01-01,9999-12-31,0
RFRNC_RT_76,RFRNC_RT_ANCRDT_CLLCTN,1900-01-01,9999-12-31,0
RFRNC_RT_71,RFRNC_RT_ANCRDT_CLLCTN,1900-01-01,9999-12-31,0
RFRNC_RT_62,RFRNC_RT_ANCRDT_CLLCTN,1900-01-01,9999-12-31,0
RFRNC_RT_65,RFRNC_RT_ANCRDT_CLLCTN,1900-01-01,9999-12-31,0
RFRNC_RT_22,RFRNC_RT_ANCRDT_CLLCTN,1900-01-01,9999-12-31,0
RFRNC_RT_25,RFRNC_RT_ANCRDT_CLLCTN,1900-01-01,9999-12-31,0
RFRNC_RT_44,RFRNC_RT_ANCRDT_CLLCTN,1900-01-01,9999-12-31,0
RFRNC_RT_43,RFRNC_RT_ANCRDT_CLLCTN,1900-01-01,9999-12-31,0
RFRNC_RT_86,RFRNC_RT_ANCRDT_CLLCTN,1900-01-01,9999-12-31,0
RFRNC_RT_81,RFRNC_RT_ANCRDT_CLLCTN,1900-01-01,9999-12-31,0
RFRNC_RT_88,RFRNC_RT_ANCRDT_CLLCTN,1900-01-01,9999-12-31,0
RFRNC_RT_92,RFRNC_RT_ANCRDT_CLLCTN,1900-01-01,9999-12-31,0
RFRNC_RT_95,RFRNC_RT_ANCRDT_CLLCTN,1900-01-01,9999-12-31,0
RFRNC_RT_50,RFRNC_RT_ANCRDT_CLLCTN,1900-01-01,9999-12-31,0
RFRNC_RT_38,RFRNC_RT_ANCRDT_CLLCTN,1900-01-01,9999-12-31,0
RFRNC_RT_57,RFRNC_RT_ANCRDT_CLLCTN,1900-01-01,9999-12-31,0
RFRNC_RT_59,RFRNC_RT_ANCRDT_CLLCTN,1900-01-01,9999-12-31,0
RFRNC_RT_36,RFRNC_RT_ANCRDT_CLLCTN,1900-01-01,9999-12-31,0
RFRNC_RT_31,RFRNC_RT_ANCRDT_CLLCTN,1900-01-01,9999-12-31,0
RFRNC_RT_74,RFRNC_RT_ANCRDT_CLLCTN,1900-01-01,9999-12-31,0
RFRNC_RT_73,RFRNC_RT_ANCRDT_CLLCTN,1900-01-01,9999-12-31,0
RFRNC_RT_12,RFRNC_RT_ANCRDT_CLLCTN,1900-01-01,9999-12-31,0
RFRNC_RT_15,RFRNC_RT_ANCRDT_CLLCTN,1900-01-01,9999-12-31,0
RFRNC_RT_69,RFRNC_RT_ANCRDT_CLLCTN,1900-01-01,9999-12-31,0
RFRNC_RT_60,RFRNC_RT_ANCRDT_CLLCTN,1900-01-01,9999-12-31,0
RFRNC_RT_67,RFRNC_RT_ANCRDT_CLLCTN,1900-01-01,9999-12-31,0
RFRNC_RT_46,RFRNC_RT_ANCRDT_CLLCTN,1900-01-01,9999-12-31,0
RFRNC_RT_29,RFRNC_RT_ANCRDT_CLLCTN,1900-01-01,9999-12-31,0
RFRNC_RT_41,RFRNC_RT_ANCRDT_CLLCTN,1900-01-01,9999-12-31,0
RFRNC_RT_20,RFRNC_RT_ANCRDT_CLLCTN,1900-01-01,9999-12-31,0
RFRNC_RT_27,RFRNC_RT_ANCRDT_CLLCTN,1900-01-01,9999-12-31,0
RFRNC_RT_48,RFRNC_RT_ANCRDT_CLLCTN,1900-01-01,9999-12-31,0
RFRNC_RT_84,RFRNC_RT_ANCRDT_CLLCTN,1900-01-01,9999-12-31,0
RFRNC_RT_83,RFRNC_RT_ANCRDT_CLLCTN,1900-01-01,9999-12-31,0
RFRNC_RT_90,RFRNC_RT_ANCRDT_CLLCTN,1900-01-01,9999-12-31,0
RFRNC_RT_97,RFRNC_RT_ANCRDT_CLLCTN,1900-01-01,9999-12-31,0
RFRNC_RT_99,RFRNC_RT_ANCRDT_CLLCTN,1900-01-01,9999-12-31,0
RFRNC_RT_34,RFRNC_RT_ANCRDT_CLLCTN,1900-01-01,9999-12-31,0
RFRNC_RT_33,RFRNC_RT_ANCRDT_CLLCTN,1900-01-01,9999-12-31,0
RFRNC_RT_52,RFRNC_RT_ANCRDT_CLLCTN,1900-01-01,9999-12-31,0
RFRNC_RT_55,RFRNC_RT_ANCRDT_CLLCTN,1900-01-01,9999-12-31,0
RFRNC_RT_14,RFRNC_RT_ANCRDT_CLLCTN,1900-01-01,9999-12-31,0
RFRNC_RT_13,RFRNC_RT_ANCRDT_CLLCTN,1900-01-01,9999-12-31,0
RFRNC_RT_72,RFRNC_RT_ANCRDT_CLLCTN,1900-01-01,9999-12-31,0
RFRNC_RT_75,RFRNC_RT_ANCRDT_CLLCTN,1900-01-01,9999-12-31,0
RFRNC_RT_66,RFRNC_RT_ANCRDT_CLLCTN,1900-01-01,9999-12-31,0
RFRNC_RT_61,RFRNC_RT_ANCRDT_CLLCTN,1900-01-01,9999-12-31,0
RFRNC_RT_68,RFRNC_RT_ANCRDT_CLLCTN,1900-01-01,9999-12-31,0
RFRNC_RT_82,RFRNC_RT_ANCRDT_CLLCTN,1900-01-01,9999-12-31,0
RFRNC_RT_85,RFRNC_RT_ANCRDT_CLLCTN,1900-01-01,9999-12-31,0
RFRNC_RT_49,RFRNC_RT_ANCRDT_CLLCTN,1900-01-01,9999-12-31,0
RFRNC_RT_26,RFRNC_RT_ANCRDT_CLLCTN,1900-01-01,9999-12-31,0
RFRNC_RT_21,RFRNC_RT_ANCRDT_CLLCTN,1900-01-01,9999-12-31,0
RFRNC_RT_40,RFRNC_RT_ANCRDT_CLLCTN,1900-01-01,9999-12-31,0
RFRNC_RT_28,RFRNC_RT_ANCRDT_CLLCTN,1900-01-01,9999-12-31,0
RFRNC_RT_47,RFRNC_RT_ANCRDT_CLLCTN,1900-01-01,9999-12-31,0
RFRNC_RT_54,RFRNC_RT_ANCRDT_CLLCTN,1900-01-01,9999-12-31,0
RFRNC_RT_53,RFRNC_RT_ANCRDT_CLLCTN,1900-01-01,9999-12-31,0
RFRNC_RT_32,RFRNC_RT_ANCRDT_CLLCTN,1900-01-01,9999-12-31,0
RFRNC_RT_35,RFRNC_RT_ANCRDT_CLLCTN,1900-01-01,9999-12-31,0
RFRNC_RT_98,RFRNC_RT_ANCRDT_CLLCTN,1900-01-01,9999-12-31,0
RFRNC_RT_96,RFRNC_RT_ANCRDT_CLLCTN,1900-01-01,9999-12-31,0
RFRNC_RT_91,RFRNC_RT_ANCRDT_CLLCTN,1900-01-01,9999-12-31,0
RFRNC_RT_70,RFRNC_RT_ANCRDT_CLLCTN,1900-01-01,9999-12-31,0
RFRNC_RT_77,RFRNC_RT_ANCRDT_CLLCTN,1900-01-01,9999-12-31,0
RFRNC_RT_18,RFRNC_RT_ANCRDT_CLLCTN,1900-01-01,9999-12-31,0
RFRNC_RT_16,RFRNC_RT_ANCRDT_CLLCTN,1900-01-01,9999-12-31,0
RFRNC_RT_79,RFRNC_RT_ANCRDT_CLLCTN,1900-01-01,9999-12-31,0
RFRNC_RT_11,RFRNC_RT_ANCRDT_CLLCTN,1900-01-01,9999-12-31,0
RFRNC_RT_64,RFRNC_RT_ANCRDT_CLLCTN,1900-01-01,9999-12-31,0
RFRNC_RT_63,RFRNC_RT_ANCRDT_CLLCTN,1900-01-01,9999-12-31,0
RFRNC_RT_89,RFRNC_RT_ANCRDT_CLLCTN,1900-01-01,9999-12-31,0
RFRNC_RT_80,RFRNC_RT_ANCRDT_CLLCTN,1900-01-01,9999-12-31,0
RFRNC_RT_87,RFRNC_RT_ANCRDT_CLLCTN,1900-01-01,9999-12-31,0
RFRNC_RT_42,RFRNC_RT_ANCRDT_CLLCTN,1900-01-01,9999-12-31,0
RFRNC_RT_45,RFRNC_RT_ANCRDT_CLLCTN,1900-01-01,9999-12-31,0
RFRNC_RT_24,RFRNC_RT_ANCRDT_CLLCTN,1900-01-01,9999-12-31,0
RFRNC_RT_23,RFRNC_RT_ANCRDT_CLLCTN,1900-01-01,9999-12-31,0
RFRNC_RT_30,RFRNC_RT_ANCRDT_CLLCTN,1900-01-01,9999-12-31,0
RFRNC_RT_37,RFRNC_RT_ANCRDT_CLLCTN,1900-01-01,9999-12-31,0
RFRNC_RT_58,RFRNC_RT_ANCRDT_CLLCTN,1900-01-01,9999-12-31,0
RFRNC_RT_56,RFRNC_RT_ANCRDT_CLLCTN,1900-01-01,9999-12-31,0
RFRNC_RT_39,RFRNC_RT_ANCRDT_CLLCTN,1900-01-01,9999-12-31,0
RFRNC_RT_51,RFRNC_RT_ANCRDT_CLLCTN,1900-01-01,9999-12-31,0
RFRNC_RT_94,RFRNC_RT_ANCRDT_CLLCTN,1900-01-01,9999-12-31,0
RFRNC_RT_93,RFRNC_RT_ANCRDT_CLLCTN,1900-01-01,9999-12-31,0
RFRNC_RT_101,RFRNC_RT_ANCRDT_CLLCTN,1900-01-01,9999-12-31,0
RFRNC_RT_106,RFRNC_RT_ANCRDT_CLLCTN,1900-01-01,9999-12-31,0
RFRNC_RT_108,RFRNC_RT_ANCRDT_CLLCTN,1900-01-01,9999-12-31,0
FRQNCY_8,FRQNCY_PYMNT_ANCRDT_CLLCTN,1900-01-01,9999-12-31,0
RFRNC_RT_115,RFRNC_RT_ANCRDT_CLLCTN,1900-01-01,9999-12-31,0
RFRNC_RT_112,RFRNC_RT_ANCRDT_CLLCTN,1900-01-01,9999-12-31,0
RFRNC_RT_133,RFRNC_RT_ANCRDT_CLLCTN,1900-01-01,9999-12-31,0
RFRNC_RT_134,RFRNC_RT_ANCRDT_CLLCTN,1900-01-01,9999-12-31,0
RFRNC_RT_152,RFRNC_RT_ANCRDT_CLLCTN,1900-01-01,9999-12-31,0
RFRNC_RT_141,RFRNC_RT_ANCRDT_CLLCTN,1900-01-01,9999-12-31,0
RFRNC_RT_146,RFRNC_RT_ANCRDT_CLLCTN,1900-01-01,9999-12-31,0
RFRNC_RT_129,RFRNC_RT_ANCRDT_CLLCTN,1900-01-01,9999-12-31,0
RFRNC_RT_127,RFRNC_RT_ANCRDT_CLLCTN,1900-01-01,9999-12-31,0
RFRNC_RT_148,RFRNC_RT_ANCRDT_CLLCTN,1900-01-01,9999-12-31,0
RFRNC_RT_120,RFRNC_RT_ANCRDT_CLLCTN,1900-01-01,9999-12-31,0
RFRNC_RT_103,RFRNC_RT_ANCRDT_CLLCTN,1900-01-01,9999-12-31,0
RFRNC_RT_104,RFRNC_RT_ANCRDT_CLLCTN,1900-01-01,9999-12-31,0
FRQNCY_1,FRQNCY_PYMNT_ANCRDT_CLLCTN,1900-01-01,9999-12-31,0
RFRNC_RT_117,RFRNC_RT_ANCRDT_CLLCTN,1900-01-01,9999-12-31,0
RFRNC_RT_110,RFRNC_RT_ANCRDT_CLLCTN,1900-01-01,9999-12-31,0
RFRNC_RT_119,RFRNC_RT_ANCRDT_CLLCTN,1900-01-01,9999-12-31,0
RFRNC_RT_138,RFRNC_RT_ANCRDT_CLLCTN,1900-01-01,9999-12-31,0
RFRNC_RT_150,RFRNC_RT_ANCRDT_CLLCTN,1900-01-01,9999-12-31,0
RFRNC_RT_131,RFRNC_RT_ANCRDT_CLLCTN,1900-01-01,9999-12-31,0
RFRNC_RT_136,RFRNC_RT_ANCRDT_CLLCTN,1900-01-01,9999-12-31,0
RFRNC_RT_125,RFRNC_RT_ANCRDT_CLLCTN,1900-01-01,9999-12-31,0
RFRNC_RT_122,RFRNC_RT_ANCRDT_CLLCTN,1900-01-01,9999-12-31,0
RFRNC_RT_143,RFRNC_RT_ANCRDT_CLLCTN,1900-01-01,9999-12-31,0
RFRNC_RT_144,RFRNC_RT_ANCRDT_CLLCTN,1900-01-01,9999-12-31,0
RFRNC_RT_105,RFRNC_RT_ANCRDT_CLLCTN,1900-01-01,9999-12-31,0
RFRNC_RT_102,RFRNC_RT_ANCRDT_CLLCTN,1900-01-01,9999-12-31,0
RFRNC_RT_118,RFRNC_RT_ANCRDT_CLLCTN,1900-01-01,9999-12-31,0
RFRNC_RT_111,RFRNC_RT_ANCRDT_CLLCTN,1900-01-01,9999-12-31,0
RFRNC_RT_116,RFRNC_RT_ANCRDT_CLLCTN,1900-01-01,9999-12-31,0
RFRNC_RT_137,RFRNC_RT_ANCRDT_CLLCTN,1900-01-01,9999-12-31,0
RFRNC_RT_130,RFRNC_RT_ANCRDT_CLLCTN,1900-01-01,9999-12-31,0
RFRNC_RT_151,RFRNC_RT_ANCRDT_CLLCTN,1900-01-01,9999-12-31,0
RFRNC_RT_139,RFRNC_RT_ANCRDT_CLLCTN,1900-01-01,9999-12-31,0
RFRNC_RT_145,RFRNC_RT_ANCRDT_CLLCTN,1900-01-01,9999-12-31,0
RFRNC_RT_142,RFRNC_RT_ANCRDT_CLLCTN,1900-01-01,9999-12-31,0
RFRNC_RT_123,RFRNC_RT_ANCRDT_CLLCTN,1900-01-01,9999-12-31,0
RFRNC_RT_124,RFRNC_RT_ANCRDT_CLLCTN,1900-01-01,9999-12-31,0
RFRNC_RT_109,RFRNC_RT_ANCRDT_CLLCTN,1900-01-01,9999-12-31,0
RFRNC_RT_107,RFRNC_RT_ANCRDT_CLLCTN,1900-01-01,9999-12-31,0
RFRNC_RT_100,RFRNC_RT_ANCRDT_CLLCTN,1900-01-01,9999-12-31,0
RFRNC_RT_113,RFRNC_RT_ANCRDT_CLLCTN,1900-01-01,9999-12-31,0
RFRNC_RT_114,RFRNC_RT_ANCRDT_CLLCTN,1900-01-01,9999-12-31,0
FRQNCY_4,FRQNCY_PYMNT_ANCRDT_CLLCTN,1900-01-01,9999-12-31,0
RFRNC_RT_135,RFRNC_RT_ANCRDT_CLLCTN,1900-01-01,9999-12-31,0
RFRNC_RT_132,RFRNC_RT_ANCRDT_CLLCTN,1900-01-01,9999-12-31,0
RFRNC_RT_121,RFRNC_RT_ANCRDT_CLLCTN,1900-01-01,9999-12-31,0
RFRNC_RT_149,RFRNC_RT_ANCRDT_CLLCTN,1900-01-01,9999-12-31,0
RFRNC_RT_126,RFRNC_RT_ANCRDT_CLLCTN,1900-01-01,9999-12-31,0
RFRNC_RT_128,RFRNC_RT_ANCRDT_CLLCTN,1900-01-01,9999-12-31,0
RFRNC_RT_147,RFRNC_RT_ANCRDT_CLLCTN,1900-01-01,9999-12-31,0
RFRNC_RT_140,RFRNC_RT_ANCRDT_CLLCTN,1900-01-01,9999-12-31,0
FRQNCY_15,FRQNCY_PYMNT_ANCRDT_CLLCTN,1900-01-01,9999-12-31,0
FRQNCY_22,FRQNCY_PYMNT_ANCRDT_CLLCTN,1900-01-01,9999-12-31,0
FRQNCY_19,FRQNCY_PYMNT_ANCRDT_CLLCTN,1900-01-01,9999-12-31,0
FRQNCY_18,FRQNCY_PYMNT_ANCRDT_CLLCTN,1900-01-01,9999-12-31,0
GGRPHCL_ARS_KN,ISO3166_DSJNT_C_CLLCTN,1900-01-01,9999-12-31,0
GGRPHCL_ARS_HR04A,NUTS3_ANCRDT_CLLCTN,1900-01-01,9999-12-31,0
GGRPHCL_ARS_BG321,NUTS3_ANCRDT_CLLCTN,1900-01-01,9999-12-31,0
GGRPHCL_ARS_MA,ISO3166_DSJNT_C_CLLCTN,1900-01-01,9999-12-31,0
GGRPHCL_ARS_LV003,NUTS3_ANCRDT_CLLCTN,1900-01-01,9999-12-31,0
GGRPHCL_ARS_FRC22,NUTS3_ANCRDT_CLLCTN,1900-01-01,9999-12-31,0
GGRPHCL_ARS_FRJ28,NUTS3_ANCRDT_CLLCTN,1900-01-01,9999-12-31,0
GGRPHCL_ARS_RO315,NUTS3_ANCRDT_CLLCTN,1900-01-01,9999-12-31,0
GGRPHCL_ARS_FRB04,NUTS3_ANCRDT_CLLCTN,1900-01-01,9999-12-31,0
GGRPHCL_ARS_RO113,NUTS3_ANCRDT_CLLCTN,1900-01-01,9999-12-31,0
GGRPHCL_ARS_TH,ISO3166_DSJNT_C_CLLCTN,1900-01-01,9999-12-31,0
GGRPHCL_ARS_GP,ISO3166_DSJNT_C_CLLCTN,1900-01-01,9999-12-31,0
GGRPHCL_ARS_EL305,NUTS3_ANCRDT_CLLCTN,1900-01-01,9999-12-31,0
GGRPHCL_ARS_AX,ISO3166_DSJNT_C_CLLCTN,1900-01-01,9999-12-31,0
GGRPHCL_ARS_ITH53,NUTS3_ANCRDT_CLLCTN,1900-01-01,9999-12-31,0
GGRPHCL_ARS_ITC15,NUTS3_ANCRDT_CLLCTN,1900-01-01,9999-12-31,0
GGRPHCL_ARS_ITG26,NUTS3_ANCRDT_CLLCTN,1900-01-01,9999-12-31,0
GGRPHCL_ARS_LT028,NUTS3_ANCRDT_CLLCTN,1900-01-01,9999-12-31,0
GGRPHCL_ARS_ITG19,NUTS3_ANCRDT_CLLCTN,1900-01-01,9999-12-31,0
GGRPHCL_ARS_TO,ISO3166_DSJNT_C_CLLCTN,1900-01-01,9999-12-31,0
GGRPHCL_ARS_GW,ISO3166_DSJNT_C_CLLCTN,1900-01-01,9999-12-31,0
GGRPHCL_ARS_KI,ISO3166_DSJNT_C_CLLCTN,1900-01-01,9999-12-31,0
GGRPHCL_ARS_DE145,NUTS3_ANCRDT_CLLCTN,1900-01-01,9999-12-31,0
GGRPHCL_ARS_MF,ISO3166_DSJNT_C_CLLCTN,1900-01-01,9999-12-31,0
GGRPHCL_ARS_DE923,NUTS3_ANCRDT_CLLCTN,1900-01-01,9999-12-31,0
GGRPHCL_ARS_DEG0K,NUTS3_ANCRDT_CLLCTN,1900-01-01,9999-12-31,0
GGRPHCL_ARS_BE335,NUTS3_ANCRDT_CLLCTN,1900-01-01,9999-12-31,0
GGRPHCL_ARS_BE213,NUTS3_ANCRDT_CLLCTN,1900-01-01,9999-12-31,0
GGRPHCL_ARS_DE265,NUTS3_ANCRDT_CLLCTN,1900-01-01,9999-12-31,0
GGRPHCL_ARS_LUZZZ,NUTS3_ANCRDT_CLLCTN,1900-01-01,9999-12-31,0
GGRPHCL_ARS_GY,ISO3166_DSJNT_C_CLLCTN,1900-01-01,9999-12-31,0
GGRPHCL_ARS_DED43,NUTS3_ANCRDT_CLLCTN,1900-01-01,9999-12-31,0
GGRPHCL_ARS_DEA56,NUTS3_ANCRDT_CLLCTN,1900-01-01,9999-12-31,0
GGRPHCL_ARS_DE40G,NUTS3_ANCRDT_CLLCTN,1900-01-01,9999-12-31,0
GGRPHCL_ARS_DE11B,NUTS3_ANCRDT_CLLCTN,1900-01-01,9999-12-31,0
GGRPHCL_ARS_AT224,NUTS3_ANCRDT_CLLCTN,1900-01-01,9999-12-31,0
GGRPHCL_ARS_DEA23,NUTS3_ANCRDT_CLLCTN,1900-01-01,9999-12-31,0
GGRPHCL_ARS_PL616,NUTS3_ANCRDT_CLLCTN,1900-01-01,9999-12-31,0
GGRPHCL_ARS_PL225,NUTS3_ANCRDT_CLLCTN,1900-01-01,9999-12-31,0
GGRPHCL_ARS_MH,ISO3166_DSJNT_C_CLLCTN,1900-01-01,9999-12-31,0
GGRPHCL_ARS_ITC4B,NUTS3_ANCRDT_CLLCTN,1900-01-01,9999-12-31,0
GGRPHCL_ARS_KG,ISO3166_DSJNT_C_CLLCTN,1900-01-01,9999-12-31,0
GGRPHCL_ARS_IE023,NUTS3_ANCRDT_CLLCTN,1900-01-01,9999-12-31,0
GGRPHCL_ARS_SE331,NUTS3_ANCRDT_CLLCTN,1900-01-01,9999-12-31,0
GGRPHCL_ARS_FR108,NUTS3_ANCRDT_CLLCTN,1900-01-01,9999-12-31,0
GGRPHCL_ARS_FR262,NUTS3_ANCRDT_CLLCTN,1900-01-01,9999-12-31,0
GGRPHCL_ARS_MO,ISO3166_DSJNT_C_CLLCTN,1900-01-01,9999-12-31,0
GGRPHCL_ARS_FR422,NUTS3_ANCRDT_CLLCTN,1900-01-01,9999-12-31,0
GGRPHCL_ARS_FR624,NUTS3_ANCRDT_CLLCTN,1900-01-01,9999-12-31,0
GGRPHCL_ARS_PT16H,NUTS3_ANCRDT_CLLCTN,1900-01-01,9999-12-31,0
GGRPHCL_ARS_TF,ISO3166_DSJNT_C_CLLCTN,1900-01-01,9999-12-31,0
GGRPHCL_ARS_UKJ14,NUTS3_ANCRDT_CLLCTN,1900-01-01,2021-01-31,0
GGRPHCL_ARS_ES413,NUTS3_ANCRDT_CLLCTN,1900-01-01,9999-12-31,0
GGRPHCL_ARS_UKI34,NUTS3_ANCRDT_CLLCTN,1900-01-01,2021-01-31,0
GGRPHCL_ARS_ES300,NUTS3_ANCRDT_CLLCTN,1900-01-01,9999-12-31,0
GGRPHCL_ARS_UKL21,NUTS3_ANCRDT_CLLCTN,1900-01-01,2021-01-31,0
GGRPHCL_ARS_UKH12,NUTS3_ANCRDT_CLLCTN,1900-01-01,2021-01-31,0
GGRPHCL_ARS_UKD47,NUTS3_ANCRDT_CLLCTN,1900-01-01,2021-01-31,0
GGRPHCL_ARS_ES615,NUTS3_ANCRDT_CLLCTN,1900-01-01,9999-12-31,0
GGRPHCL_ARS_UKC21,NUTS3_ANCRDT_CLLCTN,1900-01-01,2021-01-31,0
GGRPHCL_ARS_UKG12,NUTS3_ANCRDT_CLLCTN,1900-01-01,2021-01-31,0
GGRPHCL_ARS_AQ,ISO3166_DSJNT_C_CLLCTN,1900-01-01,9999-12-31,0
GGRPHCL_ARS_UKI41,NUTS3_ANCRDT_CLLCTN,1900-01-01,2021-01-31,0
GGRPHCL_ARS_UKM72,NUTS3_ANCRDT_CLLCTN,1900-01-01,2021-01-31,0
GGRPHCL_ARS_UKM38,NUTS3_ANCRDT_CLLCTN,1900-01-01,2021-01-31,0
GGRPHCL_ARS_HR063,NUTS3_ANCRDT_CLLCTN,1900-01-01,9999-12-31,0
GGRPHCL_ARS_NL333,NUTS3_ANCRDT_CLLCTN,1900-01-01,9999-12-31,0
GGRPHCL_ARS_MT,ISO3166_DSJNT_C_CLLCTN,1900-01-01,9999-12-31,0
GGRPHCL_ARS_SE125,NUTS3_ANCRDT_CLLCTN,1900-01-01,9999-12-31,0
GGRPHCL_ARS_ES114,NUTS3_ANCRDT_CLLCTN,1900-01-01,9999-12-31,0
GGRPHCL_ARS_GE,ISO3166_DSJNT_C_CLLCTN,1900-01-01,9999-12-31,0
GGRPHCL_ARS_NL321,NUTS3_ANCRDT_CLLCTN,1900-01-01,9999-12-31,0
GGRPHCL_ARS_FI197,NUTS3_ANCRDT_CLLCTN,1900-01-01,9999-12-31,0
GGRPHCL_ARS_ES241,NUTS3_ANCRDT_CLLCTN,1900-01-01,9999-12-31,0
GGRPHCL_ARS_UKI53,NUTS3_ANCRDT_CLLCTN,1900-01-01,2021-01-31,0
GGRPHCL_ARS_PL822,NUTS3_ANCRDT_CLLCTN,1900-01-01,9999-12-31,0
GGRPHCL_ARS_DE91C,NUTS3_ANCRDT_CLLCTN,1900-01-01,9999-12-31,0
GGRPHCL_ARS_PL128,NUTS3_ANCRDT_CLLCTN,1900-01-01,9999-12-31,0
GGRPHCL_ARS_GB,ISO3166_DSJNT_C_CLLCTN,1900-01-01,9999-12-31,0
GGRPHCL_ARS_TZ,ISO3166_DSJNT_C_CLLCTN,1900-01-01,9999-12-31,0
GGRPHCL_ARS_DEA44,NUTS3_ANCRDT_CLLCTN,1900-01-01,9999-12-31,0
GGRPHCL_ARS_DED51,NUTS3_ANCRDT_CLLCTN,1900-01-01,9999-12-31,0
GGRPHCL_ARS_DEG04,NUTS3_ANCRDT_CLLCTN,1900-01-01,9999-12-31,0
GGRPHCL_ARS_DE80J,NUTS3_ANCRDT_CLLCTN,1900-01-01,9999-12-31,0
GGRPHCL_ARS_DEB11,NUTS3_ANCRDT_CLLCTN,1900-01-01,9999-12-31,0
GGRPHCL_ARS_PL524,NUTS3_ANCRDT_CLLCTN,1900-01-01,9999-12-31,0
GGRPHCL_ARS_PL117,NUTS3_ANCRDT_CLLCTN,1900-01-01,9999-12-31,0
GGRPHCL_ARS_DEE02,NUTS3_ANCRDT_CLLCTN,1900-01-01,9999-12-31,0
GGRPHCL_ARS_DEA31,NUTS3_ANCRDT_CLLCTN,1900-01-01,9999-12-31,0
GGRPHCL_ARS_AM,ISO3166_DSJNT_C_CLLCTN,1900-01-01,9999-12-31,0
GGRPHCL_ARS_PL311,NUTS3_ANCRDT_CLLCTN,1900-01-01,9999-12-31,0
GGRPHCL_ARS_EE008,NUTS3_ANCRDT_CLLCTN,1900-01-01,9999-12-31,0
GGRPHCL_ARS_PL722,NUTS3_ANCRDT_CLLCTN,1900-01-01,9999-12-31,0
GGRPHCL_ARS_RU,ISO3166_DSJNT_C_CLLCTN,1900-01-01,9999-12-31,0
GGRPHCL_ARS_MS,ISO3166_DSJNT_C_CLLCTN,1900-01-01,9999-12-31,0
GGRPHCL_ARS_LT005,NUTS3_ANCRDT_CLLCTN,1900-01-01,9999-12-31,0
GGRPHCL_ARS_ITH41,NUTS3_ANCRDT_CLLCTN,1900-01-01,9999-12-31,0
GGRPHCL_ARS_CZ031,NUTS3_ANCRDT_CLLCTN,1900-01-01,9999-12-31,0
GGRPHCL_ARS_ITF12,NUTS3_ANCRDT_CLLCTN,1900-01-01,9999-12-31,0
GGRPHCL_ARS_ITH34,NUTS3_ANCRDT_CLLCTN,1900-01-01,9999-12-31,0
GGRPHCL_ARS_TT,ISO3166_DSJNT_C_CLLCTN,1900-01-01,9999-12-31,0
GGRPHCL_ARS_ITI12,NUTS3_ANCRDT_CLLCTN,1900-01-01,9999-12-31,0
GGRPHCL_ARS_GL,ISO3166_DSJNT_C_CLLCTN,1900-01-01,9999-12-31,0
GGRPHCL_ARS_DEB3C,NUTS3_ANCRDT_CLLCTN,1900-01-01,9999-12-31,0
GGRPHCL_ARS_KR,ISO3166_DSJNT_C_CLLCTN,1900-01-01,9999-12-31,0
GGRPHCL_ARS_BE352,NUTS3_ANCRDT_CLLCTN,1900-01-01,9999-12-31,0
GGRPHCL_ARS_DE944,NUTS3_ANCRDT_CLLCTN,1900-01-01,9999-12-31,0
GGRPHCL_ARS_DE122,NUTS3_ANCRDT_CLLCTN,1900-01-01,9999-12-31,0
GGRPHCL_ARS_DE248,NUTS3_ANCRDT_CLLCTN,1900-01-01,9999-12-31,0
GGRPHCL_ARS_DE717,NUTS3_ANCRDT_CLLCTN,1900-01-01,9999-12-31,0
GGRPHCL_ARS_DEA1C,NUTS3_ANCRDT_CLLCTN,1900-01-01,9999-12-31,0
GGRPHCL_ARS_DE408,NUTS3_ANCRDT_CLLCTN,1900-01-01,9999-12-31,0
GGRPHCL_ARS_BE327,NUTS3_ANCRDT_CLLCTN,1900-01-01,9999-12-31,0
GGRPHCL_ARS_DE931,NUTS3_ANCRDT_CLLCTN,1900-01-01,9999-12-31,0
GGRPHCL_ARS_DE277,NUTS3_ANCRDT_CLLCTN,1900-01-01,9999-12-31,0
GGRPHCL_ARS_BG333,NUTS3_ANCRDT_CLLCTN,1900-01-01,9999-12-31,0
GGRPHCL_ARS_MZ,ISO3166_DSJNT_C_CLLCTN,1900-01-01,9999-12-31,0
GGRPHCL_ARS_FRG03,NUTS3_ANCRDT_CLLCTN,1900-01-01,9999-12-31,0
GGRPHCL_ARS_RO221,NUTS3_ANCRDT_CLLCTN,1900-01-01,9999-12-31,0
GGRPHCL_ARS_AD,ISO3166_DSJNT_C_CLLCTN,1900-01-01,9999-12-31,0
GGRPHCL_ARS_PT112,NUTS3_ANCRDT_CLLCTN,1900-01-01,9999-12-31,0
GGRPHCL_ARS_RO414,NUTS3_ANCRDT_CLLCTN,1900-01-01,9999-12-31,0
GGRPHCL_ARS_EL522,NUTS3_ANCRDT_CLLCTN,1900-01-01,9999-12-31,0
GGRPHCL_ARS_FRK23,NUTS3_ANCRDT_CLLCTN,1900-01-01,9999-12-31,0
GGRPHCL_ARS_FRH03,NUTS3_ANCRDT_CLLCTN,1900-01-01,9999-12-31,0
GGRPHCL_ARS_LY,ISO3166_DSJNT_C_CLLCTN,1900-01-01,9999-12-31,0
GGRPHCL_ARS_ITI43,NUTS3_ANCRDT_CLLCTN,1900-01-01,9999-12-31,0
TYP_TRNSFR_6,TYP_TRNSFR_ANCRDT_CLLCTN,1900-01-01,9999-12-31,0
GGRPHCL_ARS_LT021,NUTS3_ANCRDT_CLLCTN,1900-01-01,9999-12-31,0
GGRPHCL_ARS_ITF43,NUTS3_ANCRDT_CLLCTN,1900-01-01,9999-12-31,0
GGRPHCL_ARS_ITH10,NUTS3_ANCRDT_CLLCTN,1900-01-01,9999-12-31,0
GGRPHCL_ARS_DEE0D,NUTS3_ANCRDT_CLLCTN,1900-01-01,9999-12-31,0
GGRPHCL_ARS_DE300,NUTS3_ANCRDT_CLLCTN,1900-01-01,9999-12-31,0
GGRPHCL_ARS_DE733,NUTS3_ANCRDT_CLLCTN,1900-01-01,9999-12-31,0
GGRPHCL_ARS_DE226,NUTS3_ANCRDT_CLLCTN,1900-01-01,9999-12-31,0
GGRPHCL_ARS_DEG0B,NUTS3_ANCRDT_CLLCTN,1900-01-01,9999-12-31,0
GGRPHCL_ARS_DE219,NUTS3_ANCRDT_CLLCTN,1900-01-01,9999-12-31,0
GGRPHCL_ARS_SI033,NUTS3_ANCRDT_CLLCTN,1900-01-01,9999-12-31,0
GGRPHCL_ARS_DE253,NUTS3_ANCRDT_CLLCTN,1900-01-01,9999-12-31,0
GGRPHCL_ARS_DE139,NUTS3_ANCRDT_CLLCTN,1900-01-01,9999-12-31,0
GGRPHCL_ARS_DE915,NUTS3_ANCRDT_CLLCTN,1900-01-01,9999-12-31,0
GGRPHCL_ARS_BE225,NUTS3_ANCRDT_CLLCTN,1900-01-01,9999-12-31,0
GGRPHCL_ARS_FO,ISO3166_DSJNT_C_CLLCTN,1900-01-01,9999-12-31,0
GGRPHCL_ARS_SX,ISO3166_DSJNT_C_CLLCTN,1900-01-01,9999-12-31,0
GGRPHCL_ARS_FRE21,NUTS3_ANCRDT_CLLCTN,1900-01-01,9999-12-31,0
GGRPHCL_ARS_EL653,NUTS3_ANCRDT_CLLCTN,1900-01-01,9999-12-31,0
GGRPHCL_ARS_RO125,NUTS3_ANCRDT_CLLCTN,1900-01-01,9999-12-31,0
GGRPHCL_ARS_FRC14,NUTS3_ANCRDT_CLLCTN,1900-01-01,9999-12-31,0
GGRPHCL_ARS_FRJ21,NUTS3_ANCRDT_CLLCTN,1900-01-01,9999-12-31,0
GGRPHCL_ARS_UKM91,NUTS3_ANCRDT_CLLCTN,1900-01-01,2021-01-31,0
GGRPHCL_ARS_SE221,NUTS3_ANCRDT_CLLCTN,1900-01-01,9999-12-31,0
GGRPHCL_ARS_SV,ISO3166_DSJNT_C_CLLCTN,1900-01-01,9999-12-31,0
GGRPHCL_ARS_FR221,NUTS3_ANCRDT_CLLCTN,1900-01-01,9999-12-31,0
GGRPHCL_ARS_FR612,NUTS3_ANCRDT_CLLCTN,1900-01-01,9999-12-31,0
GGRPHCL_ARS_UY,ISO3166_DSJNT_C_CLLCTN,1900-01-01,9999-12-31,0
GGRPHCL_ARS_PT11D,NUTS3_ANCRDT_CLLCTN,1900-01-01,9999-12-31,0
GGRPHCL_ARS_FR414,NUTS3_ANCRDT_CLLCTN,1900-01-01,9999-12-31,0
GGRPHCL_ARS_FR532,NUTS3_ANCRDT_CLLCTN,1900-01-01,9999-12-31,0
GGRPHCL_ARS_FR101,NUTS3_ANCRDT_CLLCTN,1900-01-01,9999-12-31,0
GGRPHCL_ARS_UKM31,NUTS3_ANCRDT_CLLCTN,1900-01-01,2021-01-31,0
GGRPHCL_ARS_ES705,NUTS3_ANCRDT_CLLCTN,1900-01-01,9999-12-31,0
GGRPHCL_ARS_UKL17,NUTS3_ANCRDT_CLLCTN,1900-01-01,2021-01-31,0
GGRPHCL_ARS_UKH24,NUTS3_ANCRDT_CLLCTN,1900-01-01,2021-01-31,0
GGRPHCL_ARS_UKD71,NUTS3_ANCRDT_CLLCTN,1900-01-01,2021-01-31,0
GGRPHCL_ARS_ES130,NUTS3_ANCRDT_CLLCTN,1900-01-01,9999-12-31,0
GGRPHCL_ARS_UKJ22,NUTS3_ANCRDT_CLLCTN,1900-01-01,2021-01-31,0
GGRPHCL_ARS_UKN11,NUTS3_ANCRDT_CLLCTN,1900-01-01,2021-01-31,0
GGRPHCL_ARS_ES425,NUTS3_ANCRDT_CLLCTN,1900-01-01,9999-12-31,0
GGRPHCL_ARS_UKE22,NUTS3_ANCRDT_CLLCTN,1900-01-01,2021-01-31,0
GGRPHCL_ARS_UKG24,NUTS3_ANCRDT_CLLCTN,1900-01-01,2021-01-31,0
GGRPHCL_ARS_DE27A,NUTS3_ANCRDT_CLLCTN,1900-01-01,9999-12-31,0
GGRPHCL_ARS_ATZZZ,NUTS3_ANCRDT_CLLCTN,1900-01-01,9999-12-31,0
GGRPHCL_ARS_AT341,NUTS3_ANCRDT_CLLCTN,1900-01-01,9999-12-31,0
GGRPHCL_ARS_BE32A,NUTS3_ANCRDT_CLLCTN,1900-01-01,9999-12-31,0
GGRPHCL_ARS_DE71A,NUTS3_ANCRDT_CLLCTN,1900-01-01,9999-12-31,0
GGRPHCL_ARS_DEA15,NUTS3_ANCRDT_CLLCTN,1900-01-01,9999-12-31,0
GGRPHCL_ARS_PL213,NUTS3_ANCRDT_CLLCTN,1900-01-01,9999-12-31,0
GGRPHCL_ARS_AT334,NUTS3_ANCRDT_CLLCTN,1900-01-01,9999-12-31,0
GGRPHCL_ARS_DEF06,NUTS3_ANCRDT_CLLCTN,1900-01-01,9999-12-31,0
GGRPHCL_ARS_DEB35,NUTS3_ANCRDT_CLLCTN,1900-01-01,9999-12-31,0
GGRPHCL_ARS_AT212,NUTS3_ANCRDT_CLLCTN,1900-01-01,9999-12-31,0
GGRPHCL_ARS_PL426,NUTS3_ANCRDT_CLLCTN,1900-01-01,9999-12-31,0
GGRPHCL_ARS_DE94B,NUTS3_ANCRDT_CLLCTN,1900-01-01,9999-12-31,0
GGRPHCL_ARS_FI1B1,NUTS3_ANCRDT_CLLCTN,1900-01-01,9999-12-31,0
GGRPHCL_ARS_DEA38,NUTS3_ANCRDT_CLLCTN,1900-01-01,9999-12-31,0
GGRPHCL_ARS_DE26C,NUTS3_ANCRDT_CLLCTN,1900-01-01,9999-12-31,0
GGRPHCL_ARS_HU312,NUTS3_ANCRDT_CLLCTN,1900-01-01,9999-12-31,0
GGRPHCL_ARS_EE001,NUTS3_ANCRDT_CLLCTN,1900-01-01,9999-12-31,0
GGRPHCL_ARS_PL814,NUTS3_ANCRDT_CLLCTN,1900-01-01,9999-12-31,0
GGRPHCL_ARS_DEB18,NUTS3_ANCRDT_CLLCTN,1900-01-01,9999-12-31,0
GGRPHCL_ARS_PL714,NUTS3_ANCRDT_CLLCTN,1900-01-01,9999-12-31,0
GGRPHCL_ARS_DE21F,NUTS3_ANCRDT_CLLCTN,1900-01-01,9999-12-31,0
GGRPHCL_ARS_DEC01,NUTS3_ANCRDT_CLLCTN,1900-01-01,9999-12-31,0
GGRPHCL_ARS_FI1D6,NUTS3_ANCRDT_CLLCTN,1900-01-01,9999-12-31,0
GGRPHCL_ARS_SJ,ISO3166_DSJNT_C_CLLCTN,1900-01-01,9999-12-31,0
GGRPHCL_ARS_FI1C3,NUTS3_ANCRDT_CLLCTN,1900-01-01,9999-12-31,0
TYP_PRTCTN_5,TYP_PRTCTN_ANCRDT_CLLCTN,1900-01-01,9999-12-31,0
GGRPHCL_ARS_DK032,NUTS3_ANCRDT_CLLCTN,1900-01-01,9999-12-31,0
GGRPHCL_ARS_UKM83,NUTS3_ANCRDT_CLLCTN,1900-01-01,2021-01-31,0
GGRPHCL_ARS_SM,ISO3166_DSJNT_C_CLLCTN,1900-01-01,9999-12-31,0
GGRPHCL_ARS_FR246,NUTS3_ANCRDT_CLLCTN,1900-01-01,9999-12-31,0
GGRPHCL_ARS_FR826,NUTS3_ANCRDT_CLLCTN,1900-01-01,9999-12-31,0
GGRPHCL_ARS_NL328,NUTS3_ANCRDT_CLLCTN,1900-01-01,9999-12-31,0
GGRPHCL_ARS_UKD63,NUTS3_ANCRDT_CLLCTN,1900-01-01,2021-01-31,0
GGRPHCL_ARS_UKH36,NUTS3_ANCRDT_CLLCTN,1900-01-01,2021-01-31,0
GGRPHCL_ARS_HR032,NUTS3_ANCRDT_CLLCTN,1900-01-01,9999-12-31,0
GGRPHCL_ARS_UKE45,NUTS3_ANCRDT_CLLCTN,1900-01-01,2021-01-31,0
GGRPHCL_ARS_UKM23,NUTS3_ANCRDT_CLLCTN,1900-01-01,2021-01-31,0
GGRPHCL_ARS_UKN03,NUTS3_ANCRDT_CLLCTN,1900-01-01,2021-01-31,0
GGRPHCL_ARS_ES511,NUTS3_ANCRDT_CLLCTN,1900-01-01,9999-12-31,0
GGRPHCL_ARS_HR047,NUTS3_ANCRDT_CLLCTN,1900-01-01,9999-12-31,0
GGRPHCL_ARS_LK,ISO3166_DSJNT_C_CLLCTN,1900-01-01,9999-12-31,0
GGRPHCL_ARS_UKJ45,NUTS3_ANCRDT_CLLCTN,1900-01-01,2021-01-31,0
GGRPHCL_ARS_NL111,NUTS3_ANCRDT_CLLCTN,1900-01-01,9999-12-31,0
GGRPHCL_ARS_UKG36,NUTS3_ANCRDT_CLLCTN,1900-01-01,2021-01-31,0
GGRPHCL_ARS_PT184,NUTS3_ANCRDT_CLLCTN,1900-01-01,9999-12-31,0
GGRPHCL_ARS_FRY40,NUTS3_ANCRDT_CLLCTN,1900-01-01,9999-12-31,0
GGRPHCL_ARS_SC,ISO3166_DSJNT_C_CLLCTN,1900-01-01,9999-12-31,0
GGRPHCL_ARS_EL641,NUTS3_ANCRDT_CLLCTN,1900-01-01,9999-12-31,0
GGRPHCL_ARS_RO422,NUTS3_ANCRDT_CLLCTN,1900-01-01,9999-12-31,0
GGRPHCL_ARS_FRL06,NUTS3_ANCRDT_CLLCTN,1900-01-01,9999-12-31,0
GGRPHCL_ARS_FRI13,NUTS3_ANCRDT_CLLCTN,1900-01-01,9999-12-31,0
GGRPHCL_ARS_EL514,NUTS3_ANCRDT_CLLCTN,1900-01-01,9999-12-31,0
GGRPHCL_ARS_EL432,NUTS3_ANCRDT_CLLCTN,1900-01-01,9999-12-31,0
GGRPHCL_ARS_ITC31,NUTS3_ANCRDT_CLLCTN,1900-01-01,9999-12-31,0
GGRPHCL_ARS_LB,ISO3166_DSJNT_C_CLLCTN,1900-01-01,9999-12-31,0
GGRPHCL_ARS_ITF51,NUTS3_ANCRDT_CLLCTN,1900-01-01,9999-12-31,0
GGRPHCL_ARS_JM,ISO3166_DSJNT_C_CLLCTN,1900-01-01,9999-12-31,0
GGRPHCL_ARS_ITC44,NUTS3_ANCRDT_CLLCTN,1900-01-01,9999-12-31,0
GGRPHCL_ARS_CZ072,NUTS3_ANCRDT_CLLCTN,1900-01-01,9999-12-31,0
GGRPHCL_ARS_DE234,NUTS3_ANCRDT_CLLCTN,1900-01-01,9999-12-31,0
GGRPHCL_ARS_PL22C,NUTS3_ANCRDT_CLLCTN,1900-01-01,9999-12-31,0
GGRPHCL_ARS_DE721,NUTS3_ANCRDT_CLLCTN,1900-01-01,9999-12-31,0
GGRPHCL_ARS_DE401,NUTS3_ANCRDT_CLLCTN,1900-01-01,9999-12-31,0
GGRPHCL_ARS_BE242,NUTS3_ANCRDT_CLLCTN,1900-01-01,9999-12-31,0
GGRPHCL_ARS_DE114,NUTS3_ANCRDT_CLLCTN,1900-01-01,9999-12-31,0
GGRPHCL_ARS_DE938,NUTS3_ANCRDT_CLLCTN,1900-01-01,9999-12-31,0
GGRPHCL_ARS_DE241,NUTS3_ANCRDT_CLLCTN,1900-01-01,9999-12-31,0
GGRPHCL_ARS_DEB3J,NUTS3_ANCRDT_CLLCTN,1900-01-01,9999-12-31,0
GGRPHCL_ARS_SD,ISO3166_DSJNT_C_CLLCTN,1900-01-01,9999-12-31,0
GGRPHCL_ARS_DEC03,NUTS3_ANCRDT_CLLCTN,1900-01-01,9999-12-31,0
GGRPHCL_ARS_DEB25,NUTS3_ANCRDT_CLLCTN,1900-01-01,9999-12-31,0
GGRPHCL_ARS_NC,ISO3166_DSJNT_C_CLLCTN,1900-01-01,9999-12-31,0
GGRPHCL_ARS_PL325,NUTS3_ANCRDT_CLLCTN,1900-01-01,9999-12-31,0
GGRPHCL_ARS_DE21D,NUTS3_ANCRDT_CLLCTN,1900-01-01,9999-12-31,0
GGRPHCL_ARS_AT122,NUTS3_ANCRDT_CLLCTN,1900-01-01,9999-12-31,0
GGRPHCL_ARS_DEE09,NUTS3_ANCRDT_CLLCTN,1900-01-01,9999-12-31,0
GGRPHCL_ARS_DE26A,NUTS3_ANCRDT_CLLCTN,1900-01-01,9999-12-31,0
GGRPHCL_ARS_ITG2B,NUTS3_ANCRDT_CLLCTN,1900-01-01,9999-12-31,0
GGRPHCL_ARS_FI1C1,NUTS3_ANCRDT_CLLCTN,1900-01-01,9999-12-31,0
GGRPHCL_ARS_MT002,NUTS3_ANCRDT_CLLCTN,1900-01-01,9999-12-31,0
GGRPHCL_ARS_FI1D4,NUTS3_ANCRDT_CLLCTN,1900-01-01,9999-12-31,0
GGRPHCL_ARS_FR522,NUTS3_ANCRDT_CLLCTN,1900-01-01,9999-12-31,0
GGRPHCL_ARS_FR724,NUTS3_ANCRDT_CLLCTN,1900-01-01,9999-12-31,0
GGRPHCL_ARS_FR231,NUTS3_ANCRDT_CLLCTN,1900-01-01,9999-12-31,0
GGRPHCL_ARS_SE231,NUTS3_ANCRDT_CLLCTN,1900-01-01,9999-12-31,0
GGRPHCL_ARS_BZ,ISO3166_DSJNT_C_CLLCTN,1900-01-01,9999-12-31,0
GGRPHCL_ARS_FR824,NUTS3_ANCRDT_CLLCTN,1900-01-01,9999-12-31,0
GGRPHCL_ARS_UKM81,NUTS3_ANCRDT_CLLCTN,1900-01-01,2021-01-31,0
GGRPHCL_ARS_FR244,NUTS3_ANCRDT_CLLCTN,1900-01-01,9999-12-31,0
GGRPHCL_ARS_UKF12,NUTS3_ANCRDT_CLLCTN,1900-01-01,2021-01-31,0
GGRPHCL_ARS_NL113,NUTS3_ANCRDT_CLLCTN,1900-01-01,9999-12-31,0
GGRPHCL_ARS_HR045,NUTS3_ANCRDT_CLLCTN,1900-01-01,9999-12-31,0
GGRPHCL_ARS_UKE32,NUTS3_ANCRDT_CLLCTN,1900-01-01,2021-01-31,0
GGRPHCL_ARS_UKJ32,NUTS3_ANCRDT_CLLCTN,1900-01-01,2021-01-31,0
GGRPHCL_ARS_UKN01,NUTS3_ANCRDT_CLLCTN,1900-01-01,2021-01-31,0
GGRPHCL_ARS_UKK14,NUTS3_ANCRDT_CLLCTN,1900-01-01,2021-01-31,0
GGRPHCL_ARS_ES120,NUTS3_ANCRDT_CLLCTN,1900-01-01,9999-12-31,0
GGRPHCL_ARS_ES513,NUTS3_ANCRDT_CLLCTN,1900-01-01,9999-12-31,0
GGRPHCL_ARS_UKD61,NUTS3_ANCRDT_CLLCTN,1900-01-01,2021-01-31,0
GGRPHCL_ARS_UKH34,NUTS3_ANCRDT_CLLCTN,1900-01-01,2021-01-31,0
GGRPHCL_ARS_HK,ISO3166_DSJNT_C_CLLCTN,1900-01-01,9999-12-31,0
GGRPHCL_ARS_UKM21,NUTS3_ANCRDT_CLLCTN,1900-01-01,2021-01-31,0
GGRPHCL_ARS_BT,ISO3166_DSJNT_C_CLLCTN,1900-01-01,9999-12-31,0
GGRPHCL_ARS_BG414,NUTS3_ANCRDT_CLLCTN,1900-01-01,9999-12-31,0
TYP_TRNSFR_1,TYP_TRNSFR_ANCRDT_CLLCTN,1900-01-01,9999-12-31,0
GGRPHCL_ARS_PT186,NUTS3_ANCRDT_CLLCTN,1900-01-01,9999-12-31,0
GGRPHCL_ARS_SK042,NUTS3_ANCRDT_CLLCTN,1900-01-01,9999-12-31,0
GGRPHCL_ARS_PT119,NUTS3_ANCRDT_CLLCTN,1900-01-01,9999-12-31,0
GGRPHCL_ARS_FRL04,NUTS3_ANCRDT_CLLCTN,1900-01-01,9999-12-31,0
GGRPHCL_ARS_FRI11,NUTS3_ANCRDT_CLLCTN,1900-01-01,9999-12-31,0
GGRPHCL_ARS_FRF11,NUTS3_ANCRDT_CLLCTN,1900-01-01,9999-12-31,0
GGRPHCL_ARS_FRK28,NUTS3_ANCRDT_CLLCTN,1900-01-01,9999-12-31,0
GGRPHCL_ARS_RO215,NUTS3_ANCRDT_CLLCTN,1900-01-01,9999-12-31,0
GGRPHCL_ARS_EL643,NUTS3_ANCRDT_CLLCTN,1900-01-01,9999-12-31,0
GGRPHCL_ARS_ITC46,NUTS3_ANCRDT_CLLCTN,1900-01-01,9999-12-31,0
GGRPHCL_ARS_ITI19,NUTS3_ANCRDT_CLLCTN,1900-01-01,9999-12-31,0
GGRPHCL_ARS_ITC33,NUTS3_ANCRDT_CLLCTN,1900-01-01,9999-12-31,0
GGRPHCL_ARS_DEB3H,NUTS3_ANCRDT_CLLCTN,1900-01-01,9999-12-31,0
GGRPHCL_ARS_BE235,NUTS3_ANCRDT_CLLCTN,1900-01-01,9999-12-31,0
GGRPHCL_ARS_DE129,NUTS3_ANCRDT_CLLCTN,1900-01-01,9999-12-31,0
GGRPHCL_ARS_DE243,NUTS3_ANCRDT_CLLCTN,1900-01-01,9999-12-31,0
GGRPHCL_ARS_BS,ISO3166_DSJNT_C_CLLCTN,1900-01-01,9999-12-31,0
GGRPHCL_ARS_DEA5B,NUTS3_ANCRDT_CLLCTN,1900-01-01,9999-12-31,0
GGRPHCL_ARS_DE403,NUTS3_ANCRDT_CLLCTN,1900-01-01,9999-12-31,0
GGRPHCL_ARS_DE116,NUTS3_ANCRDT_CLLCTN,1900-01-01,9999-12-31,0
GGRPHCL_ARS_DE236,NUTS3_ANCRDT_CLLCTN,1900-01-01,9999-12-31,0
GGRPHCL_ARS_PL22A,NUTS3_ANCRDT_CLLCTN,1900-01-01,9999-12-31,0
GGRPHCL_ARS_DE723,NUTS3_ANCRDT_CLLCTN,1900-01-01,9999-12-31,0
GGRPHCL_ARS_ITI34,NUTS3_ANCRDT_CLLCTN,1900-01-01,9999-12-31,0
GGRPHCL_ARS_ITH58,NUTS3_ANCRDT_CLLCTN,1900-01-01,9999-12-31,0
GGRPHCL_ARS_ITI41,NUTS3_ANCRDT_CLLCTN,1900-01-01,9999-12-31,0
GGRPHCL_ARS_LT023,NUTS3_ANCRDT_CLLCTN,1900-01-01,9999-12-31,0
GGRPHCL_ARS_ITG12,NUTS3_ANCRDT_CLLCTN,1900-01-01,9999-12-31,0
GGRPHCL_ARS_ITF34,NUTS3_ANCRDT_CLLCTN,1900-01-01,9999-12-31,0
GGRPHCL_ARS_BH,ISO3166_DSJNT_C_CLLCTN,1900-01-01,9999-12-31,0
GGRPHCL_ARS_DE917,NUTS3_ANCRDT_CLLCTN,1900-01-01,9999-12-31,0
GGRPHCL_ARS_DE251,NUTS3_ANCRDT_CLLCTN,1900-01-01,9999-12-31,0
GGRPHCL_ARS_SI031,NUTS3_ANCRDT_CLLCTN,1900-01-01,9999-12-31,0
GGRPHCL_ARS_DE928,NUTS3_ANCRDT_CLLCTN,1900-01-01,9999-12-31,0
GGRPHCL_ARS_BE252,NUTS3_ANCRDT_CLLCTN,1900-01-01,9999-12-31,0
GGRPHCL_ARS_DE731,NUTS3_ANCRDT_CLLCTN,1900-01-01,9999-12-31,0
GGRPHCL_ARS_SI044,NUTS3_ANCRDT_CLLCTN,1900-01-01,9999-12-31,0
GGRPHCL_ARS_DE224,NUTS3_ANCRDT_CLLCTN,1900-01-01,9999-12-31,0
GGRPHCL_ARS_BG315,NUTS3_ANCRDT_CLLCTN,1900-01-01,9999-12-31,0
GGRPHCL_ARS_BO,ISO3166_DSJNT_C_CLLCTN,1900-01-01,9999-12-31,0
GGRPHCL_ARS_FRY50,NUTS3_ANCRDT_CLLCTN,1900-01-01,9999-12-31,0
GGRPHCL_ARS_LV008,NUTS3_ANCRDT_CLLCTN,1900-01-01,9999-12-31,0
GGRPHCL_ARS_EL422,NUTS3_ANCRDT_CLLCTN,1900-01-01,9999-12-31,0
GGRPHCL_ARS_FRJ23,NUTS3_ANCRDT_CLLCTN,1900-01-01,9999-12-31,0
GGRPHCL_ARS_EL624,NUTS3_ANCRDT_CLLCTN,1900-01-01,9999-12-31,0
GGRPHCL_ARS_RO321,NUTS3_ANCRDT_CLLCTN,1900-01-01,9999-12-31,0
TYP_PRTCTN_8,TYP_PRTCTN_ANCRDT_CLLCTN,1900-01-01,9999-12-31,0
GGRPHCL_ARS_FRE23,NUTS3_ANCRDT_CLLCTN,1900-01-01,9999-12-31,0
GGRPHCL_ARS_FRA10,NUTS3_ANCRDT_CLLCTN,1900-01-01,9999-12-31,0
GGRPHCL_ARS_EL651,NUTS3_ANCRDT_CLLCTN,1900-01-01,9999-12-31,0
GGRPHCL_ARS_FR103,NUTS3_ANCRDT_CLLCTN,1900-01-01,9999-12-31,0
GGRPHCL_ARS_FR223,NUTS3_ANCRDT_CLLCTN,1900-01-01,9999-12-31,0
GGRPHCL_ARS_UKM93,NUTS3_ANCRDT_CLLCTN,1900-01-01,2021-01-31,0
GGRPHCL_ARS_BA,ISO3166_DSJNT_C_CLLCTN,1900-01-01,9999-12-31,0
GGRPHCL_ARS_NL414,NUTS3_ANCRDT_CLLCTN,1900-01-01,9999-12-31,0
GGRPHCL_ARS_CY000,NUTS3_ANCRDT_CLLCTN,1900-01-01,9999-12-31,0
GGRPHCL_ARS_ES418,NUTS3_ANCRDT_CLLCTN,1900-01-01,9999-12-31,0
GGRPHCL_ARS_ESZZZ,NUTS3_ANCRDT_CLLCTN,1900-01-01,9999-12-31,0
GGRPHCL_ARS_NL221,NUTS3_ANCRDT_CLLCTN,1900-01-01,9999-12-31,0
GGRPHCL_ARS_UKI75,NUTS3_ANCRDT_CLLCTN,1900-01-01,2021-01-31,0
TYP_PRTCTN_2,TYP_PRTCTN_ANCRDT_CLLCTN,1900-01-01,9999-12-31,0
GGRPHCL_ARS_UKN13,NUTS3_ANCRDT_CLLCTN,1900-01-01,2021-01-31,0
GGRPHCL_ARS_ES707,NUTS3_ANCRDT_CLLCTN,1900-01-01,9999-12-31,0
GGRPHCL_ARS_UKM33,NUTS3_ANCRDT_CLLCTN,1900-01-01,2021-01-31,0
GGRPHCL_ARS_NL338,NUTS3_ANCRDT_CLLCTN,1900-01-01,9999-12-31,0
GGRPHCL_ARS_ES212,NUTS3_ANCRDT_CLLCTN,1900-01-01,9999-12-31,0
GGRPHCL_ARS_UKL15,NUTS3_ANCRDT_CLLCTN,1900-01-01,2021-01-31,0
GGRPHCL_ARS_UKD73,NUTS3_ANCRDT_CLLCTN,1900-01-01,2021-01-31,0
GGRPHCL_ARS_HR022,NUTS3_ANCRDT_CLLCTN,1900-01-01,9999-12-31,0
GGRPHCL_ARS_DEB37,NUTS3_ANCRDT_CLLCTN,1900-01-01,9999-12-31,0
GGRPHCL_ARS_DEF04,NUTS3_ANCRDT_CLLCTN,1900-01-01,9999-12-31,0
GGRPHCL_ARS_PL424,NUTS3_ANCRDT_CLLCTN,1900-01-01,9999-12-31,0
GGRPHCL_ARS_AT130,NUTS3_ANCRDT_CLLCTN,1900-01-01,9999-12-31,0
GGRPHCL_ARS_DE71C,NUTS3_ANCRDT_CLLCTN,1900-01-01,9999-12-31,0
GGRPHCL_ARS_PL622,NUTS3_ANCRDT_CLLCTN,1900-01-01,9999-12-31,0
GGRPHCL_ARS_DEA17,NUTS3_ANCRDT_CLLCTN,1900-01-01,9999-12-31,0
GGRPHCL_ARS_PL922,NUTS3_ANCRDT_CLLCTN,1900-01-01,9999-12-31,0
GGRPHCL_ARS_BE32C,NUTS3_ANCRDT_CLLCTN,1900-01-01,9999-12-31,0
GGRPHCL_ARS_DE27C,NUTS3_ANCRDT_CLLCTN,1900-01-01,9999-12-31,0
GGRPHCL_ARS_DEA28,NUTS3_ANCRDT_CLLCTN,1900-01-01,9999-12-31,0
GGRPHCL_ARS_LT00A,NUTS3_ANCRDT_CLLCTN,1900-01-01,9999-12-31,0
GGRPHCL_ARS_DK022,NUTS3_ANCRDT_CLLCTN,1900-01-01,9999-12-31,0
GGRPHCL_ARS_BF,ISO3166_DSJNT_C_CLLCTN,1900-01-01,9999-12-31,0
GGRPHCL_ARS_IE062,NUTS3_ANCRDT_CLLCTN,1900-01-01,9999-12-31,0
GGRPHCL_ARS_FR712,NUTS3_ANCRDT_CLLCTN,1900-01-01,9999-12-31,0
GGRPHCL_ARS_FR514,NUTS3_ANCRDT_CLLCTN,1900-01-01,9999-12-31,0
GGRPHCL_ARS_IT,ISO3166_DSJNT_C_CLLCTN,1900-01-01,9999-12-31,0
GGRPHCL_ARS_FR432,NUTS3_ANCRDT_CLLCTN,1900-01-01,9999-12-31,0
GGRPHCL_ARS_SE321,NUTS3_ANCRDT_CLLCTN,1900-01-01,9999-12-31,0
GGRPHCL_ARS_FR812,NUTS3_ANCRDT_CLLCTN,1900-01-01,9999-12-31,0
GGRPHCL_ARS_NL323,NUTS3_ANCRDT_CLLCTN,1900-01-01,9999-12-31,0
GGRPHCL_ARS_ES243,NUTS3_ANCRDT_CLLCTN,1900-01-01,9999-12-31,0
GGRPHCL_ARS_FI195,NUTS3_ANCRDT_CLLCTN,1900-01-01,9999-12-31,0
GGRPHCL_ARS_UKM28,NUTS3_ANCRDT_CLLCTN,1900-01-01,2021-01-31,0
GGRPHCL_ARS_UKI51,NUTS3_ANCRDT_CLLCTN,1900-01-01,2021-01-31,0
GGRPHCL_ARS_UKM62,NUTS3_ANCRDT_CLLCTN,1900-01-01,2021-01-31,0
GGRPHCL_ARS_NL125,NUTS3_ANCRDT_CLLCTN,1900-01-01,9999-12-31,0
GGRPHCL_ARS_UKN08,NUTS3_ANCRDT_CLLCTN,1900-01-01,2021-01-31,0
GGRPHCL_ARS_UKF24,NUTS3_ANCRDT_CLLCTN,1900-01-01,2021-01-31,0
GGRPHCL_ARS_UKK22,NUTS3_ANCRDT_CLLCTN,1900-01-01,2021-01-31,0
GGRPHCL_ARS_DEA33,NUTS3_ANCRDT_CLLCTN,1900-01-01,9999-12-31,0
GGRPHCL_ARS_DE22B,NUTS3_ANCRDT_CLLCTN,1900-01-01,9999-12-31,0
GGRPHCL_ARS_DEG06,NUTS3_ANCRDT_CLLCTN,1900-01-01,9999-12-31,0
GGRPHCL_ARS_AT312,NUTS3_ANCRDT_CLLCTN,1900-01-01,9999-12-31,0
GGRPHCL_ARS_PL115,NUTS3_ANCRDT_CLLCTN,1900-01-01,9999-12-31,0
GGRPHCL_ARS_DEB13,NUTS3_ANCRDT_CLLCTN,1900-01-01,9999-12-31,0
GGRPHCL_ARS_DEA46,NUTS3_ANCRDT_CLLCTN,1900-01-01,9999-12-31,0
GGRPHCL_ARS_DE21M,NUTS3_ANCRDT_CLLCTN,1900-01-01,9999-12-31,0
GGRPHCL_ARS_VU,ISO3166_DSJNT_C_CLLCTN,1900-01-01,9999-12-31,0
GGRPHCL_ARS_DED53,NUTS3_ANCRDT_CLLCTN,1900-01-01,9999-12-31,0
GGRPHCL_ARS_DE91A,NUTS3_ANCRDT_CLLCTN,1900-01-01,9999-12-31,0
GGRPHCL_ARS_HU120,NUTS3_ANCRDT_CLLCTN,1900-01-01,9999-12-31,0
GGRPHCL_ARS_IS,ISO3166_DSJNT_C_CLLCTN,1900-01-01,9999-12-31,0
GGRPHCL_ARS_ITF65,NUTS3_ANCRDT_CLLCTN,1900-01-01,9999-12-31,0
GGRPHCL_ARS_EC,ISO3166_DSJNT_C_CLLCTN,1900-01-01,9999-12-31,0
GGRPHCL_ARS_ITH36,NUTS3_ANCRDT_CLLCTN,1900-01-01,9999-12-31,0
GGRPHCL_ARS_DEG0P,NUTS3_ANCRDT_CLLCTN,1900-01-01,9999-12-31,0
GGRPHCL_ARS_ITH43,NUTS3_ANCRDT_CLLCTN,1900-01-01,9999-12-31,0
GGRPHCL_ARS_LT007,NUTS3_ANCRDT_CLLCTN,1900-01-01,9999-12-31,0
GGRPHCL_ARS_CL,ISO3166_DSJNT_C_CLLCTN,1900-01-01,9999-12-31,0
GGRPHCL_ARS_PT,ISO3166_DSJNT_C_CLLCTN,1900-01-01,9999-12-31,0
GGRPHCL_ARS_DE275,NUTS3_ANCRDT_CLLCTN,1900-01-01,9999-12-31,0
GGRPHCL_ARS_BE325,NUTS3_ANCRDT_CLLCTN,1900-01-01,9999-12-31,0
GGRPHCL_ARS_DE933,NUTS3_ANCRDT_CLLCTN,1900-01-01,9999-12-31,0
GGRPHCL_ARS_DE715,NUTS3_ANCRDT_CLLCTN,1900-01-01,9999-12-31,0
GGRPHCL_ARS_DEA1A,NUTS3_ANCRDT_CLLCTN,1900-01-01,9999-12-31,0
GGRPHCL_ARS_DEF0B,NUTS3_ANCRDT_CLLCTN,1900-01-01,9999-12-31,0
GGRPHCL_ARS_DEB3A,NUTS3_ANCRDT_CLLCTN,1900-01-01,9999-12-31,0
GGRPHCL_ARS_DE946,NUTS3_ANCRDT_CLLCTN,1900-01-01,9999-12-31,0
GGRPHCL_ARS_BG422,NUTS3_ANCRDT_CLLCTN,1900-01-01,9999-12-31,0
GGRPHCL_ARS_BG331,NUTS3_ANCRDT_CLLCTN,1900-01-01,9999-12-31,0
GGRPHCL_ARS_BG344,NUTS3_ANCRDT_CLLCTN,1900-01-01,9999-12-31,0
GGRPHCL_ARS_FRH01,NUTS3_ANCRDT_CLLCTN,1900-01-01,9999-12-31,0
GGRPHCL_ARS_FRK21,NUTS3_ANCRDT_CLLCTN,1900-01-01,9999-12-31,0
GGRPHCL_ARS_FRD21,NUTS3_ANCRDT_CLLCTN,1900-01-01,9999-12-31,0
GGRPHCL_ARS_CK,ISO3166_DSJNT_C_CLLCTN,1900-01-01,9999-12-31,0
GGRPHCL_ARS_PS,ISO3166_DSJNT_C_CLLCTN,1900-01-01,9999-12-31,0
GGRPHCL_ARS_FRG01,NUTS3_ANCRDT_CLLCTN,1900-01-01,9999-12-31,0
GGRPHCL_ARS_RO223,NUTS3_ANCRDT_CLLCTN,1900-01-01,9999-12-31,0
GGRPHCL_ARS_BG323,NUTS3_ANCRDT_CLLCTN,1900-01-01,9999-12-31,0
GGRPHCL_ARS_HR04C,NUTS3_ANCRDT_CLLCTN,1900-01-01,9999-12-31,0
GGRPHCL_ARS_EL612,NUTS3_ANCRDT_CLLCTN,1900-01-01,9999-12-31,0
GGRPHCL_ARS_VG,ISO3166_DSJNT_C_CLLCTN,1900-01-01,9999-12-31,0
GGRPHCL_ARS_EL307,NUTS3_ANCRDT_CLLCTN,1900-01-01,9999-12-31,0
GGRPHCL_ARS_EL532,NUTS3_ANCRDT_CLLCTN,1900-01-01,9999-12-31,0
GGRPHCL_ARS_FRJ15,NUTS3_ANCRDT_CLLCTN,1900-01-01,9999-12-31,0
GGRPHCL_ARS_RO111,NUTS3_ANCRDT_CLLCTN,1900-01-01,9999-12-31,0
GGRPHCL_ARS_PH,ISO3166_DSJNT_C_CLLCTN,1900-01-01,9999-12-31,0
GGRPHCL_ARS_RO317,NUTS3_ANCRDT_CLLCTN,1900-01-01,9999-12-31,0
GGRPHCL_ARS_FRB06,NUTS3_ANCRDT_CLLCTN,1900-01-01,9999-12-31,0
GGRPHCL_ARS_CW,ISO3166_DSJNT_C_CLLCTN,1900-01-01,9999-12-31,0
GGRPHCL_ARS_ITC17,NUTS3_ANCRDT_CLLCTN,1900-01-01,9999-12-31,0
GGRPHCL_ARS_ITF48,NUTS3_ANCRDT_CLLCTN,1900-01-01,9999-12-31,0
GGRPHCL_ARS_ITH51,NUTS3_ANCRDT_CLLCTN,1900-01-01,9999-12-31,0
GGRPHCL_ARS_DE267,NUTS3_ANCRDT_CLLCTN,1900-01-01,9999-12-31,0
GGRPHCL_ARS_DE147,NUTS3_ANCRDT_CLLCTN,1900-01-01,9999-12-31,0
GGRPHCL_ARS_DEG0I,NUTS3_ANCRDT_CLLCTN,1900-01-01,9999-12-31,0
GGRPHCL_ARS_DEZZZ,NUTS3_ANCRDT_CLLCTN,1900-01-01,9999-12-31,0
GGRPHCL_ARS_BE211,NUTS3_ANCRDT_CLLCTN,1900-01-01,9999-12-31,0
GGRPHCL_ARS_DE212,NUTS3_ANCRDT_CLLCTN,1900-01-01,9999-12-31,0
GGRPHCL_ARS_SI038,NUTS3_ANCRDT_CLLCTN,1900-01-01,9999-12-31,0
GGRPHCL_ARS_DE258,NUTS3_ANCRDT_CLLCTN,1900-01-01,9999-12-31,0
GGRPHCL_ARS_DE132,NUTS3_ANCRDT_CLLCTN,1900-01-01,9999-12-31,0
GGRPHCL_ARS_DE501,NUTS3_ANCRDT_CLLCTN,1900-01-01,9999-12-31,0
GGRPHCL_ARS_BE342,NUTS3_ANCRDT_CLLCTN,1900-01-01,9999-12-31,0
GGRPHCL_ARS_PL12E,NUTS3_ANCRDT_CLLCTN,1900-01-01,9999-12-31,0
GGRPHCL_ARS_PA,ISO3166_DSJNT_C_CLLCTN,1900-01-01,9999-12-31,0
GGRPHCL_ARS_CY,ISO3166_DSJNT_C_CLLCTN,1900-01-01,9999-12-31,0
GGRPHCL_ARS_PL227,NUTS3_ANCRDT_CLLCTN,1900-01-01,9999-12-31,0
GGRPHCL_ARS_DE40E,NUTS3_ANCRDT_CLLCTN,1900-01-01,9999-12-31,0
GGRPHCL_ARS_HUZZZ,NUTS3_ANCRDT_CLLCTN,1900-01-01,9999-12-31,0
GGRPHCL_ARS_AT226,NUTS3_ANCRDT_CLLCTN,1900-01-01,9999-12-31,0
GGRPHCL_ARS_DED41,NUTS3_ANCRDT_CLLCTN,1900-01-01,9999-12-31,0
GGRPHCL_ARS_HU212,NUTS3_ANCRDT_CLLCTN,1900-01-01,9999-12-31,0
GGRPHCL_ARS_DEA54,NUTS3_ANCRDT_CLLCTN,1900-01-01,9999-12-31,0
GGRPHCL_ARS_PL218,NUTS3_ANCRDT_CLLCTN,1900-01-01,9999-12-31,0
GGRPHCL_ARS_VN,ISO3166_DSJNT_C_CLLCTN,1900-01-01,9999-12-31,0
GGRPHCL_ARS_IE021,NUTS3_ANCRDT_CLLCTN,1900-01-01,9999-12-31,0
GGRPHCL_ARS_DK014,NUTS3_ANCRDT_CLLCTN,1900-01-01,9999-12-31,0
GGRPHCL_ARS_DKZZZ,NUTS3_ANCRDT_CLLCTN,1900-01-01,9999-12-31,0
GGRPHCL_ARS_IO,ISO3166_DSJNT_C_CLLCTN,1900-01-01,9999-12-31,0
GGRPHCL_ARS_ZW,ISO3166_DSJNT_C_CLLCTN,1900-01-01,9999-12-31,0
GGRPHCL_ARS_FR626,NUTS3_ANCRDT_CLLCTN,1900-01-01,9999-12-31,0
GGRPHCL_ARS_PT16J,NUTS3_ANCRDT_CLLCTN,1900-01-01,9999-12-31,0
GGRPHCL_ARS_UKI43,NUTS3_ANCRDT_CLLCTN,1900-01-01,2021-01-31,0
GGRPHCL_ARS_HRZZZ,NUTS3_ANCRDT_CLLCTN,1900-01-01,9999-12-31,0
GGRPHCL_ARS_HR061,NUTS3_ANCRDT_CLLCTN,1900-01-01,9999-12-31,0
GGRPHCL_ARS_UKC23,NUTS3_ANCRDT_CLLCTN,1900-01-01,2021-01-31,0
GGRPHCL_ARS_PF,ISO3166_DSJNT_C_CLLCTN,1900-01-01,9999-12-31,0
GGRPHCL_ARS_NL422,NUTS3_ANCRDT_CLLCTN,1900-01-01,9999-12-31,0
GGRPHCL_ARS_VI,ISO3166_DSJNT_C_CLLCTN,1900-01-01,9999-12-31,0
GGRPHCL_ARS_ES617,NUTS3_ANCRDT_CLLCTN,1900-01-01,9999-12-31,0
GGRPHCL_ARS_UKL23,NUTS3_ANCRDT_CLLCTN,1900-01-01,2021-01-31,0
GGRPHCL_ARS_UKD45,NUTS3_ANCRDT_CLLCTN,1900-01-01,2021-01-31,0
GGRPHCL_ARS_UKK30,NUTS3_ANCRDT_CLLCTN,1900-01-01,2021-01-31,0
GGRPHCL_ARS_ES411,NUTS3_ANCRDT_CLLCTN,1900-01-01,9999-12-31,0
GGRPHCL_ARS_HR048,NUTS3_ANCRDT_CLLCTN,1900-01-01,9999-12-31,0
GGRPHCL_ARS_TC,ISO3166_DSJNT_C_CLLCTN,1900-01-01,9999-12-31,0
GGRPHCL_ARS_UKG39,NUTS3_ANCRDT_CLLCTN,1900-01-01,2021-01-31,0
GGRPHCL_ARS_ES112,NUTS3_ANCRDT_CLLCTN,1900-01-01,9999-12-31,0
GGRPHCL_ARS_ES521,NUTS3_ANCRDT_CLLCTN,1900-01-01,9999-12-31,0
GGRPHCL_ARS_NL327,NUTS3_ANCRDT_CLLCTN,1900-01-01,9999-12-31,0
GGRPHCL_ARS_UKM66,NUTS3_ANCRDT_CLLCTN,1900-01-01,2021-01-31,0
GGRPHCL_ARS_AT,ISO3166_DSJNT_C_CLLCTN,1900-01-01,9999-12-31,0
GGRPHCL_ARS_NL121,NUTS3_ANCRDT_CLLCTN,1900-01-01,9999-12-31,0
GGRPHCL_ARS_SE123,NUTS3_ANCRDT_CLLCTN,1900-01-01,9999-12-31,0
GGRPHCL_ARS_FR716,NUTS3_ANCRDT_CLLCTN,1900-01-01,9999-12-31,0
GGRPHCL_ARS_KE,ISO3166_DSJNT_C_CLLCTN,1900-01-01,9999-12-31,0
GGRPHCL_ARS_MM,ISO3166_DSJNT_C_CLLCTN,1900-01-01,9999-12-31,0
GGRPHCL_ARS_IE042,NUTS3_ANCRDT_CLLCTN,1900-01-01,9999-12-31,0
GGRPHCL_ARS_FI1D9,NUTS3_ANCRDT_CLLCTN,1900-01-01,9999-12-31,0
GGRPHCL_ARS_DEA42,NUTS3_ANCRDT_CLLCTN,1900-01-01,9999-12-31,0
GGRPHCL_ARS_DE21I,NUTS3_ANCRDT_CLLCTN,1900-01-01,9999-12-31,0
GGRPHCL_ARS_HU322,NUTS3_ANCRDT_CLLCTN,1900-01-01,9999-12-31,0
GGRPHCL_ARS_DE25C,NUTS3_ANCRDT_CLLCTN,1900-01-01,9999-12-31,0
GGRPHCL_ARS_PL824,NUTS3_ANCRDT_CLLCTN,1900-01-01,9999-12-31,0
GGRPHCL_ARS_TD,ISO3166_DSJNT_C_CLLCTN,1900-01-01,9999-12-31,0
GGRPHCL_ARS_AS,ISO3166_DSJNT_C_CLLCTN,1900-01-01,9999-12-31,0
GGRPHCL_ARS_DEA37,NUTS3_ANCRDT_CLLCTN,1900-01-01,9999-12-31,0
GGRPHCL_ARS_DEE04,NUTS3_ANCRDT_CLLCTN,1900-01-01,9999-12-31,0
GGRPHCL_ARS_LU000,NUTS3_ANCRDT_CLLCTN,1900-01-01,9999-12-31,0
GGRPHCL_ARS_DEG02,NUTS3_ANCRDT_CLLCTN,1900-01-01,9999-12-31,0
GGRPHCL_ARS_DE80L,NUTS3_ANCRDT_CLLCTN,1900-01-01,9999-12-31,0
GGRPHCL_ARS_DEB17,NUTS3_ANCRDT_CLLCTN,1900-01-01,9999-12-31,0
GGRPHCL_ARS_DEA1E,NUTS3_ANCRDT_CLLCTN,1900-01-01,9999-12-31,0
GGRPHCL_ARS_DE711,NUTS3_ANCRDT_CLLCTN,1900-01-01,9999-12-31,0
GGRPHCL_ARS_DEF0F,NUTS3_ANCRDT_CLLCTN,1900-01-01,9999-12-31,0
GGRPHCL_ARS_DEB3E,NUTS3_ANCRDT_CLLCTN,1900-01-01,9999-12-31,0
GGRPHCL_ARS_DE124,NUTS3_ANCRDT_CLLCTN,1900-01-01,9999-12-31,0
GGRPHCL_ARS_DE942,NUTS3_ANCRDT_CLLCTN,1900-01-01,9999-12-31,0
GGRPHCL_ARS_MC,ISO3166_DSJNT_C_CLLCTN,1900-01-01,9999-12-31,0
GGRPHCL_ARS_DE271,NUTS3_ANCRDT_CLLCTN,1900-01-01,9999-12-31,0
GGRPHCL_ARS_BE321,NUTS3_ANCRDT_CLLCTN,1900-01-01,9999-12-31,0
GGRPHCL_ARS_DE937,NUTS3_ANCRDT_CLLCTN,1900-01-01,9999-12-31,0
GGRPHCL_ARS_RE,ISO3166_DSJNT_C_CLLCTN,1900-01-01,9999-12-31,0
GGRPHCL_ARS_ITF14,NUTS3_ANCRDT_CLLCTN,1900-01-01,9999-12-31,0
GGRPHCL_ARS_LT003,NUTS3_ANCRDT_CLLCTN,1900-01-01,9999-12-31,0
GGRPHCL_ARS_ITF61,NUTS3_ANCRDT_CLLCTN,1900-01-01,9999-12-31,0
GGRPHCL_ARS_TJ,ISO3166_DSJNT_C_CLLCTN,1900-01-01,9999-12-31,0
GGRPHCL_ARS_ITH32,NUTS3_ANCRDT_CLLCTN,1900-01-01,9999-12-31,0
GGRPHCL_ARS_CZ042,NUTS3_ANCRDT_CLLCTN,1900-01-01,9999-12-31,0
GGRPHCL_ARS_GR,ISO3166_DSJNT_C_CLLCTN,1900-01-01,9999-12-31,0
GGRPHCL_ARS_ITI14,NUTS3_ANCRDT_CLLCTN,1900-01-01,9999-12-31,0
GGRPHCL_ARS_FRA30,NUTS3_ANCRDT_CLLCTN,1900-01-01,9999-12-31,0
GGRPHCL_ARS_RO412,NUTS3_ANCRDT_CLLCTN,1900-01-01,9999-12-31,0
GGRPHCL_ARS_FRF23,NUTS3_ANCRDT_CLLCTN,1900-01-01,9999-12-31,0
GGRPHCL_ARS_AZ,ISO3166_DSJNT_C_CLLCTN,1900-01-01,9999-12-31,0
GGRPHCL_ARS_FRG05,NUTS3_ANCRDT_CLLCTN,1900-01-01,9999-12-31,0
GGRPHCL_ARS_TM,ISO3166_DSJNT_C_CLLCTN,1900-01-01,9999-12-31,0
GGRPHCL_ARS_GU,ISO3166_DSJNT_C_CLLCTN,1900-01-01,9999-12-31,0
GGRPHCL_ARS_FRI23,NUTS3_ANCRDT_CLLCTN,1900-01-01,9999-12-31,0
GGRPHCL_ARS_EL524,NUTS3_ANCRDT_CLLCTN,1900-01-01,9999-12-31,0
GGRPHCL_ARS_FRK25,NUTS3_ANCRDT_CLLCTN,1900-01-01,9999-12-31,0
GGRPHCL_ARS_MD,ISO3166_DSJNT_C_CLLCTN,1900-01-01,9999-12-31,0
GGRPHCL_ARS_FRE11,NUTS3_ANCRDT_CLLCTN,1900-01-01,9999-12-31,0
GGRPHCL_ARS_RO115,NUTS3_ANCRDT_CLLCTN,1900-01-01,9999-12-31,0
GGRPHCL_ARS_LV005,NUTS3_ANCRDT_CLLCTN,1900-01-01,9999-12-31,0
GGRPHCL_ARS_FRC24,NUTS3_ANCRDT_CLLCTN,1900-01-01,9999-12-31,0
GGRPHCL_ARS_EL543,NUTS3_ANCRDT_CLLCTN,1900-01-01,9999-12-31,0
GGRPHCL_ARS_PT300,NUTS3_ANCRDT_CLLCTN,1900-01-01,9999-12-31,0
GGRPHCL_ARS_FRB02,NUTS3_ANCRDT_CLLCTN,1900-01-01,9999-12-31,0
GGRPHCL_ARS_FRF31,NUTS3_ANCRDT_CLLCTN,1900-01-01,9999-12-31,0
GGRPHCL_ARS_RO313,NUTS3_ANCRDT_CLLCTN,1900-01-01,9999-12-31,0
GGRPHCL_ARS_FRM02,NUTS3_ANCRDT_CLLCTN,1900-01-01,9999-12-31,0
GGRPHCL_ARS_FRI31,NUTS3_ANCRDT_CLLCTN,1900-01-01,9999-12-31,0
GGRPHCL_ARS_EL303,NUTS3_ANCRDT_CLLCTN,1900-01-01,9999-12-31,0
GGRPHCL_ARS_TV,ISO3166_DSJNT_C_CLLCTN,1900-01-01,9999-12-31,0
GGRPHCL_ARS_FRJ11,NUTS3_ANCRDT_CLLCTN,1900-01-01,9999-12-31,0
GGRPHCL_ARS_GN,ISO3166_DSJNT_C_CLLCTN,1900-01-01,9999-12-31,0
GGRPHCL_ARS_KP,ISO3166_DSJNT_C_CLLCTN,1900-01-01,9999-12-31,0
GGRPHCL_ARS_UKZZZ,NUTS3_ANCRDT_CLLCTN,1900-01-01,2021-01-31,0
GGRPHCL_ARS_KW,ISO3166_DSJNT_C_CLLCTN,1900-01-01,9999-12-31,0
GGRPHCL_ARS_DE216,NUTS3_ANCRDT_CLLCTN,1900-01-01,9999-12-31,0
GGRPHCL_ARS_DE136,NUTS3_ANCRDT_CLLCTN,1900-01-01,9999-12-31,0
GGRPHCL_ARS_PL12A,NUTS3_ANCRDT_CLLCTN,1900-01-01,9999-12-31,0
GGRPHCL_ARS_DE263,NUTS3_ANCRDT_CLLCTN,1900-01-01,9999-12-31,0
GGRPHCL_ARS_DE229,NUTS3_ANCRDT_CLLCTN,1900-01-01,9999-12-31,0
GGRPHCL_ARS_EE00A,NUTS3_ANCRDT_CLLCTN,1900-01-01,9999-12-31,0
GGRPHCL_ARS_DE925,NUTS3_ANCRDT_CLLCTN,1900-01-01,9999-12-31,0
GGRPHCL_ARS_DE143,NUTS3_ANCRDT_CLLCTN,1900-01-01,9999-12-31,0
GGRPHCL_ARS_DEG0M,NUTS3_ANCRDT_CLLCTN,1900-01-01,9999-12-31,0
GGRPHCL_ARS_DE803,NUTS3_ANCRDT_CLLCTN,1900-01-01,9999-12-31,0
GGRPHCL_ARS_MX,ISO3166_DSJNT_C_CLLCTN,1900-01-01,9999-12-31,0
GGRPHCL_ARS_ITC13,NUTS3_ANCRDT_CLLCTN,1900-01-01,9999-12-31,0
GGRPHCL_ARS_LT011,NUTS3_ANCRDT_CLLCTN,1900-01-01,9999-12-31,0
GGRPHCL_ARS_ITH55,NUTS3_ANCRDT_CLLCTN,1900-01-01,9999-12-31,0
GGRPHCL_ARS_AF,ISO3166_DSJNT_C_CLLCTN,1900-01-01,9999-12-31,0
GGRPHCL_ARS_GI,ISO3166_DSJNT_C_CLLCTN,1900-01-01,9999-12-31,0
GGRPHCL_ARS_ITH20,NUTS3_ANCRDT_CLLCTN,1900-01-01,9999-12-31,0
GGRPHCL_ARS_E$,ISO3166_DSJNT_C_CLLCTN,1900-01-01,9999-12-31,0
GGRPHCL_ARS_ITC4D,NUTS3_ANCRDT_CLLCTN,1900-01-01,9999-12-31,0
GGRPHCL_ARS_MV,ISO3166_DSJNT_C_CLLCTN,1900-01-01,9999-12-31,0
GGRPHCL_ARS_IE025,NUTS3_ANCRDT_CLLCTN,1900-01-01,9999-12-31,0
GGRPHCL_ARS_KY,ISO3166_DSJNT_C_CLLCTN,1900-01-01,9999-12-31,0
GGRPHCL_ARS_DE24A,NUTS3_ANCRDT_CLLCTN,1900-01-01,9999-12-31,0
GGRPHCL_ARS_DED45,NUTS3_ANCRDT_CLLCTN,1900-01-01,9999-12-31,0
GGRPHCL_ARS_GG,ISO3166_DSJNT_C_CLLCTN,1900-01-01,9999-12-31,0
GGRPHCL_ARS_DEF09,NUTS3_ANCRDT_CLLCTN,1900-01-01,9999-12-31,0
GGRPHCL_ARS_DE40A,NUTS3_ANCRDT_CLLCTN,1900-01-01,9999-12-31,0
GGRPHCL_ARS_PL843,NUTS3_ANCRDT_CLLCTN,1900-01-01,9999-12-31,0
GGRPHCL_ARS_PL416,NUTS3_ANCRDT_CLLCTN,1900-01-01,9999-12-31,0
GGRPHCL_ARS_DE11D,NUTS3_ANCRDT_CLLCTN,1900-01-01,9999-12-31,0
GGRPHCL_ARS_AT222,NUTS3_ANCRDT_CLLCTN,1900-01-01,9999-12-31,0
GGRPHCL_ARS_UKI32,NUTS3_ANCRDT_CLLCTN,1900-01-01,2021-01-31,0
GGRPHCL_ARS_ES220,NUTS3_ANCRDT_CLLCTN,1900-01-01,9999-12-31,0
GGRPHCL_ARS_ES613,NUTS3_ANCRDT_CLLCTN,1900-01-01,9999-12-31,0
GGRPHCL_ARS_UKD41,NUTS3_ANCRDT_CLLCTN,1900-01-01,2021-01-31,0
GGRPHCL_ARS_UKH14,NUTS3_ANCRDT_CLLCTN,1900-01-01,2021-01-31,0
GGRPHCL_ARS_ES533,NUTS3_ANCRDT_CLLCTN,1900-01-01,9999-12-31,0
GGRPHCL_ARS_ES415,NUTS3_ANCRDT_CLLCTN,1900-01-01,9999-12-31,0
GGRPHCL_ARS_UKJ12,NUTS3_ANCRDT_CLLCTN,1900-01-01,2021-01-31,0
GGRPHCL_ARS_UKE12,NUTS3_ANCRDT_CLLCTN,1900-01-01,2021-01-31,0
GGRPHCL_ARS_NL213,NUTS3_ANCRDT_CLLCTN,1900-01-01,9999-12-31,0
GGRPHCL_ARS_HR065,NUTS3_ANCRDT_CLLCTN,1900-01-01,9999-12-31,0
GGRPHCL_ARS_UKD34,NUTS3_ANCRDT_CLLCTN,1900-01-01,2021-01-31,0
GGRPHCL_ARS_AO,ISO3166_DSJNT_C_CLLCTN,1900-01-01,9999-12-31,0
GGRPHCL_ARS_UKL18,NUTS3_ANCRDT_CLLCTN,1900-01-01,2021-01-31,0
GGRPHCL_ARS_RW,ISO3166_DSJNT_C_CLLCTN,1900-01-01,9999-12-31,0
GGRPHCL_ARS_UKK41,NUTS3_ANCRDT_CLLCTN,1900-01-01,2021-01-31,0
GGRPHCL_ARS_NL133,NUTS3_ANCRDT_CLLCTN,1900-01-01,9999-12-31,0
GGRPHCL_ARS_FR264,NUTS3_ANCRDT_CLLCTN,1900-01-01,9999-12-31,0
GGRPHCL_ARS_MQ,ISO3166_DSJNT_C_CLLCTN,1900-01-01,9999-12-31,0
GGRPHCL_ARS_SE211,NUTS3_ANCRDT_CLLCTN,1900-01-01,9999-12-31,0
GGRPHCL_ARS_FR622,NUTS3_ANCRDT_CLLCTN,1900-01-01,9999-12-31,0
GGRPHCL_ARS_FR211,NUTS3_ANCRDT_CLLCTN,1900-01-01,9999-12-31,0
GGRPHCL_ARS_ST,ISO3166_DSJNT_C_CLLCTN,1900-01-01,9999-12-31,0
GGRPHCL_ARS_DK041,NUTS3_ANCRDT_CLLCTN,1900-01-01,9999-12-31,0
GGRPHCL_ARS_ITG2F,NUTS3_ANCRDT_CLLCTN,1900-01-01,9999-12-31,0
GGRPHCL_ARS_FI1C5,NUTS3_ANCRDT_CLLCTN,1900-01-01,9999-12-31,0
GGRPHCL_ARS_PL812,NUTS3_ANCRDT_CLLCTN,1900-01-01,9999-12-31,0
GGRPHCL_ARS_HU232,NUTS3_ANCRDT_CLLCTN,1900-01-01,9999-12-31,0
GGRPHCL_ARS_YE,ISO3166_DSJNT_C_CLLCTN,1900-01-01,9999-12-31,0
GGRPHCL_ARS_EE007,NUTS3_ANCRDT_CLLCTN,1900-01-01,9999-12-31,0
GGRPHCL_ARS_PL432,NUTS3_ANCRDT_CLLCTN,1900-01-01,9999-12-31,0
GGRPHCL_ARS_LR,ISO3166_DSJNT_C_CLLCTN,1900-01-01,9999-12-31,0
GGRPHCL_ARS_PL127,NUTS3_ANCRDT_CLLCTN,1900-01-01,9999-12-31,0
GGRPHCL_ARS_PL514,NUTS3_ANCRDT_CLLCTN,1900-01-01,9999-12-31,0
GGRPHCL_ARS_DEB21,NUTS3_ANCRDT_CLLCTN,1900-01-01,9999-12-31,0
GGRPHCL_ARS_PL634,NUTS3_ANCRDT_CLLCTN,1900-01-01,9999-12-31,0
GGRPHCL_ARS_PL712,NUTS3_ANCRDT_CLLCTN,1900-01-01,9999-12-31,0
GGRPHCL_ARS_AT126,NUTS3_ANCRDT_CLLCTN,1900-01-01,9999-12-31,0
GGRPHCL_ARS_UKJ36,NUTS3_ANCRDT_CLLCTN,1900-01-01,2021-01-31,0
GGRPHCL_ARS_UKN05,NUTS3_ANCRDT_CLLCTN,1900-01-01,2021-01-31,0
GGRPHCL_ARS_ES431,NUTS3_ANCRDT_CLLCTN,1900-01-01,9999-12-31,0
GGRPHCL_ARS_HR034,NUTS3_ANCRDT_CLLCTN,1900-01-01,9999-12-31,0
GGRPHCL_ARS_UKM25,NUTS3_ANCRDT_CLLCTN,1900-01-01,2021-01-31,0
GGRPHCL_ARS_UKF16,NUTS3_ANCRDT_CLLCTN,1900-01-01,2021-01-31,0
GGRPHCL_ARS_UKJ43,NUTS3_ANCRDT_CLLCTN,1900-01-01,2021-01-31,0
GGRPHCL_ARS_HR041,NUTS3_ANCRDT_CLLCTN,1900-01-01,9999-12-31,0
GGRPHCL_ARS_LU,ISO3166_DSJNT_C_CLLCTN,1900-01-01,9999-12-31,0
GGRPHCL_ARS_UKI63,NUTS3_ANCRDT_CLLCTN,1900-01-01,2021-01-31,0
GGRPHCL_ARS_UKM50,NUTS3_ANCRDT_CLLCTN,1900-01-01,2021-01-31,0
GGRPHCL_ARS_SE313,NUTS3_ANCRDT_CLLCTN,1900-01-01,9999-12-31,0
GGRPHCL_ARS_SS,ISO3166_DSJNT_C_CLLCTN,1900-01-01,9999-12-31,0
GGRPHCL_ARS_RO211,NUTS3_ANCRDT_CLLCTN,1900-01-01,9999-12-31,0
GGRPHCL_ARS_FRD13,NUTS3_ANCRDT_CLLCTN,1900-01-01,9999-12-31,0
GGRPHCL_ARS_RO424,NUTS3_ANCRDT_CLLCTN,1900-01-01,9999-12-31,0
GGRPHCL_ARS_EL512,NUTS3_ANCRDT_CLLCTN,1900-01-01,9999-12-31,0
GGRPHCL_ARS_EL434,NUTS3_ANCRDT_CLLCTN,1900-01-01,9999-12-31,0
GGRPHCL_ARS_FRK13,NUTS3_ANCRDT_CLLCTN,1900-01-01,9999-12-31,0
GGRPHCL_ARS_EL632,NUTS3_ANCRDT_CLLCTN,1900-01-01,9999-12-31,0
GGRPHCL_ARS_FRI15,NUTS3_ANCRDT_CLLCTN,1900-01-01,9999-12-31,0
GGRPHCL_ARS_FJ,ISO3166_DSJNT_C_CLLCTN,1900-01-01,9999-12-31,0
GGRPHCL_ARS_NL33C,NUTS3_ANCRDT_CLLCTN,1900-01-01,9999-12-31,0
GGRPHCL_ARS_DE407,NUTS3_ANCRDT_CLLCTN,1900-01-01,9999-12-31,0
GGRPHCL_ARS_DE112,NUTS3_ANCRDT_CLLCTN,1900-01-01,9999-12-31,0
GGRPHCL_ARS_BE328,NUTS3_ANCRDT_CLLCTN,1900-01-01,9999-12-31,0
GGRPHCL_ARS_DE232,NUTS3_ANCRDT_CLLCTN,1900-01-01,9999-12-31,0
GGRPHCL_ARS_DE278,NUTS3_ANCRDT_CLLCTN,1900-01-01,9999-12-31,0
GGRPHCL_ARS_FM,ISO3166_DSJNT_C_CLLCTN,1900-01-01,9999-12-31,0
GGRPHCL_ARS_DEA2C,NUTS3_ANCRDT_CLLCTN,1900-01-01,9999-12-31,0
GGRPHCL_ARS_SZ,ISO3166_DSJNT_C_CLLCTN,1900-01-01,9999-12-31,0
GGRPHCL_ARS_BE231,NUTS3_ANCRDT_CLLCTN,1900-01-01,9999-12-31,0
GGRPHCL_ARS_DE247,NUTS3_ANCRDT_CLLCTN,1900-01-01,9999-12-31,0
GGRPHCL_ARS_DE718,NUTS3_ANCRDT_CLLCTN,1900-01-01,9999-12-31,0
GGRPHCL_ARS_ITF22,NUTS3_ANCRDT_CLLCTN,1900-01-01,9999-12-31,0
GGRPHCL_ARS_ITI22,NUTS3_ANCRDT_CLLCTN,1900-01-01,9999-12-31,0
GGRPHCL_ARS_ITC42,NUTS3_ANCRDT_CLLCTN,1900-01-01,9999-12-31,0
GGRPHCL_ARS_DEG0D,NUTS3_ANCRDT_CLLCTN,1900-01-01,9999-12-31,0
GGRPHCL_ARS_BE256,NUTS3_ANCRDT_CLLCTN,1900-01-01,9999-12-31,0
GGRPHCL_ARS_DEB1A,NUTS3_ANCRDT_CLLCTN,1900-01-01,9999-12-31,0
GGRPHCL_ARS_N$,ISO3166_DSJNT_C_CLLCTN,1900-01-01,9999-12-31,0
GGRPHCL_ARS_DE735,NUTS3_ANCRDT_CLLCTN,1900-01-01,9999-12-31,0
GGRPHCL_ARS_DEE0B,NUTS3_ANCRDT_CLLCTN,1900-01-01,9999-12-31,0
GGRPHCL_ARS_DED2D,NUTS3_ANCRDT_CLLCTN,1900-01-01,9999-12-31,0
GGRPHCL_ARS_DE913,NUTS3_ANCRDT_CLLCTN,1900-01-01,9999-12-31,0
GGRPHCL_ARS_BE223,NUTS3_ANCRDT_CLLCTN,1900-01-01,9999-12-31,0
GGRPHCL_ARS_SA,ISO3166_DSJNT_C_CLLCTN,1900-01-01,9999-12-31,0
GGRPHCL_ARS_DE255,NUTS3_ANCRDT_CLLCTN,1900-01-01,9999-12-31,0
GGRPHCL_ARS_SI035,NUTS3_ANCRDT_CLLCTN,1900-01-01,9999-12-31,0
GGRPHCL_ARS_ITI45,NUTS3_ANCRDT_CLLCTN,1900-01-01,9999-12-31,0
GGRPHCL_ARS_LT027,NUTS3_ANCRDT_CLLCTN,1900-01-01,9999-12-31,0
GGRPHCL_ARS_ITG16,NUTS3_ANCRDT_CLLCTN,1900-01-01,9999-12-31,0
GGRPHCL_ARS_ITG29,NUTS3_ANCRDT_CLLCTN,1900-01-01,9999-12-31,0
GGRPHCL_ARS_ITF45,NUTS3_ANCRDT_CLLCTN,1900-01-01,9999-12-31,0
GGRPHCL_ARS_FRC12,NUTS3_ANCRDT_CLLCTN,1900-01-01,9999-12-31,0
GGRPHCL_ARS_RO123,NUTS3_ANCRDT_CLLCTN,1900-01-01,9999-12-31,0
GGRPHCL_ARS_FRJ27,NUTS3_ANCRDT_CLLCTN,1900-01-01,9999-12-31,0
GGRPHCL_ARS_JO,ISO3166_DSJNT_C_CLLCTN,1900-01-01,9999-12-31,0
GGRPHCL_ARS_BG311,NUTS3_ANCRDT_CLLCTN,1900-01-01,9999-12-31,0
GGRPHCL_ARS_SK021,NUTS3_ANCRDT_CLLCTN,1900-01-01,9999-12-31,0
GGRPHCL_ARS_ES423,NUTS3_ANCRDT_CLLCTN,1900-01-01,9999-12-31,0
GGRPHCL_ARS_ES703,NUTS3_ANCRDT_CLLCTN,1900-01-01,9999-12-31,0
GGRPHCL_ARS_UKM37,NUTS3_ANCRDT_CLLCTN,1900-01-01,2021-01-31,0
GGRPHCL_ARS_HR026,NUTS3_ANCRDT_CLLCTN,1900-01-01,9999-12-31,0
GGRPHCL_ARS_UKL11,NUTS3_ANCRDT_CLLCTN,1900-01-01,2021-01-31,0
GGRPHCL_ARS_UKG22,NUTS3_ANCRDT_CLLCTN,1900-01-01,2021-01-31,0
GGRPHCL_ARS_UKC11,NUTS3_ANCRDT_CLLCTN,1900-01-01,2021-01-31,0
GGRPHCL_ARS_NL225,NUTS3_ANCRDT_CLLCTN,1900-01-01,9999-12-31,0
GGRPHCL_ARS_UKI71,NUTS3_ANCRDT_CLLCTN,1900-01-01,2021-01-31,0
GGRPHCL_ARS_FR832,NUTS3_ANCRDT_CLLCTN,1900-01-01,9999-12-31,0
GGRPHCL_ARS_SH,ISO3166_DSJNT_C_CLLCTN,1900-01-01,9999-12-31,0
GGRPHCL_ARS_FR252,NUTS3_ANCRDT_CLLCTN,1900-01-01,9999-12-31,0
GGRPHCL_ARS_PT16G,NUTS3_ANCRDT_CLLCTN,1900-01-01,9999-12-31,0
GGRPHCL_ARS_FR412,NUTS3_ANCRDT_CLLCTN,1900-01-01,9999-12-31,0
GGRPHCL_ARS_FR107,NUTS3_ANCRDT_CLLCTN,1900-01-01,9999-12-31,0
GGRPHCL_ARS_FR534,NUTS3_ANCRDT_CLLCTN,1900-01-01,9999-12-31,0
GGRPHCL_ARS_FR614,NUTS3_ANCRDT_CLLCTN,1900-01-01,9999-12-31,0
GGRPHCL_ARS_PT11B,NUTS3_ANCRDT_CLLCTN,1900-01-01,9999-12-31,0
GGRPHCL_ARS_FR301,NUTS3_ANCRDT_CLLCTN,1900-01-01,9999-12-31,0
GGRPHCL_ARS_UG,ISO3166_DSJNT_C_CLLCTN,1900-01-01,9999-12-31,0
GGRPHCL_ARS_SO,ISO3166_DSJNT_C_CLLCTN,1900-01-01,9999-12-31,0
GGRPHCL_ARS_MTZZZ,NUTS3_ANCRDT_CLLCTN,1900-01-01,9999-12-31,0
GGRPHCL_ARS_IE013,NUTS3_ANCRDT_CLLCTN,1900-01-01,9999-12-31,0
GGRPHCL_ARS_DE40H,NUTS3_ANCRDT_CLLCTN,1900-01-01,9999-12-31,0
GGRPHCL_ARS_PL926,NUTS3_ANCRDT_CLLCTN,1900-01-01,9999-12-31,0
GGRPHCL_ARS_DE93A,NUTS3_ANCRDT_CLLCTN,1900-01-01,9999-12-31,0
GGRPHCL_ARS_PL619,NUTS3_ANCRDT_CLLCTN,1900-01-01,9999-12-31,0
GGRPHCL_ARS_AT332,NUTS3_ANCRDT_CLLCTN,1900-01-01,9999-12-31,0
GGRPHCL_ARS_DEB33,NUTS3_ANCRDT_CLLCTN,1900-01-01,9999-12-31,0
GGRPHCL_ARS_DE12B,NUTS3_ANCRDT_CLLCTN,1900-01-01,9999-12-31,0
GGRPHCL_ARS_DE94D,NUTS3_ANCRDT_CLLCTN,1900-01-01,9999-12-31,0
GGRPHCL_ARS_DEA59,NUTS3_ANCRDT_CLLCTN,1900-01-01,9999-12-31,0
GGRPHCL_ARS_DEA13,NUTS3_ANCRDT_CLLCTN,1900-01-01,9999-12-31,0
GGRPHCL_ARS_LI,ISO3166_DSJNT_C_CLLCTN,1900-01-01,9999-12-31,0
GGRPHCL_ARS_SI037,NUTS3_ANCRDT_CLLCTN,1900-01-01,9999-12-31,0
GGRPHCL_ARS_DE257,NUTS3_ANCRDT_CLLCTN,1900-01-01,9999-12-31,0
GGRPHCL_ARS_DE911,NUTS3_ANCRDT_CLLCTN,1900-01-01,9999-12-31,0
GGRPHCL_ARS_BE221,NUTS3_ANCRDT_CLLCTN,1900-01-01,9999-12-31,0
GGRPHCL_ARS_BV,ISO3166_DSJNT_C_CLLCTN,1900-01-01,9999-12-31,0
GGRPHCL_ARS_DE737,NUTS3_ANCRDT_CLLCTN,1900-01-01,9999-12-31,0
GGRPHCL_ARS_DE268,NUTS3_ANCRDT_CLLCTN,1900-01-01,9999-12-31,0
GGRPHCL_ARS_DED2F,NUTS3_ANCRDT_CLLCTN,1900-01-01,9999-12-31,0
GGRPHCL_ARS_DE222,NUTS3_ANCRDT_CLLCTN,1900-01-01,9999-12-31,0
GGRPHCL_ARS_SI042,NUTS3_ANCRDT_CLLCTN,1900-01-01,9999-12-31,0
GGRPHCL_ARS_DE148,NUTS3_ANCRDT_CLLCTN,1900-01-01,9999-12-31,0
GGRPHCL_ARS_DEG0F,NUTS3_ANCRDT_CLLCTN,1900-01-01,9999-12-31,0
GGRPHCL_ARS_BE254,NUTS3_ANCRDT_CLLCTN,1900-01-01,9999-12-31,0
GGRPHCL_ARS_DEB1C,NUTS3_ANCRDT_CLLCTN,1900-01-01,9999-12-31,0
GGRPHCL_ARS_ITC18,NUTS3_ANCRDT_CLLCTN,1900-01-01,9999-12-31,0
GGRPHCL_ARS_ITF47,NUTS3_ANCRDT_CLLCTN,1900-01-01,9999-12-31,0
GGRPHCL_ARS_ITI32,NUTS3_ANCRDT_CLLCTN,1900-01-01,9999-12-31,0
GGRPHCL_ARS_CZ064,NUTS3_ANCRDT_CLLCTN,1900-01-01,9999-12-31,0
GGRPHCL_ARS_ITG14,NUTS3_ANCRDT_CLLCTN,1900-01-01,9999-12-31,0
GGRPHCL_ARS_ITF32,NUTS3_ANCRDT_CLLCTN,1900-01-01,9999-12-31,0
GGRPHCL_ARS_LT025,NUTS3_ANCRDT_CLLCTN,1900-01-01,9999-12-31,0
GGRPHCL_ARS_PTZZZ,NUTS3_ANCRDT_CLLCTN,1900-01-01,9999-12-31,0
GGRPHCL_ARS_EL622,NUTS3_ANCRDT_CLLCTN,1900-01-01,9999-12-31,0
GGRPHCL_ARS_FRJ25,NUTS3_ANCRDT_CLLCTN,1900-01-01,9999-12-31,0
GGRPHCL_ARS_RO121,NUTS3_ANCRDT_CLLCTN,1900-01-01,9999-12-31,0
GGRPHCL_ARS_NO,ISO3166_DSJNT_C_CLLCTN,1900-01-01,9999-12-31,0
GGRPHCL_ARS_SK023,NUTS3_ANCRDT_CLLCTN,1900-01-01,9999-12-31,0
GGRPHCL_ARS_BQ,ISO3166_DSJNT_C_CLLCTN,1900-01-01,9999-12-31,0
GGRPHCL_ARS_BG313,NUTS3_ANCRDT_CLLCTN,1900-01-01,9999-12-31,0
GGRPHCL_ARS_WF,ISO3166_DSJNT_C_CLLCTN,1900-01-01,9999-12-31,0
GGRPHCL_ARS_UKI73,NUTS3_ANCRDT_CLLCTN,1900-01-01,2021-01-31,0
GGRPHCL_ARS_ES618,NUTS3_ANCRDT_CLLCTN,1900-01-01,9999-12-31,0
GGRPHCL_ARS_NA,ISO3166_DSJNT_C_CLLCTN,1900-01-01,9999-12-31,0
GGRPHCL_ARS_NL412,NUTS3_ANCRDT_CLLCTN,1900-01-01,9999-12-31,0
GGRPHCL_ARS_UKC13,NUTS3_ANCRDT_CLLCTN,1900-01-01,2021-01-31,0
GGRPHCL_ARS_UKM35,NUTS3_ANCRDT_CLLCTN,1900-01-01,2021-01-31,0
GGRPHCL_ARS_HR024,NUTS3_ANCRDT_CLLCTN,1900-01-01,9999-12-31,0
GGRPHCL_ARS_UKL13,NUTS3_ANCRDT_CLLCTN,1900-01-01,2021-01-31,0
GGRPHCL_ARS_HN,ISO3166_DSJNT_C_CLLCTN,1900-01-01,9999-12-31,0
GGRPHCL_ARS_UKJ26,NUTS3_ANCRDT_CLLCTN,1900-01-01,2021-01-31,0
GGRPHCL_ARS_UKN15,NUTS3_ANCRDT_CLLCTN,1900-01-01,2021-01-31,0
GGRPHCL_ARS_ES421,NUTS3_ANCRDT_CLLCTN,1900-01-01,9999-12-31,0
GGRPHCL_ARS_FR105,NUTS3_ANCRDT_CLLCTN,1900-01-01,9999-12-31,0
GGRPHCL_ARS_UKM95,NUTS3_ANCRDT_CLLCTN,1900-01-01,2021-01-31,0
GGRPHCL_ARS_PT16E,NUTS3_ANCRDT_CLLCTN,1900-01-01,9999-12-31,0
GGRPHCL_ARS_IE011,NUTS3_ANCRDT_CLLCTN,1900-01-01,9999-12-31,0
GGRPHCL_ARS_ITZZZ,NUTS3_ANCRDT_CLLCTN,1900-01-01,9999-12-31,0
GGRPHCL_ARS_PL331,NUTS3_ANCRDT_CLLCTN,1900-01-01,9999-12-31,0
GGRPHCL_ARS_DEA11,NUTS3_ANCRDT_CLLCTN,1900-01-01,9999-12-31,0
GGRPHCL_ARS_PL217,NUTS3_ANCRDT_CLLCTN,1900-01-01,9999-12-31,0
GGRPHCL_ARS_DE71E,NUTS3_ANCRDT_CLLCTN,1900-01-01,9999-12-31,0
GGRPHCL_ARS_DEF02,NUTS3_ANCRDT_CLLCTN,1900-01-01,9999-12-31,0
GGRPHCL_ARS_DEB31,NUTS3_ANCRDT_CLLCTN,1900-01-01,9999-12-31,0
GGRPHCL_ARS_NF,ISO3166_DSJNT_C_CLLCTN,1900-01-01,9999-12-31,0
GGRPHCL_ARS_DE94F,NUTS3_ANCRDT_CLLCTN,1900-01-01,9999-12-31,0
GGRPHCL_ARS_PL344,NUTS3_ANCRDT_CLLCTN,1900-01-01,9999-12-31,0
GGRPHCL_ARS_DE27E,NUTS3_ANCRDT_CLLCTN,1900-01-01,9999-12-31,0
GGRPHCL_ARS_PL228,NUTS3_ANCRDT_CLLCTN,1900-01-01,9999-12-31,0
GGRPHCL_ARS_HU222,NUTS3_ANCRDT_CLLCTN,1900-01-01,9999-12-31,0
GGRPHCL_ARS_HU102,NUTS3_ANCRDT_CLLCTN,1900-01-01,9999-12-31,0
GGRPHCL_ARS_PL924,NUTS3_ANCRDT_CLLCTN,1900-01-01,9999-12-31,0
GGRPHCL_ARS_ITG2D,NUTS3_ANCRDT_CLLCTN,1900-01-01,9999-12-31,0
GGRPHCL_ARS_FI1D2,NUTS3_ANCRDT_CLLCTN,1900-01-01,9999-12-31,0
GGRPHCL_ARS_PL636,NUTS3_ANCRDT_CLLCTN,1900-01-01,9999-12-31,0
GGRPHCL_ARS_DE21B,NUTS3_ANCRDT_CLLCTN,1900-01-01,9999-12-31,0
GGRPHCL_ARS_PL323,NUTS3_ANCRDT_CLLCTN,1900-01-01,9999-12-31,0
GGRPHCL_ARS_AT124,NUTS3_ANCRDT_CLLCTN,1900-01-01,9999-12-31,0
GGRPHCL_ARS_DEC05,NUTS3_ANCRDT_CLLCTN,1900-01-01,9999-12-31,0
GGRPHCL_ARS_PL516,NUTS3_ANCRDT_CLLCTN,1900-01-01,9999-12-31,0
GGRPHCL_ARS_DEB23,NUTS3_ANCRDT_CLLCTN,1900-01-01,9999-12-31,0
GGRPHCL_ARS_AT322,NUTS3_ANCRDT_CLLCTN,1900-01-01,9999-12-31,0
GGRPHCL_ARS_HR,ISO3166_DSJNT_C_CLLCTN,1900-01-01,9999-12-31,0
GGRPHCL_ARS_DEG09,NUTS3_ANCRDT_CLLCTN,1900-01-01,9999-12-31,0
GGRPHCL_ARS_HU110,NUTS3_ANCRDT_CLLCTN,1900-01-01,9999-12-31,0
GGRPHCL_ARS_UKD12,NUTS3_ANCRDT_CLLCTN,1900-01-01,2021-01-31,0
GGRPHCL_ARS_ES640,NUTS3_ANCRDT_CLLCTN,1900-01-01,9999-12-31,0
GGRPHCL_ARS_HR043,NUTS3_ANCRDT_CLLCTN,1900-01-01,9999-12-31,0
GGRPHCL_ARS_UKI61,NUTS3_ANCRDT_CLLCTN,1900-01-01,2021-01-31,0
GGRPHCL_ARS_NZ,ISO3166_DSJNT_C_CLLCTN,1900-01-01,9999-12-31,0
GGRPHCL_ARS_UKF14,NUTS3_ANCRDT_CLLCTN,1900-01-01,2021-01-31,0
GGRPHCL_ARS_UKJ41,NUTS3_ANCRDT_CLLCTN,1900-01-01,2021-01-31,0
GGRPHCL_ARS_UKG32,NUTS3_ANCRDT_CLLCTN,1900-01-01,2021-01-31,0
GGRPHCL_ARS_HR036,NUTS3_ANCRDT_CLLCTN,1900-01-01,9999-12-31,0
GGRPHCL_ARS_UKH32,NUTS3_ANCRDT_CLLCTN,1900-01-01,2021-01-31,0
GGRPHCL_ARS_HU,ISO3166_DSJNT_C_CLLCTN,1900-01-01,9999-12-31,0
GGRPHCL_ARS_UKM27,NUTS3_ANCRDT_CLLCTN,1900-01-01,2021-01-31,0
GGRPHCL_ARS_UKE41,NUTS3_ANCRDT_CLLCTN,1900-01-01,2021-01-31,0
GGRPHCL_ARS_UKN07,NUTS3_ANCRDT_CLLCTN,1900-01-01,2021-01-31,0
GGRPHCL_ARS_UKJ34,NUTS3_ANCRDT_CLLCTN,1900-01-01,2021-01-31,0
GGRPHCL_ARS_UKK12,NUTS3_ANCRDT_CLLCTN,1900-01-01,2021-01-31,0
GGRPHCL_ARS_CYZZZ,NUTS3_ANCRDT_CLLCTN,1900-01-01,9999-12-31,0
GGRPHCL_ARS_WS,ISO3166_DSJNT_C_CLLCTN,1900-01-01,9999-12-31,0
GGRPHCL_ARS_FR722,NUTS3_ANCRDT_CLLCTN,1900-01-01,9999-12-31,0
GGRPHCL_ARS_DK,ISO3166_DSJNT_C_CLLCTN,1900-01-01,9999-12-31,0
GGRPHCL_ARS_FR524,NUTS3_ANCRDT_CLLCTN,1900-01-01,9999-12-31,0
GGRPHCL_ARS_FR242,NUTS3_ANCRDT_CLLCTN,1900-01-01,9999-12-31,0
GGRPHCL_ARS_SE311,NUTS3_ANCRDT_CLLCTN,1900-01-01,9999-12-31,0
GGRPHCL_ARS_BD,ISO3166_DSJNT_C_CLLCTN,1900-01-01,9999-12-31,0
GGRPHCL_ARS_FR822,NUTS3_ANCRDT_CLLCTN,1900-01-01,9999-12-31,0
GGRPHCL_ARS_FRL02,NUTS3_ANCRDT_CLLCTN,1900-01-01,9999-12-31,0
GGRPHCL_ARS_FRK11,NUTS3_ANCRDT_CLLCTN,1900-01-01,9999-12-31,0
GGRPHCL_ARS_FRD11,NUTS3_ANCRDT_CLLCTN,1900-01-01,9999-12-31,0
GGRPHCL_ARS_EL645,NUTS3_ANCRDT_CLLCTN,1900-01-01,9999-12-31,0
GGRPHCL_ARS_PT200,NUTS3_ANCRDT_CLLCTN,1900-01-01,9999-12-31,0
GGRPHCL_ARS_RO213,NUTS3_ANCRDT_CLLCTN,1900-01-01,9999-12-31,0
GGRPHCL_ARS_BG412,NUTS3_ANCRDT_CLLCTN,1900-01-01,9999-12-31,0
GGRPHCL_ARS_SK031,NUTS3_ANCRDT_CLLCTN,1900-01-01,9999-12-31,0
GGRPHCL_ARS_BJ,ISO3166_DSJNT_C_CLLCTN,1900-01-01,9999-12-31,0
GGRPHCL_ARS_DE,ISO3166_DSJNT_C_CLLCTN,1900-01-01,9999-12-31,0
GGRPHCL_ARS_NL33A,NUTS3_ANCRDT_CLLCTN,1900-01-01,9999-12-31,0
GGRPHCL_ARS_BM,ISO3166_DSJNT_C_CLLCTN,1900-01-01,9999-12-31,0
GGRPHCL_ARS_DE245,NUTS3_ANCRDT_CLLCTN,1900-01-01,9999-12-31,0
GGRPHCL_ARS_BE233,NUTS3_ANCRDT_CLLCTN,1900-01-01,9999-12-31,0
GGRPHCL_ARS_DE949,NUTS3_ANCRDT_CLLCTN,1900-01-01,9999-12-31,0
GGRPHCL_ARS_DE725,NUTS3_ANCRDT_CLLCTN,1900-01-01,9999-12-31,0
GGRPHCL_ARS_DEA2A,NUTS3_ANCRDT_CLLCTN,1900-01-01,9999-12-31,0
GGRPHCL_ARS_DE405,NUTS3_ANCRDT_CLLCTN,1900-01-01,9999-12-31,0
GGRPHCL_ARS_LT008,NUTS3_ANCRDT_CLLCTN,1900-01-01,9999-12-31,0
GGRPHCL_ARS_EL412,NUTS3_ANCRDT_CLLCTN,1900-01-01,9999-12-31,0
GGRPHCL_ARS_FRJ13,NUTS3_ANCRDT_CLLCTN,1900-01-01,9999-12-31,0
GGRPHCL_ARS_FRI33,NUTS3_ANCRDT_CLLCTN,1900-01-01,9999-12-31,0
GGRPHCL_ARS_EL301,NUTS3_ANCRDT_CLLCTN,1900-01-01,9999-12-31,0
GGRPHCL_ARS_LV007,NUTS3_ANCRDT_CLLCTN,1900-01-01,9999-12-31,0
GGRPHCL_ARS_CN,ISO3166_DSJNT_C_CLLCTN,1900-01-01,9999-12-31,0
GGRPHCL_ARS_EL541,NUTS3_ANCRDT_CLLCTN,1900-01-01,9999-12-31,0
GGRPHCL_ARS_FRF33,NUTS3_ANCRDT_CLLCTN,1900-01-01,9999-12-31,0
GGRPHCL_ARS_RO311,NUTS3_ANCRDT_CLLCTN,1900-01-01,9999-12-31,0
GGRPHCL_ARS_FRA20,NUTS3_ANCRDT_CLLCTN,1900-01-01,9999-12-31,0
GGRPHCL_ARS_BG325,NUTS3_ANCRDT_CLLCTN,1900-01-01,9999-12-31,0
GGRPHCL_ARS_HR04E,NUTS3_ANCRDT_CLLCTN,1900-01-01,9999-12-31,0
GGRPHCL_ARS_DE927,NUTS3_ANCRDT_CLLCTN,1900-01-01,9999-12-31,0
GGRPHCL_ARS_DE141,NUTS3_ANCRDT_CLLCTN,1900-01-01,9999-12-31,0
GGRPHCL_ARS_BE331,NUTS3_ANCRDT_CLLCTN,1900-01-01,9999-12-31,0
GGRPHCL_ARS_DE261,NUTS3_ANCRDT_CLLCTN,1900-01-01,9999-12-31,0
GGRPHCL_ARS_DE134,NUTS3_ANCRDT_CLLCTN,1900-01-01,9999-12-31,0
GGRPHCL_ARS_BE344,NUTS3_ANCRDT_CLLCTN,1900-01-01,9999-12-31,0
GGRPHCL_ARS_DE918,NUTS3_ANCRDT_CLLCTN,1900-01-01,9999-12-31,0
GGRPHCL_ARS_PL12C,NUTS3_ANCRDT_CLLCTN,1900-01-01,9999-12-31,0
GGRPHCL_ARS_DE214,NUTS3_ANCRDT_CLLCTN,1900-01-01,9999-12-31,0
GGRPHCL_ARS_CZ052,NUTS3_ANCRDT_CLLCTN,1900-01-01,9999-12-31,0
GGRPHCL_ARS_ITH57,NUTS3_ANCRDT_CLLCTN,1900-01-01,9999-12-31,0
GGRPHCL_ARS_ITC11,NUTS3_ANCRDT_CLLCTN,1900-01-01,9999-12-31,0
GGRPHCL_ARS_CI,ISO3166_DSJNT_C_CLLCTN,1900-01-01,9999-12-31,0
GGRPHCL_ARS_DK012,NUTS3_ANCRDT_CLLCTN,1900-01-01,9999-12-31,0
GGRPHCL_ARS_IE052,NUTS3_ANCRDT_CLLCTN,1900-01-01,9999-12-31,0
GGRPHCL_ARS_DE40C,NUTS3_ANCRDT_CLLCTN,1900-01-01,9999-12-31,0
GGRPHCL_ARS_PL841,NUTS3_ANCRDT_CLLCTN,1900-01-01,9999-12-31,0
GGRPHCL_ARS_PL414,NUTS3_ANCRDT_CLLCTN,1900-01-01,9999-12-31,0
GGRPHCL_ARS_DEA27,NUTS3_ANCRDT_CLLCTN,1900-01-01,9999-12-31,0
GGRPHCL_ARS_CG,ISO3166_DSJNT_C_CLLCTN,1900-01-01,9999-12-31,0
GGRPHCL_ARS_PL912,NUTS3_ANCRDT_CLLCTN,1900-01-01,9999-12-31,0
GGRPHCL_ARS_DEB38,NUTS3_ANCRDT_CLLCTN,1900-01-01,9999-12-31,0
GGRPHCL_ARS_EH,ISO3166_DSJNT_C_CLLCTN,1900-01-01,9999-12-31,0
GGRPHCL_ARS_HU332,NUTS3_ANCRDT_CLLCTN,1900-01-01,9999-12-31,0
GGRPHCL_ARS_DE24C,NUTS3_ANCRDT_CLLCTN,1900-01-01,9999-12-31,0
GGRPHCL_ARS_DEA52,NUTS3_ANCRDT_CLLCTN,1900-01-01,9999-12-31,0
GGRPHCL_ARS_DEA18,NUTS3_ANCRDT_CLLCTN,1900-01-01,9999-12-31,0
GGRPHCL_ARS_UKK43,NUTS3_ANCRDT_CLLCTN,1900-01-01,2021-01-31,0
GGRPHCL_ARS_UKF30,NUTS3_ANCRDT_CLLCTN,1900-01-01,2021-01-31,0
GGRPHCL_ARS_NL131,NUTS3_ANCRDT_CLLCTN,1900-01-01,9999-12-31,0
GGRPHCL_ARS_UKI45,NUTS3_ANCRDT_CLLCTN,1900-01-01,2021-01-31,0
GGRPHCL_ARS_UKM76,NUTS3_ANCRDT_CLLCTN,1900-01-01,2021-01-31,0
GGRPHCL_ARS_ES708,NUTS3_ANCRDT_CLLCTN,1900-01-01,9999-12-31,0
GGRPHCL_ARS_NL211,NUTS3_ANCRDT_CLLCTN,1900-01-01,9999-12-31,0
GGRPHCL_ARS_UKD36,NUTS3_ANCRDT_CLLCTN,1900-01-01,2021-01-31,0
GGRPHCL_ARS_NL337,NUTS3_ANCRDT_CLLCTN,1900-01-01,9999-12-31,0
GGRPHCL_ARS_ES531,NUTS3_ANCRDT_CLLCTN,1900-01-01,9999-12-31,0
GGRPHCL_ARS_ES417,NUTS3_ANCRDT_CLLCTN,1900-01-01,9999-12-31,0
GGRPHCL_ARS_UKH16,NUTS3_ANCRDT_CLLCTN,1900-01-01,2021-01-31,0
GGRPHCL_ARS_ES611,NUTS3_ANCRDT_CLLCTN,1900-01-01,9999-12-31,0
GGRPHCL_ARS_NL342,NUTS3_ANCRDT_CLLCTN,1900-01-01,9999-12-31,0
GGRPHCL_ARS_FR213,NUTS3_ANCRDT_CLLCTN,1900-01-01,9999-12-31,0
GGRPHCL_ARS_IQ,ISO3166_DSJNT_C_CLLCTN,1900-01-01,9999-12-31,0
GGRPHCL_ARS_SE213,NUTS3_ANCRDT_CLLCTN,1900-01-01,9999-12-31,0
GGRPHCL_ARS_NL123,NUTS3_ANCRDT_CLLCTN,1900-01-01,9999-12-31,0
GGRPHCL_ARS_UKF22,NUTS3_ANCRDT_CLLCTN,1900-01-01,2021-01-31,0
GGRPHCL_ARS_NL325,NUTS3_ANCRDT_CLLCTN,1900-01-01,9999-12-31,0
GGRPHCL_ARS_FI193,NUTS3_ANCRDT_CLLCTN,1900-01-01,9999-12-31,0
GGRPHCL_ARS_UKM64,NUTS3_ANCRDT_CLLCTN,1900-01-01,2021-01-31,0
GGRPHCL_ARS_ET,ISO3166_DSJNT_C_CLLCTN,1900-01-01,9999-12-31,0
GGRPHCL_ARS_ES523,NUTS3_ANCRDT_CLLCTN,1900-01-01,9999-12-31,0
GGRPHCL_ARS_ES230,NUTS3_ANCRDT_CLLCTN,1900-01-01,9999-12-31,0
GGRPHCL_ARS_FR512,NUTS3_ANCRDT_CLLCTN,1900-01-01,9999-12-31,0
GGRPHCL_ARS_FR434,NUTS3_ANCRDT_CLLCTN,1900-01-01,9999-12-31,0
GGRPHCL_ARS_FR714,NUTS3_ANCRDT_CLLCTN,1900-01-01,9999-12-31,0
GGRPHCL_ARS_FR632,NUTS3_ANCRDT_CLLCTN,1900-01-01,9999-12-31,0
GGRPHCL_ARS_FR814,NUTS3_ANCRDT_CLLCTN,1900-01-01,9999-12-31,0
GGRPHCL_ARS_SE121,NUTS3_ANCRDT_CLLCTN,1900-01-01,9999-12-31,0
GGRPHCL_ARS_IM,ISO3166_DSJNT_C_CLLCTN,1900-01-01,9999-12-31,0
GGRPHCL_ARS_AT314,NUTS3_ANCRDT_CLLCTN,1900-01-01,9999-12-31,0
GGRPHCL_ARS_DE80N,NUTS3_ANCRDT_CLLCTN,1900-01-01,9999-12-31,0
GGRPHCL_ARS_DEB15,NUTS3_ANCRDT_CLLCTN,1900-01-01,9999-12-31,0
GGRPHCL_ARS_PL113,NUTS3_ANCRDT_CLLCTN,1900-01-01,9999-12-31,0
GGRPHCL_ARS_DEE06,NUTS3_ANCRDT_CLLCTN,1900-01-01,9999-12-31,0
GGRPHCL_ARS_DEA35,NUTS3_ANCRDT_CLLCTN,1900-01-01,9999-12-31,0
GGRPHCL_ARS_AT112,NUTS3_ANCRDT_CLLCTN,1900-01-01,9999-12-31,0
GGRPHCL_ARS_PL315,NUTS3_ANCRDT_CLLCTN,1900-01-01,9999-12-31,0
GGRPHCL_ARS_ES,ISO3166_DSJNT_C_CLLCTN,1900-01-01,9999-12-31,0
GGRPHCL_ARS_DE21K,NUTS3_ANCRDT_CLLCTN,1900-01-01,9999-12-31,0
GGRPHCL_ARS_DE25A,NUTS3_ANCRDT_CLLCTN,1900-01-01,9999-12-31,0
GGRPHCL_ARS_BE323,NUTS3_ANCRDT_CLLCTN,1900-01-01,9999-12-31,0
GGRPHCL_ARS_DE119,NUTS3_ANCRDT_CLLCTN,1900-01-01,9999-12-31,0
GGRPHCL_ARS_DE935,NUTS3_ANCRDT_CLLCTN,1900-01-01,9999-12-31,0
GGRPHCL_ARS_DE239,NUTS3_ANCRDT_CLLCTN,1900-01-01,9999-12-31,0
GGRPHCL_ARS_DE273,NUTS3_ANCRDT_CLLCTN,1900-01-01,9999-12-31,0
GGRPHCL_ARS_DEB3G,NUTS3_ANCRDT_CLLCTN,1900-01-01,9999-12-31,0
GGRPHCL_ARS_DEF0D,NUTS3_ANCRDT_CLLCTN,1900-01-01,9999-12-31,0
GGRPHCL_ARS_DE126,NUTS3_ANCRDT_CLLCTN,1900-01-01,9999-12-31,0
GGRPHCL_ARS_PL21A,NUTS3_ANCRDT_CLLCTN,1900-01-01,9999-12-31,0
GGRPHCL_ARS_DE713,NUTS3_ANCRDT_CLLCTN,1900-01-01,9999-12-31,0
GGRPHCL_ARS_ITI16,NUTS3_ANCRDT_CLLCTN,1900-01-01,9999-12-31,0
GGRPHCL_ARS_ITF63,NUTS3_ANCRDT_CLLCTN,1900-01-01,9999-12-31,0
GGRPHCL_ARS_VE,ISO3166_DSJNT_C_CLLCTN,1900-01-01,9999-12-31,0
GGRPHCL_ARS_LT001,NUTS3_ANCRDT_CLLCTN,1900-01-01,9999-12-31,0
GGRPHCL_ARS_CR,ISO3166_DSJNT_C_CLLCTN,1900-01-01,9999-12-31,0
GGRPHCL_ARS_ITC49,NUTS3_ANCRDT_CLLCTN,1900-01-01,9999-12-31,0
GGRPHCL_ARS_EL526,NUTS3_ANCRDT_CLLCTN,1900-01-01,9999-12-31,0
GGRPHCL_ARS_FRK27,NUTS3_ANCRDT_CLLCTN,1900-01-01,9999-12-31,0
GGRPHCL_ARS_FRI21,NUTS3_ANCRDT_CLLCTN,1900-01-01,9999-12-31,0
GGRPHCL_ARS_FRF21,NUTS3_ANCRDT_CLLCTN,1900-01-01,9999-12-31,0
GGRPHCL_ARS_RO225,NUTS3_ANCRDT_CLLCTN,1900-01-01,9999-12-31,0
GGRPHCL_ARS_CU,ISO3166_DSJNT_C_CLLCTN,1900-01-01,9999-12-31,0
GGRPHCL_ARS_PM,ISO3166_DSJNT_C_CLLCTN,1900-01-01,9999-12-31,0
GGRPHCL_ARS_BG424,NUTS3_ANCRDT_CLLCTN,1900-01-01,9999-12-31,0
GGRPHCL_ARS_BG342,NUTS3_ANCRDT_CLLCTN,1900-01-01,9999-12-31,0
GGRPHCL_ARS_ID,ISO3166_DSJNT_C_CLLCTN,1900-01-01,9999-12-31,0
GGRPHCL_ARS_SKZZZ,NUTS3_ANCRDT_CLLCTN,1900-01-01,9999-12-31,0
GGRPHCL_ARS_HR04D,NUTS3_ANCRDT_CLLCTN,1900-01-01,9999-12-31,0
GGRPHCL_ARS_MP,ISO3166_DSJNT_C_CLLCTN,1900-01-01,9999-12-31,0
GGRPHCL_ARS_BG324,NUTS3_ANCRDT_CLLCTN,1900-01-01,9999-12-31,0
GGRPHCL_ARS_FRE12,NUTS3_ANCRDT_CLLCTN,1900-01-01,9999-12-31,0
GGRPHCL_ARS_RO116,NUTS3_ANCRDT_CLLCTN,1900-01-01,9999-12-31,0
GGRPHCL_ARS_LV006,NUTS3_ANCRDT_CLLCTN,1900-01-01,9999-12-31,0
GGRPHCL_ARS_FRF32,NUTS3_ANCRDT_CLLCTN,1900-01-01,9999-12-31,0
GGRPHCL_ARS_FRB01,NUTS3_ANCRDT_CLLCTN,1900-01-01,9999-12-31,0
GGRPHCL_ARS_FRI32,NUTS3_ANCRDT_CLLCTN,1900-01-01,9999-12-31,0
GGRPHCL_ARS_FRM01,NUTS3_ANCRDT_CLLCTN,1900-01-01,9999-12-31,0
GGRPHCL_ARS_PT170,NUTS3_ANCRDT_CLLCTN,1900-01-01,9999-12-31,0
GGRPHCL_ARS_EL413,NUTS3_ANCRDT_CLLCTN,1900-01-01,9999-12-31,0
GGRPHCL_ARS_FRJ12,NUTS3_ANCRDT_CLLCTN,1900-01-01,9999-12-31,0
GGRPHCL_ARS_GA,ISO3166_DSJNT_C_CLLCTN,1900-01-01,9999-12-31,0
GGRPHCL_ARS_ITH56,NUTS3_ANCRDT_CLLCTN,1900-01-01,9999-12-31,0
GGRPHCL_ARS_AI,ISO3166_DSJNT_C_CLLCTN,1900-01-01,9999-12-31,0
GGRPHCL_ARS_GF,ISO3166_DSJNT_C_CLLCTN,1900-01-01,9999-12-31,0
GGRPHCL_ARS_CZ053,NUTS3_ANCRDT_CLLCTN,1900-01-01,9999-12-31,0
GGRPHCL_ARS_DE215,NUTS3_ANCRDT_CLLCTN,1900-01-01,9999-12-31,0
GGRPHCL_ARS_BE345,NUTS3_ANCRDT_CLLCTN,1900-01-01,9999-12-31,0
GGRPHCL_ARS_DE919,NUTS3_ANCRDT_CLLCTN,1900-01-01,9999-12-31,0
GGRPHCL_ARS_DE135,NUTS3_ANCRDT_CLLCTN,1900-01-01,9999-12-31,0
GGRPHCL_ARS_PL12B,NUTS3_ANCRDT_CLLCTN,1900-01-01,9999-12-31,0
GGRPHCL_ARS_DEG0N,NUTS3_ANCRDT_CLLCTN,1900-01-01,9999-12-31,0
GGRPHCL_ARS_DE926,NUTS3_ANCRDT_CLLCTN,1900-01-01,9999-12-31,0
GGRPHCL_ARS_MW,ISO3166_DSJNT_C_CLLCTN,1900-01-01,9999-12-31,0
GGRPHCL_ARS_HU333,NUTS3_ANCRDT_CLLCTN,1900-01-01,9999-12-31,0
GGRPHCL_ARS_DE24B,NUTS3_ANCRDT_CLLCTN,1900-01-01,9999-12-31,0
GGRPHCL_ARS_DEA19,NUTS3_ANCRDT_CLLCTN,1900-01-01,9999-12-31,0
GGRPHCL_ARS_GH,ISO3166_DSJNT_C_CLLCTN,1900-01-01,9999-12-31,0
GGRPHCL_ARS_DEA53,NUTS3_ANCRDT_CLLCTN,1900-01-01,9999-12-31,0
GGRPHCL_ARS_DEB39,NUTS3_ANCRDT_CLLCTN,1900-01-01,9999-12-31,0
GGRPHCL_ARS_PL913,NUTS3_ANCRDT_CLLCTN,1900-01-01,9999-12-31,0
GGRPHCL_ARS_DEA26,NUTS3_ANCRDT_CLLCTN,1900-01-01,9999-12-31,0
GGRPHCL_ARS_PL613,NUTS3_ANCRDT_CLLCTN,1900-01-01,9999-12-31,0
GGRPHCL_ARS_DE40B,NUTS3_ANCRDT_CLLCTN,1900-01-01,9999-12-31,0
GGRPHCL_ARS_AT221,NUTS3_ANCRDT_CLLCTN,1900-01-01,9999-12-31,0
GGRPHCL_ARS_AG,ISO3166_DSJNT_C_CLLCTN,1900-01-01,9999-12-31,0
GGRPHCL_ARS_PL415,NUTS3_ANCRDT_CLLCTN,1900-01-01,9999-12-31,0
GGRPHCL_ARS_IE053,NUTS3_ANCRDT_CLLCTN,1900-01-01,9999-12-31,0
GGRPHCL_ARS_MY,ISO3166_DSJNT_C_CLLCTN,1900-01-01,9999-12-31,0
GGRPHCL_ARS_DK013,NUTS3_ANCRDT_CLLCTN,1900-01-01,9999-12-31,0
GGRPHCL_ARS_FRZZZ,NUTS3_ANCRDT_CLLCTN,1900-01-01,9999-12-31,0
GGRPHCL_ARS_SE212,NUTS3_ANCRDT_CLLCTN,1900-01-01,9999-12-31,0
GGRPHCL_ARS_FR212,NUTS3_ANCRDT_CLLCTN,1900-01-01,9999-12-31,0
GGRPHCL_ARS_FR621,NUTS3_ANCRDT_CLLCTN,1900-01-01,9999-12-31,0
GGRPHCL_ARS_SEZZZ,NUTS3_ANCRDT_CLLCTN,1900-01-01,9999-12-31,0
GGRPHCL_ARS_FI200,NUTS3_ANCRDT_CLLCTN,1900-01-01,9999-12-31,0
GGRPHCL_ARS_UKI31,NUTS3_ANCRDT_CLLCTN,1900-01-01,2021-01-31,0
GGRPHCL_ARS_UKL24,NUTS3_ANCRDT_CLLCTN,1900-01-01,2021-01-31,0
GGRPHCL_ARS_UKH17,NUTS3_ANCRDT_CLLCTN,1900-01-01,2021-01-31,0
GGRPHCL_ARS_UKD42,NUTS3_ANCRDT_CLLCTN,1900-01-01,2021-01-31,0
GGRPHCL_ARS_TW,ISO3166_DSJNT_C_CLLCTN,1900-01-01,9999-12-31,0
GGRPHCL_ARS_UKJ11,NUTS3_ANCRDT_CLLCTN,1900-01-01,2021-01-31,0
GGRPHCL_ARS_ES416,NUTS3_ANCRDT_CLLCTN,1900-01-01,9999-12-31,0
GGRPHCL_ARS_ES709,NUTS3_ANCRDT_CLLCTN,1900-01-01,9999-12-31,0
GGRPHCL_ARS_UKI44,NUTS3_ANCRDT_CLLCTN,1900-01-01,2021-01-31,0
GGRPHCL_ARS_UKM77,NUTS3_ANCRDT_CLLCTN,1900-01-01,2021-01-31,0
GGRPHCL_ARS_UKE11,NUTS3_ANCRDT_CLLCTN,1900-01-01,2021-01-31,0
GGRPHCL_ARS_UKD37,NUTS3_ANCRDT_CLLCTN,1900-01-01,2021-01-31,0
GGRPHCL_ARS_UKK42,NUTS3_ANCRDT_CLLCTN,1900-01-01,2021-01-31,0
GGRPHCL_ARS_FIZZZ,NUTS3_ANCRDT_CLLCTN,1900-01-01,9999-12-31,0
GGRPHCL_ARS_ME,ISO3166_DSJNT_C_CLLCTN,1900-01-01,9999-12-31,0
GGRPHCL_ARS_FR815,NUTS3_ANCRDT_CLLCTN,1900-01-01,9999-12-31,0
GGRPHCL_ARS_FR715,NUTS3_ANCRDT_CLLCTN,1900-01-01,9999-12-31,0
GGRPHCL_ARS_FR633,NUTS3_ANCRDT_CLLCTN,1900-01-01,9999-12-31,0
GGRPHCL_ARS_FR513,NUTS3_ANCRDT_CLLCTN,1900-01-01,9999-12-31,0
GGRPHCL_ARS_GT,ISO3166_DSJNT_C_CLLCTN,1900-01-01,9999-12-31,0
GGRPHCL_ARS_TL,ISO3166_DSJNT_C_CLLCTN,1900-01-01,9999-12-31,0
GGRPHCL_ARS_ES522,NUTS3_ANCRDT_CLLCTN,1900-01-01,9999-12-31,0
GGRPHCL_ARS_ES111,NUTS3_ANCRDT_CLLCTN,1900-01-01,9999-12-31,0
GGRPHCL_ARS_NL324,NUTS3_ANCRDT_CLLCTN,1900-01-01,9999-12-31,0
GGRPHCL_ARS_UKM65,NUTS3_ANCRDT_CLLCTN,1900-01-01,2021-01-31,0
GGRPHCL_ARS_NL122,NUTS3_ANCRDT_CLLCTN,1900-01-01,9999-12-31,0
GGRPHCL_ARS_DEA41,NUTS3_ANCRDT_CLLCTN,1900-01-01,9999-12-31,0
GGRPHCL_ARS_HU321,NUTS3_ANCRDT_CLLCTN,1900-01-01,9999-12-31,0
GGRPHCL_ARS_DE21J,NUTS3_ANCRDT_CLLCTN,1900-01-01,9999-12-31,0
GGRPHCL_ARS_GS,ISO3166_DSJNT_C_CLLCTN,1900-01-01,9999-12-31,0
GGRPHCL_ARS_TK,ISO3166_DSJNT_C_CLLCTN,1900-01-01,9999-12-31,0
GGRPHCL_ARS_DEE07,NUTS3_ANCRDT_CLLCTN,1900-01-01,9999-12-31,0
GGRPHCL_ARS_DEA34,NUTS3_ANCRDT_CLLCTN,1900-01-01,9999-12-31,0
GGRPHCL_ARS_DED21,NUTS3_ANCRDT_CLLCTN,1900-01-01,9999-12-31,0
GGRPHCL_ARS_PL314,NUTS3_ANCRDT_CLLCTN,1900-01-01,9999-12-31,0
GGRPHCL_ARS_AT113,NUTS3_ANCRDT_CLLCTN,1900-01-01,9999-12-31,0
GGRPHCL_ARS_DEG01,NUTS3_ANCRDT_CLLCTN,1900-01-01,9999-12-31,0
GGRPHCL_ARS_DEB14,NUTS3_ANCRDT_CLLCTN,1900-01-01,9999-12-31,0
GGRPHCL_ARS_DE80O,NUTS3_ANCRDT_CLLCTN,1900-01-01,9999-12-31,0
GGRPHCL_ARS_AT315,NUTS3_ANCRDT_CLLCTN,1900-01-01,9999-12-31,0
GGRPHCL_ARS_IE041,NUTS3_ANCRDT_CLLCTN,1900-01-01,9999-12-31,0
GGRPHCL_ARS_KM,ISO3166_DSJNT_C_CLLCTN,1900-01-01,9999-12-31,0
GGRPHCL_ARS_AR,ISO3166_DSJNT_C_CLLCTN,1900-01-01,9999-12-31,0
GGRPHCL_ARS_ITC48,NUTS3_ANCRDT_CLLCTN,1900-01-01,9999-12-31,0
GGRPHCL_ARS_ITH44,NUTS3_ANCRDT_CLLCTN,1900-01-01,9999-12-31,0
GGRPHCL_ARS_ITF62,NUTS3_ANCRDT_CLLCTN,1900-01-01,9999-12-31,0
GGRPHCL_ARS_CZ041,NUTS3_ANCRDT_CLLCTN,1900-01-01,9999-12-31,0
GGRPHCL_ARS_ITH31,NUTS3_ANCRDT_CLLCTN,1900-01-01,9999-12-31,0
GGRPHCL_ARS_ITI17,NUTS3_ANCRDT_CLLCTN,1900-01-01,9999-12-31,0
GGRPHCL_ARS_DE712,NUTS3_ANCRDT_CLLCTN,1900-01-01,9999-12-31,0
GGRPHCL_ARS_DEA1F,NUTS3_ANCRDT_CLLCTN,1900-01-01,9999-12-31,0
GGRPHCL_ARS_DEB3F,NUTS3_ANCRDT_CLLCTN,1900-01-01,9999-12-31,0
GGRPHCL_ARS_DEF0E,NUTS3_ANCRDT_CLLCTN,1900-01-01,9999-12-31,0
GGRPHCL_ARS_DE941,NUTS3_ANCRDT_CLLCTN,1900-01-01,9999-12-31,0
GGRPHCL_ARS_DE127,NUTS3_ANCRDT_CLLCTN,1900-01-01,9999-12-31,0
GGRPHCL_ARS_DE272,NUTS3_ANCRDT_CLLCTN,1900-01-01,9999-12-31,0
GGRPHCL_ARS_ML,ISO3166_DSJNT_C_CLLCTN,1900-01-01,9999-12-31,0
GGRPHCL_ARS_DE238,NUTS3_ANCRDT_CLLCTN,1900-01-01,9999-12-31,0
GGRPHCL_ARS_DE934,NUTS3_ANCRDT_CLLCTN,1900-01-01,9999-12-31,0
GGRPHCL_ARS_DE118,NUTS3_ANCRDT_CLLCTN,1900-01-01,9999-12-31,0
GGRPHCL_ARS_BE322,NUTS3_ANCRDT_CLLCTN,1900-01-01,9999-12-31,0
GGRPHCL_ARS_BG343,NUTS3_ANCRDT_CLLCTN,1900-01-01,9999-12-31,0
GGRPHCL_ARS_BG425,NUTS3_ANCRDT_CLLCTN,1900-01-01,9999-12-31,0
GGRPHCL_ARS_MK,ISO3166_DSJNT_C_CLLCTN,1900-01-01,9999-12-31,0
GGRPHCL_ARS_RO411,NUTS3_ANCRDT_CLLCTN,1900-01-01,9999-12-31,0
GGRPHCL_ARS_AU,ISO3166_DSJNT_C_CLLCTN,1900-01-01,9999-12-31,0
GGRPHCL_ARS_RO224,NUTS3_ANCRDT_CLLCTN,1900-01-01,9999-12-31,0
GGRPHCL_ARS_EL527,NUTS3_ANCRDT_CLLCTN,1900-01-01,9999-12-31,0
GGRPHCL_ARS_LVZZZ,NUTS3_ANCRDT_CLLCTN,1900-01-01,9999-12-31,0
GGRPHCL_ARS_FRK26,NUTS3_ANCRDT_CLLCTN,1900-01-01,9999-12-31,0
GGRPHCL_ARS_CZ010,NUTS3_ANCRDT_CLLCTN,1900-01-01,9999-12-31,0
GGRPHCL_ARS_LT024,NUTS3_ANCRDT_CLLCTN,1900-01-01,9999-12-31,0
GGRPHCL_ARS_ITG15,NUTS3_ANCRDT_CLLCTN,1900-01-01,9999-12-31,0
GGRPHCL_ARS_ITF33,NUTS3_ANCRDT_CLLCTN,1900-01-01,9999-12-31,0
GGRPHCL_ARS_ITI33,NUTS3_ANCRDT_CLLCTN,1900-01-01,9999-12-31,0
TYP_TRNSFR_7,TYP_TRNSFR_ANCRDT_CLLCTN,1900-01-01,9999-12-31,0
GGRPHCL_ARS_ITF46,NUTS3_ANCRDT_CLLCTN,1900-01-01,9999-12-31,0
GGRPHCL_ARS_DEG0G,NUTS3_ANCRDT_CLLCTN,1900-01-01,9999-12-31,0
GGRPHCL_ARS_DE149,NUTS3_ANCRDT_CLLCTN,1900-01-01,9999-12-31,0
GGRPHCL_ARS_DEB1B,NUTS3_ANCRDT_CLLCTN,1900-01-01,9999-12-31,0
GGRPHCL_ARS_UA,ISO3166_DSJNT_C_CLLCTN,1900-01-01,9999-12-31,0
GGRPHCL_ARS_BE255,NUTS3_ANCRDT_CLLCTN,1900-01-01,9999-12-31,0
GGRPHCL_ARS_DEE0A,NUTS3_ANCRDT_CLLCTN,1900-01-01,9999-12-31,0
GGRPHCL_ARS_DE736,NUTS3_ANCRDT_CLLCTN,1900-01-01,9999-12-31,0
GGRPHCL_ARS_DE223,NUTS3_ANCRDT_CLLCTN,1900-01-01,9999-12-31,0
GGRPHCL_ARS_SI043,NUTS3_ANCRDT_CLLCTN,1900-01-01,9999-12-31,0
GGRPHCL_ARS_DE269,NUTS3_ANCRDT_CLLCTN,1900-01-01,9999-12-31,0
GGRPHCL_ARS_BE100,NUTS3_ANCRDT_CLLCTN,1900-01-01,9999-12-31,0
GGRPHCL_ARS_SN,ISO3166_DSJNT_C_CLLCTN,1900-01-01,9999-12-31,0
GGRPHCL_ARS_SI036,NUTS3_ANCRDT_CLLCTN,1900-01-01,9999-12-31,0
GGRPHCL_ARS_DE256,NUTS3_ANCRDT_CLLCTN,1900-01-01,9999-12-31,0
GGRPHCL_ARS_BG312,NUTS3_ANCRDT_CLLCTN,1900-01-01,9999-12-31,0
GGRPHCL_ARS_SI,ISO3166_DSJNT_C_CLLCTN,1900-01-01,9999-12-31,0
GGRPHCL_ARS_SK022,NUTS3_ANCRDT_CLLCTN,1900-01-01,9999-12-31,0
GGRPHCL_ARS_FRC11,NUTS3_ANCRDT_CLLCTN,1900-01-01,9999-12-31,0
GGRPHCL_ARS_FRJ24,NUTS3_ANCRDT_CLLCTN,1900-01-01,9999-12-31,0
GGRPHCL_ARS_EL623,NUTS3_ANCRDT_CLLCTN,1900-01-01,9999-12-31,0
GGRPHCL_ARS_SE224,NUTS3_ANCRDT_CLLCTN,1900-01-01,9999-12-31,0
GGRPHCL_ARS_FR831,NUTS3_ANCRDT_CLLCTN,1900-01-01,9999-12-31,0
GGRPHCL_ARS_SG,ISO3166_DSJNT_C_CLLCTN,1900-01-01,9999-12-31,0
GGRPHCL_ARS_PT16D,NUTS3_ANCRDT_CLLCTN,1900-01-01,9999-12-31,0
GGRPHCL_ARS_FR628,NUTS3_ANCRDT_CLLCTN,1900-01-01,9999-12-31,0
GGRPHCL_ARS_UKM94,NUTS3_ANCRDT_CLLCTN,1900-01-01,2021-01-31,0
GGRPHCL_ARS_FR251,NUTS3_ANCRDT_CLLCTN,1900-01-01,9999-12-31,0
GGRPHCL_ARS_FR411,NUTS3_ANCRDT_CLLCTN,1900-01-01,9999-12-31,0
GGRPHCL_ARS_FR104,NUTS3_ANCRDT_CLLCTN,1900-01-01,9999-12-31,0
GGRPHCL_ARS_PT11A,NUTS3_ANCRDT_CLLCTN,1900-01-01,9999-12-31,0
GGRPHCL_ARS_FR302,NUTS3_ANCRDT_CLLCTN,1900-01-01,9999-12-31,0
GGRPHCL_ARS_UKJ27,NUTS3_ANCRDT_CLLCTN,1900-01-01,2021-01-31,0
GGRPHCL_ARS_UKN14,NUTS3_ANCRDT_CLLCTN,1900-01-01,2021-01-31,0
GGRPHCL_ARS_UKM34,NUTS3_ANCRDT_CLLCTN,1900-01-01,2021-01-31,0
GGRPHCL_ARS_UKL12,NUTS3_ANCRDT_CLLCTN,1900-01-01,2021-01-31,0
GGRPHCL_ARS_UKH21,NUTS3_ANCRDT_CLLCTN,1900-01-01,2021-01-31,0
GGRPHCL_ARS_UKD74,NUTS3_ANCRDT_CLLCTN,1900-01-01,2021-01-31,0
GGRPHCL_ARS_HR025,NUTS3_ANCRDT_CLLCTN,1900-01-01,9999-12-31,0
GGRPHCL_ARS_UKC12,NUTS3_ANCRDT_CLLCTN,1900-01-01,2021-01-31,0
GGRPHCL_ARS_UKG21,NUTS3_ANCRDT_CLLCTN,1900-01-01,2021-01-31,0
GGRPHCL_ARS_NL413,NUTS3_ANCRDT_CLLCTN,1900-01-01,9999-12-31,0
GGRPHCL_ARS_LA,ISO3166_DSJNT_C_CLLCTN,1900-01-01,9999-12-31,0
GGRPHCL_ARS_UKI72,NUTS3_ANCRDT_CLLCTN,1900-01-01,2021-01-31,0
GGRPHCL_ARS_NL226,NUTS3_ANCRDT_CLLCTN,1900-01-01,9999-12-31,0
GGRPHCL_ARS_HR050,NUTS3_ANCRDT_CLLCTN,1900-01-01,9999-12-31,0
GGRPHCL_ARS_PL925,NUTS3_ANCRDT_CLLCTN,1900-01-01,9999-12-31,0
GGRPHCL_ARS_DE93B,NUTS3_ANCRDT_CLLCTN,1900-01-01,9999-12-31,0
GGRPHCL_ARS_BE32D,NUTS3_ANCRDT_CLLCTN,1900-01-01,9999-12-31,0
GGRPHCL_ARS_DE27D,NUTS3_ANCRDT_CLLCTN,1900-01-01,9999-12-31,0
GGRPHCL_ARS_PL345,NUTS3_ANCRDT_CLLCTN,1900-01-01,9999-12-31,0
GGRPHCL_ARS_HU223,NUTS3_ANCRDT_CLLCTN,1900-01-01,9999-12-31,0
GGRPHCL_ARS_PL229,NUTS3_ANCRDT_CLLCTN,1900-01-01,9999-12-31,0
GGRPHCL_ARS_DEF03,NUTS3_ANCRDT_CLLCTN,1900-01-01,9999-12-31,0
GGRPHCL_ARS_AT331,NUTS3_ANCRDT_CLLCTN,1900-01-01,9999-12-31,0
GGRPHCL_ARS_DE94G,NUTS3_ANCRDT_CLLCTN,1900-01-01,9999-12-31,0
GGRPHCL_ARS_DE12A,NUTS3_ANCRDT_CLLCTN,1900-01-01,9999-12-31,0
GGRPHCL_ARS_DE71D,NUTS3_ANCRDT_CLLCTN,1900-01-01,9999-12-31,0
GGRPHCL_ARS_DK050,NUTS3_ANCRDT_CLLCTN,1900-01-01,9999-12-31,0
GGRPHCL_ARS_ITI1A,NUTS3_ANCRDT_CLLCTN,1900-01-01,9999-12-31,0
GGRPHCL_ARS_PL811,NUTS3_ANCRDT_CLLCTN,1900-01-01,9999-12-31,0
GGRPHCL_ARS_HU231,NUTS3_ANCRDT_CLLCTN,1900-01-01,9999-12-31,0
GGRPHCL_ARS_EE004,NUTS3_ANCRDT_CLLCTN,1900-01-01,9999-12-31,0
GGRPHCL_ARS_PL431,NUTS3_ANCRDT_CLLCTN,1900-01-01,9999-12-31,0
GGRPHCL_ARS_DEC04,NUTS3_ANCRDT_CLLCTN,1900-01-01,9999-12-31,0
GGRPHCL_ARS_AT323,NUTS3_ANCRDT_CLLCTN,1900-01-01,9999-12-31,0
GGRPHCL_ARS_PL517,NUTS3_ANCRDT_CLLCTN,1900-01-01,9999-12-31,0
GGRPHCL_ARS_DEB22,NUTS3_ANCRDT_CLLCTN,1900-01-01,9999-12-31,0
GGRPHCL_ARS_PL637,NUTS3_ANCRDT_CLLCTN,1900-01-01,9999-12-31,0
GGRPHCL_ARS_AT125,NUTS3_ANCRDT_CLLCTN,1900-01-01,9999-12-31,0
GGRPHCL_ARS_PL711,NUTS3_ANCRDT_CLLCTN,1900-01-01,9999-12-31,0
GGRPHCL_ARS_DE21C,NUTS3_ANCRDT_CLLCTN,1900-01-01,9999-12-31,0
GGRPHCL_ARS_DK042,NUTS3_ANCRDT_CLLCTN,1900-01-01,9999-12-31,0
TYP_PRTCTN_4,TYP_PRTCTN_ANCRDT_CLLCTN,1900-01-01,9999-12-31,0
GGRPHCL_ARS_FI1D3,NUTS3_ANCRDT_CLLCTN,1900-01-01,9999-12-31,0
GGRPHCL_ARS_ITG2E,NUTS3_ANCRDT_CLLCTN,1900-01-01,9999-12-31,0
GGRPHCL_ARS_FR823,NUTS3_ANCRDT_CLLCTN,1900-01-01,9999-12-31,0
GGRPHCL_ARS_FR243,NUTS3_ANCRDT_CLLCTN,1900-01-01,9999-12-31,0
GGRPHCL_ARS_FK,ISO3166_DSJNT_C_CLLCTN,1900-01-01,9999-12-31,0
GGRPHCL_ARS_US,ISO3166_DSJNT_C_CLLCTN,1900-01-01,9999-12-31,0
GGRPHCL_ARS_FR723,NUTS3_ANCRDT_CLLCTN,1900-01-01,9999-12-31,0
GGRPHCL_ARS_ES432,NUTS3_ANCRDT_CLLCTN,1900-01-01,9999-12-31,0
GGRPHCL_ARS_UKN06,NUTS3_ANCRDT_CLLCTN,1900-01-01,2021-01-31,0
GGRPHCL_ARS_UKJ35,NUTS3_ANCRDT_CLLCTN,1900-01-01,2021-01-31,0
GGRPHCL_ARS_ES514,NUTS3_ANCRDT_CLLCTN,1900-01-01,9999-12-31,0
GGRPHCL_ARS_UKK13,NUTS3_ANCRDT_CLLCTN,1900-01-01,2021-01-31,0
GGRPHCL_ARS_HR037,NUTS3_ANCRDT_CLLCTN,1900-01-01,9999-12-31,0
GGRPHCL_ARS_UKM26,NUTS3_ANCRDT_CLLCTN,1900-01-01,2021-01-31,0
GGRPHCL_ARS_UKF15,NUTS3_ANCRDT_CLLCTN,1900-01-01,2021-01-31,0
GGRPHCL_ARS_UKG33,NUTS3_ANCRDT_CLLCTN,1900-01-01,2021-01-31,0
GGRPHCL_ARS_HR042,NUTS3_ANCRDT_CLLCTN,1900-01-01,9999-12-31,0
GGRPHCL_ARS_PT181,NUTS3_ANCRDT_CLLCTN,1900-01-01,9999-12-31,0
GGRPHCL_ARS_SR,ISO3166_DSJNT_C_CLLCTN,1900-01-01,9999-12-31,0
GGRPHCL_ARS_BG413,NUTS3_ANCRDT_CLLCTN,1900-01-01,9999-12-31,0
GGRPHCL_ARS_FRY30,NUTS3_ANCRDT_CLLCTN,1900-01-01,9999-12-31,0
GGRPHCL_ARS_RO212,NUTS3_ANCRDT_CLLCTN,1900-01-01,9999-12-31,0
GGRPHCL_ARS_LT,ISO3166_DSJNT_C_CLLCTN,1900-01-01,9999-12-31,0
GGRPHCL_ARS_EL644,NUTS3_ANCRDT_CLLCTN,1900-01-01,9999-12-31,0
GGRPHCL_ARS_EL511,NUTS3_ANCRDT_CLLCTN,1900-01-01,9999-12-31,0
GGRPHCL_ARS_FRL03,NUTS3_ANCRDT_CLLCTN,1900-01-01,9999-12-31,0
GGRPHCL_ARS_ROZZZ,NUTS3_ANCRDT_CLLCTN,1900-01-01,9999-12-31,0
GGRPHCL_ARS_EL631,NUTS3_ANCRDT_CLLCTN,1900-01-01,9999-12-31,0
GGRPHCL_ARS_LS,ISO3166_DSJNT_C_CLLCTN,1900-01-01,9999-12-31,0
GGRPHCL_ARS_ITF21,NUTS3_ANCRDT_CLLCTN,1900-01-01,9999-12-31,0
GGRPHCL_ARS_ITC34,NUTS3_ANCRDT_CLLCTN,1900-01-01,9999-12-31,0
GGRPHCL_ARS_LT009,NUTS3_ANCRDT_CLLCTN,1900-01-01,9999-12-31,0
GGRPHCL_ARS_ITI21,NUTS3_ANCRDT_CLLCTN,1900-01-01,9999-12-31,0
GGRPHCL_ARS_ITC41,NUTS3_ANCRDT_CLLCTN,1900-01-01,9999-12-31,0
GGRPHCL_ARS_DE404,NUTS3_ANCRDT_CLLCTN,1900-01-01,9999-12-31,0
GGRPHCL_ARS_DE111,NUTS3_ANCRDT_CLLCTN,1900-01-01,9999-12-31,0
GGRPHCL_ARS_UZ,ISO3166_DSJNT_C_CLLCTN,1900-01-01,9999-12-31,0
GGRPHCL_ARS_DE231,NUTS3_ANCRDT_CLLCTN,1900-01-01,9999-12-31,0
GGRPHCL_ARS_DE724,NUTS3_ANCRDT_CLLCTN,1900-01-01,9999-12-31,0
GGRPHCL_ARS_BE232,NUTS3_ANCRDT_CLLCTN,1900-01-01,9999-12-31,0
GGRPHCL_ARS_DE948,NUTS3_ANCRDT_CLLCTN,1900-01-01,9999-12-31,0
GGRPHCL_ARS_DE244,NUTS3_ANCRDT_CLLCTN,1900-01-01,9999-12-31,0
GGRPHCL_ARS_NR,ISO3166_DSJNT_C_CLLCTN,1900-01-01,9999-12-31,0
GGRPHCL_ARS_AT127,NUTS3_ANCRDT_CLLCTN,1900-01-01,9999-12-31,0
GGRPHCL_ARS_PL713,NUTS3_ANCRDT_CLLCTN,1900-01-01,9999-12-31,0
GGRPHCL_ARS_DE21A,NUTS3_ANCRDT_CLLCTN,1900-01-01,9999-12-31,0
GGRPHCL_ARS_DEC06,NUTS3_ANCRDT_CLLCTN,1900-01-01,9999-12-31,0
GGRPHCL_ARS_DE13A,NUTS3_ANCRDT_CLLCTN,1900-01-01,9999-12-31,0
GGRPHCL_ARS_AT321,NUTS3_ANCRDT_CLLCTN,1900-01-01,9999-12-31,0
GGRPHCL_ARS_PL515,NUTS3_ANCRDT_CLLCTN,1900-01-01,9999-12-31,0
GGRPHCL_ARS_HU233,NUTS3_ANCRDT_CLLCTN,1900-01-01,9999-12-31,0
GGRPHCL_ARS_EE006,NUTS3_ANCRDT_CLLCTN,1900-01-01,9999-12-31,0
GGRPHCL_ARS_ITG2G,NUTS3_ANCRDT_CLLCTN,1900-01-01,9999-12-31,0
GGRPHCL_ARS_FI1C4,NUTS3_ANCRDT_CLLCTN,1900-01-01,9999-12-31,0
GGRPHCL_ARS_BL,ISO3166_DSJNT_C_CLLCTN,1900-01-01,9999-12-31,0
GGRPHCL_ARS_FI1D1,NUTS3_ANCRDT_CLLCTN,1900-01-01,9999-12-31,0
GGRPHCL_ARS_FR721,NUTS3_ANCRDT_CLLCTN,1900-01-01,9999-12-31,0
GGRPHCL_ARS_FR241,NUTS3_ANCRDT_CLLCTN,1900-01-01,9999-12-31,0
GGRPHCL_ARS_UKM84,NUTS3_ANCRDT_CLLCTN,1900-01-01,2021-01-31,0
GGRPHCL_ARS_SE312,NUTS3_ANCRDT_CLLCTN,1900-01-01,9999-12-31,0
GGRPHCL_ARS_FR821,NUTS3_ANCRDT_CLLCTN,1900-01-01,9999-12-31,0
GGRPHCL_ARS_NL310,NUTS3_ANCRDT_CLLCTN,1900-01-01,9999-12-31,0
GGRPHCL_ARS_UKD11,NUTS3_ANCRDT_CLLCTN,1900-01-01,2021-01-31,0
GGRPHCL_ARS_UKI62,NUTS3_ANCRDT_CLLCTN,1900-01-01,2021-01-31,0
GGRPHCL_ARS_NU,ISO3166_DSJNT_C_CLLCTN,1900-01-01,9999-12-31,0
GGRPHCL_ARS_UKG31,NUTS3_ANCRDT_CLLCTN,1900-01-01,2021-01-31,0
GGRPHCL_ARS_UKH31,NUTS3_ANCRDT_CLLCTN,1900-01-01,2021-01-31,0
GGRPHCL_ARS_HR035,NUTS3_ANCRDT_CLLCTN,1900-01-01,9999-12-31,0
GGRPHCL_ARS_UKE42,NUTS3_ANCRDT_CLLCTN,1900-01-01,2021-01-31,0
GGRPHCL_ARS_UKM24,NUTS3_ANCRDT_CLLCTN,1900-01-01,2021-01-31,0
GGRPHCL_ARS_UKJ37,NUTS3_ANCRDT_CLLCTN,1900-01-01,2021-01-31,0
GGRPHCL_ARS_UKN04,NUTS3_ANCRDT_CLLCTN,1900-01-01,2021-01-31,0
GGRPHCL_ARS_UKK11,NUTS3_ANCRDT_CLLCTN,1900-01-01,2021-01-31,0
GGRPHCL_ARS_SK032,NUTS3_ANCRDT_CLLCTN,1900-01-01,9999-12-31,0
GGRPHCL_ARS_BG411,NUTS3_ANCRDT_CLLCTN,1900-01-01,9999-12-31,0
GGRPHCL_ARS_BE,ISO3166_DSJNT_C_CLLCTN,1900-01-01,9999-12-31,0
GGRPHCL_ARS_DJ,ISO3166_DSJNT_C_CLLCTN,1900-01-01,9999-12-31,0
GGRPHCL_ARS_NL33B,NUTS3_ANCRDT_CLLCTN,1900-01-01,9999-12-31,0
GGRPHCL_ARS_FRL01,NUTS3_ANCRDT_CLLCTN,1900-01-01,9999-12-31,0
GGRPHCL_ARS_HT,ISO3166_DSJNT_C_CLLCTN,1900-01-01,9999-12-31,0
GGRPHCL_ARS_FRI14,NUTS3_ANCRDT_CLLCTN,1900-01-01,9999-12-31,0
GGRPHCL_ARS_EL633,NUTS3_ANCRDT_CLLCTN,1900-01-01,9999-12-31,0
GGRPHCL_ARS_EL513,NUTS3_ANCRDT_CLLCTN,1900-01-01,9999-12-31,0
GGRPHCL_ARS_FRK12,NUTS3_ANCRDT_CLLCTN,1900-01-01,9999-12-31,0
GGRPHCL_ARS_FRD12,NUTS3_ANCRDT_CLLCTN,1900-01-01,9999-12-31,0
GGRPHCL_ARS_ITC43,NUTS3_ANCRDT_CLLCTN,1900-01-01,9999-12-31,0
GGRPHCL_ARS_BB,ISO3166_DSJNT_C_CLLCTN,1900-01-01,9999-12-31,0
GGRPHCL_ARS_DE246,NUTS3_ANCRDT_CLLCTN,1900-01-01,9999-12-31,0
GGRPHCL_ARS_DE719,NUTS3_ANCRDT_CLLCTN,1900-01-01,9999-12-31,0
GGRPHCL_ARS_DE279,NUTS3_ANCRDT_CLLCTN,1900-01-01,9999-12-31,0
GGRPHCL_ARS_DE233,NUTS3_ANCRDT_CLLCTN,1900-01-01,9999-12-31,0
GGRPHCL_ARS_DE600,NUTS3_ANCRDT_CLLCTN,1900-01-01,9999-12-31,0
GGRPHCL_ARS_DEA2B,NUTS3_ANCRDT_CLLCTN,1900-01-01,9999-12-31,0
GGRPHCL_ARS_DM,ISO3166_DSJNT_C_CLLCTN,1900-01-01,9999-12-31,0
GGRPHCL_ARS_DE406,NUTS3_ANCRDT_CLLCTN,1900-01-01,9999-12-31,0
GGRPHCL_ARS_BE329,NUTS3_ANCRDT_CLLCTN,1900-01-01,9999-12-31,0
GGRPHCL_ARS_DE113,NUTS3_ANCRDT_CLLCTN,1900-01-01,9999-12-31,0
GGRPHCL_ARS_ITG28,NUTS3_ANCRDT_CLLCTN,1900-01-01,9999-12-31,0
GGRPHCL_ARS_ITF44,NUTS3_ANCRDT_CLLCTN,1900-01-01,9999-12-31,0
GGRPHCL_ARS_ITI31,NUTS3_ANCRDT_CLLCTN,1900-01-01,9999-12-31,0
GGRPHCL_ARS_ITG17,NUTS3_ANCRDT_CLLCTN,1900-01-01,9999-12-31,0
GGRPHCL_ARS_ITF31,NUTS3_ANCRDT_CLLCTN,1900-01-01,9999-12-31,0
GGRPHCL_ARS_ITI44,NUTS3_ANCRDT_CLLCTN,1900-01-01,9999-12-31,0
GGRPHCL_ARS_LT026,NUTS3_ANCRDT_CLLCTN,1900-01-01,9999-12-31,0
GGRPHCL_ARS_NG,ISO3166_DSJNT_C_CLLCTN,1900-01-01,9999-12-31,0
GGRPHCL_ARS_DE254,NUTS3_ANCRDT_CLLCTN,1900-01-01,9999-12-31,0
GGRPHCL_ARS_SI034,NUTS3_ANCRDT_CLLCTN,1900-01-01,9999-12-31,0
GGRPHCL_ARS_DE912,NUTS3_ANCRDT_CLLCTN,1900-01-01,9999-12-31,0
GGRPHCL_ARS_BY,ISO3166_DSJNT_C_CLLCTN,1900-01-01,9999-12-31,0
GGRPHCL_ARS_BE222,NUTS3_ANCRDT_CLLCTN,1900-01-01,9999-12-31,0
GGRPHCL_ARS_QA,ISO3166_DSJNT_C_CLLCTN,1900-01-01,9999-12-31,0
GGRPHCL_ARS_DEE0C,NUTS3_ANCRDT_CLLCTN,1900-01-01,9999-12-31,0
GGRPHCL_ARS_DE734,NUTS3_ANCRDT_CLLCTN,1900-01-01,9999-12-31,0
GGRPHCL_ARS_SI041,NUTS3_ANCRDT_CLLCTN,1900-01-01,9999-12-31,0
GGRPHCL_ARS_DE221,NUTS3_ANCRDT_CLLCTN,1900-01-01,9999-12-31,0
GGRPHCL_ARS_DED2E,NUTS3_ANCRDT_CLLCTN,1900-01-01,9999-12-31,0
GGRPHCL_ARS_DEG0E,NUTS3_ANCRDT_CLLCTN,1900-01-01,9999-12-31,0
GGRPHCL_ARS_BE257,NUTS3_ANCRDT_CLLCTN,1900-01-01,9999-12-31,0
GGRPHCL_ARS_FRY20,NUTS3_ANCRDT_CLLCTN,1900-01-01,9999-12-31,0
GGRPHCL_ARS_EL621,NUTS3_ANCRDT_CLLCTN,1900-01-01,9999-12-31,0
TYP_PRTCTN_9,TYP_PRTCTN_ANCRDT_CLLCTN,1900-01-01,9999-12-31,0
GGRPHCL_ARS_FRJ26,NUTS3_ANCRDT_CLLCTN,1900-01-01,9999-12-31,0
GGRPHCL_ARS_RO122,NUTS3_ANCRDT_CLLCTN,1900-01-01,9999-12-31,0
GGRPHCL_ARS_ELZZZ,NUTS3_ANCRDT_CLLCTN,1900-01-01,9999-12-31,0
GGRPHCL_ARS_FRC13,NUTS3_ANCRDT_CLLCTN,1900-01-01,9999-12-31,0
GGRPHCL_ARS_PT11C,NUTS3_ANCRDT_CLLCTN,1900-01-01,9999-12-31,0
GGRPHCL_ARS_FR615,NUTS3_ANCRDT_CLLCTN,1900-01-01,9999-12-31,0
GGRPHCL_ARS_FR413,NUTS3_ANCRDT_CLLCTN,1900-01-01,9999-12-31,0
GGRPHCL_ARS_FR106,NUTS3_ANCRDT_CLLCTN,1900-01-01,9999-12-31,0
GGRPHCL_ARS_PT16F,NUTS3_ANCRDT_CLLCTN,1900-01-01,9999-12-31,0
GGRPHCL_ARS_FR253,NUTS3_ANCRDT_CLLCTN,1900-01-01,9999-12-31,0
GGRPHCL_ARS_NL224,NUTS3_ANCRDT_CLLCTN,1900-01-01,9999-12-31,0
GGRPHCL_ARS_UKG23,NUTS3_ANCRDT_CLLCTN,1900-01-01,2021-01-31,0
GGRPHCL_ARS_NL411,NUTS3_ANCRDT_CLLCTN,1900-01-01,9999-12-31,0
TYP_PRTCTN_3,TYP_PRTCTN_ANCRDT_CLLCTN,1900-01-01,9999-12-31,0
GGRPHCL_ARS_UKM36,NUTS3_ANCRDT_CLLCTN,1900-01-01,2021-01-31,0
GGRPHCL_ARS_UKH23,NUTS3_ANCRDT_CLLCTN,1900-01-01,2021-01-31,0
GGRPHCL_ARS_HR027,NUTS3_ANCRDT_CLLCTN,1900-01-01,9999-12-31,0
GGRPHCL_ARS_ES422,NUTS3_ANCRDT_CLLCTN,1900-01-01,9999-12-31,0
GGRPHCL_ARS_UKN16,NUTS3_ANCRDT_CLLCTN,1900-01-01,2021-01-31,0
GGRPHCL_ARS_UKJ25,NUTS3_ANCRDT_CLLCTN,1900-01-01,2021-01-31,0
GGRPHCL_ARS_PL332,NUTS3_ANCRDT_CLLCTN,1900-01-01,9999-12-31,0
GGRPHCL_ARS_EEZZZ,NUTS3_ANCRDT_CLLCTN,1900-01-01,9999-12-31,0
GGRPHCL_ARS_PL214,NUTS3_ANCRDT_CLLCTN,1900-01-01,9999-12-31,0
GGRPHCL_ARS_DEA12,NUTS3_ANCRDT_CLLCTN,1900-01-01,9999-12-31,0
GGRPHCL_ARS_DEA58,NUTS3_ANCRDT_CLLCTN,1900-01-01,9999-12-31,0
GGRPHCL_ARS_DEB32,NUTS3_ANCRDT_CLLCTN,1900-01-01,9999-12-31,0
GGRPHCL_ARS_DEF01,NUTS3_ANCRDT_CLLCTN,1900-01-01,9999-12-31,0
GGRPHCL_ARS_AT333,NUTS3_ANCRDT_CLLCTN,1900-01-01,9999-12-31,0
GGRPHCL_ARS_DE94E,NUTS3_ANCRDT_CLLCTN,1900-01-01,9999-12-31,0
GGRPHCL_ARS_DE12C,NUTS3_ANCRDT_CLLCTN,1900-01-01,9999-12-31,0
GGRPHCL_ARS_NI,ISO3166_DSJNT_C_CLLCTN,1900-01-01,9999-12-31,0
GGRPHCL_ARS_HU221,NUTS3_ANCRDT_CLLCTN,1900-01-01,9999-12-31,0
GGRPHCL_ARS_PL618,NUTS3_ANCRDT_CLLCTN,1900-01-01,9999-12-31,0
GGRPHCL_ARS_HU101,NUTS3_ANCRDT_CLLCTN,1900-01-01,9999-12-31,0
GGRPHCL_ARS_DE40I,NUTS3_ANCRDT_CLLCTN,1900-01-01,9999-12-31,0
GGRPHCL_ARS_IE012,NUTS3_ANCRDT_CLLCTN,1900-01-01,9999-12-31,0
GGRPHCL_ARS_BW,ISO3166_DSJNT_C_CLLCTN,1900-01-01,9999-12-31,0
GGRPHCL_ARS_IE,ISO3166_DSJNT_C_CLLCTN,1900-01-01,9999-12-31,0
GGRPHCL_ARS_FR511,NUTS3_ANCRDT_CLLCTN,1900-01-01,9999-12-31,0
GGRPHCL_ARS_FR717,NUTS3_ANCRDT_CLLCTN,1900-01-01,9999-12-31,0
GGRPHCL_ARS_FR631,NUTS3_ANCRDT_CLLCTN,1900-01-01,9999-12-31,0
GGRPHCL_ARS_SE122,NUTS3_ANCRDT_CLLCTN,1900-01-01,9999-12-31,0
GGRPHCL_ARS_UKF21,NUTS3_ANCRDT_CLLCTN,1900-01-01,2021-01-31,0
GGRPHCL_ARS_PL,ISO3166_DSJNT_C_CLLCTN,1900-01-01,9999-12-31,0
GGRPHCL_ARS_NL326,NUTS3_ANCRDT_CLLCTN,1900-01-01,9999-12-31,0
GGRPHCL_ARS_UKI54,NUTS3_ANCRDT_CLLCTN,1900-01-01,2021-01-31,0
GGRPHCL_ARS_VC,ISO3166_DSJNT_C_CLLCTN,1900-01-01,9999-12-31,0
GGRPHCL_ARS_ES113,NUTS3_ANCRDT_CLLCTN,1900-01-01,9999-12-31,0
GGRPHCL_ARS_UKG38,NUTS3_ANCRDT_CLLCTN,1900-01-01,2021-01-31,0
GGRPHCL_ARS_HR049,NUTS3_ANCRDT_CLLCTN,1900-01-01,9999-12-31,0
GGRPHCL_ARS_PK,ISO3166_DSJNT_C_CLLCTN,1900-01-01,9999-12-31,0
GGRPHCL_ARS_DEG03,NUTS3_ANCRDT_CLLCTN,1900-01-01,9999-12-31,0
GGRPHCL_ARS_DEB16,NUTS3_ANCRDT_CLLCTN,1900-01-01,9999-12-31,0
GGRPHCL_ARS_PL523,NUTS3_ANCRDT_CLLCTN,1900-01-01,9999-12-31,0
GGRPHCL_ARS_DE80M,NUTS3_ANCRDT_CLLCTN,1900-01-01,9999-12-31,0
GGRPHCL_ARS_DEA36,NUTS3_ANCRDT_CLLCTN,1900-01-01,9999-12-31,0
GGRPHCL_ARS_DEE05,NUTS3_ANCRDT_CLLCTN,1900-01-01,9999-12-31,0
GGRPHCL_ARS_AT111,NUTS3_ANCRDT_CLLCTN,1900-01-01,9999-12-31,0
GGRPHCL_ARS_DEA43,NUTS3_ANCRDT_CLLCTN,1900-01-01,9999-12-31,0
GGRPHCL_ARS_HU323,NUTS3_ANCRDT_CLLCTN,1900-01-01,9999-12-31,0
GGRPHCL_ARS_DE25B,NUTS3_ANCRDT_CLLCTN,1900-01-01,9999-12-31,0
GGRPHCL_ARS_DE21H,NUTS3_ANCRDT_CLLCTN,1900-01-01,9999-12-31,0
GGRPHCL_ARS_FI1D8,NUTS3_ANCRDT_CLLCTN,1900-01-01,9999-12-31,0
GGRPHCL_ARS_OM,ISO3166_DSJNT_C_CLLCTN,1900-01-01,9999-12-31,0
GGRPHCL_ARS_ITH33,NUTS3_ANCRDT_CLLCTN,1900-01-01,9999-12-31,0
GGRPHCL_ARS_ITI15,NUTS3_ANCRDT_CLLCTN,1900-01-01,9999-12-31,0
GGRPHCL_ARS_ER,ISO3166_DSJNT_C_CLLCTN,1900-01-01,9999-12-31,0
GGRPHCL_ARS_PE,ISO3166_DSJNT_C_CLLCTN,1900-01-01,9999-12-31,0
GGRPHCL_ARS_LT002,NUTS3_ANCRDT_CLLCTN,1900-01-01,9999-12-31,0
GGRPHCL_ARS_DE936,NUTS3_ANCRDT_CLLCTN,1900-01-01,9999-12-31,0
GGRPHCL_ARS_DEB3D,NUTS3_ANCRDT_CLLCTN,1900-01-01,9999-12-31,0
GGRPHCL_ARS_DE943,NUTS3_ANCRDT_CLLCTN,1900-01-01,9999-12-31,0
GGRPHCL_ARS_DE125,NUTS3_ANCRDT_CLLCTN,1900-01-01,9999-12-31,0
GGRPHCL_ARS_IL,ISO3166_DSJNT_C_CLLCTN,1900-01-01,9999-12-31,0
GGRPHCL_ARS_DEA1D,NUTS3_ANCRDT_CLLCTN,1900-01-01,9999-12-31,0
GGRPHCL_ARS_BG334,NUTS3_ANCRDT_CLLCTN,1900-01-01,9999-12-31,0
GGRPHCL_ARS_BG341,NUTS3_ANCRDT_CLLCTN,1900-01-01,9999-12-31,0
GGRPHCL_ARS_BGZZZ,NUTS3_ANCRDT_CLLCTN,1900-01-01,9999-12-31,0
GGRPHCL_ARS_EL525,NUTS3_ANCRDT_CLLCTN,1900-01-01,9999-12-31,0
GGRPHCL_ARS_FRK24,NUTS3_ANCRDT_CLLCTN,1900-01-01,9999-12-31,0
GGRPHCL_ARS_FRH04,NUTS3_ANCRDT_CLLCTN,1900-01-01,9999-12-31,0
GGRPHCL_ARS_FRI22,NUTS3_ANCRDT_CLLCTN,1900-01-01,9999-12-31,0
GGRPHCL_ARS_FRF22,NUTS3_ANCRDT_CLLCTN,1900-01-01,9999-12-31,0
GGRPHCL_ARS_FRG04,NUTS3_ANCRDT_CLLCTN,1900-01-01,9999-12-31,0
GGRPHCL_ARS_RO226,NUTS3_ANCRDT_CLLCTN,1900-01-01,9999-12-31,0
GGRPHCL_ARS_CZ,ISO3166_DSJNT_C_CLLCTN,1900-01-01,9999-12-31,0
GGRPHCL_ARS_RO413,NUTS3_ANCRDT_CLLCTN,1900-01-01,9999-12-31,0
GGRPHCL_ARS_EL411,NUTS3_ANCRDT_CLLCTN,1900-01-01,9999-12-31,0
GGRPHCL_ARS_EL302,NUTS3_ANCRDT_CLLCTN,1900-01-01,9999-12-31,0
GGRPHCL_ARS_RO312,NUTS3_ANCRDT_CLLCTN,1900-01-01,9999-12-31,0
GGRPHCL_ARS_FRB03,NUTS3_ANCRDT_CLLCTN,1900-01-01,9999-12-31,0
GGRPHCL_ARS_CA,ISO3166_DSJNT_C_CLLCTN,1900-01-01,9999-12-31,0
GGRPHCL_ARS_PY,ISO3166_DSJNT_C_CLLCTN,1900-01-01,9999-12-31,0
GGRPHCL_ARS_EL542,NUTS3_ANCRDT_CLLCTN,1900-01-01,9999-12-31,0
GGRPHCL_ARS_RO114,NUTS3_ANCRDT_CLLCTN,1900-01-01,9999-12-31,0
GGRPHCL_ARS_CZ051,NUTS3_ANCRDT_CLLCTN,1900-01-01,9999-12-31,0
GGRPHCL_ARS_ITH54,NUTS3_ANCRDT_CLLCTN,1900-01-01,9999-12-31,0
GGRPHCL_ARS_ITC12,NUTS3_ANCRDT_CLLCTN,1900-01-01,9999-12-31,0
GGRPHCL_ARS_CF,ISO3166_DSJNT_C_CLLCTN,1900-01-01,9999-12-31,0
GGRPHCL_ARS_DEG0L,NUTS3_ANCRDT_CLLCTN,1900-01-01,9999-12-31,0
GGRPHCL_ARS_BE332,NUTS3_ANCRDT_CLLCTN,1900-01-01,9999-12-31,0
GGRPHCL_ARS_DE142,NUTS3_ANCRDT_CLLCTN,1900-01-01,9999-12-31,0
GGRPHCL_ARS_DE228,NUTS3_ANCRDT_CLLCTN,1900-01-01,9999-12-31,0
GGRPHCL_ARS_DE262,NUTS3_ANCRDT_CLLCTN,1900-01-01,9999-12-31,0
GGRPHCL_ARS_DE137,NUTS3_ANCRDT_CLLCTN,1900-01-01,9999-12-31,0
GGRPHCL_ARS_DE217,NUTS3_ANCRDT_CLLCTN,1900-01-01,9999-12-31,0
GGRPHCL_ARS_AT223,NUTS3_ANCRDT_CLLCTN,1900-01-01,9999-12-31,0
GGRPHCL_ARS_PL417,NUTS3_ANCRDT_CLLCTN,1900-01-01,9999-12-31,0
GGRPHCL_ARS_PL842,NUTS3_ANCRDT_CLLCTN,1900-01-01,9999-12-31,0
GGRPHCL_ARS_DEA24,NUTS3_ANCRDT_CLLCTN,1900-01-01,9999-12-31,0
GGRPHCL_ARS_CH,ISO3166_DSJNT_C_CLLCTN,1900-01-01,9999-12-31,0
GGRPHCL_ARS_DEF08,NUTS3_ANCRDT_CLLCTN,1900-01-01,9999-12-31,0
GGRPHCL_ARS_PL911,NUTS3_ANCRDT_CLLCTN,1900-01-01,9999-12-31,0
GGRPHCL_ARS_PL428,NUTS3_ANCRDT_CLLCTN,1900-01-01,9999-12-31,0
GGRPHCL_ARS_EG,ISO3166_DSJNT_C_CLLCTN,1900-01-01,9999-12-31,0
GGRPHCL_ARS_DED44,NUTS3_ANCRDT_CLLCTN,1900-01-01,9999-12-31,0
GGRPHCL_ARS_HU331,NUTS3_ANCRDT_CLLCTN,1900-01-01,9999-12-31,0
GGRPHCL_ARS_DEA51,NUTS3_ANCRDT_CLLCTN,1900-01-01,9999-12-31,0
GGRPHCL_ARS_DK011,NUTS3_ANCRDT_CLLCTN,1900-01-01,9999-12-31,0
GGRPHCL_ARS_ZA,ISO3166_DSJNT_C_CLLCTN,1900-01-01,9999-12-31,0
GGRPHCL_ARS_IE024,NUTS3_ANCRDT_CLLCTN,1900-01-01,9999-12-31,0
GGRPHCL_ARS_IE051,NUTS3_ANCRDT_CLLCTN,1900-01-01,9999-12-31,0
GGRPHCL_ARS_FR623,NUTS3_ANCRDT_CLLCTN,1900-01-01,9999-12-31,0
GGRPHCL_ARS_PW,ISO3166_DSJNT_C_CLLCTN,1900-01-01,9999-12-31,0
GGRPHCL_ARS_NL132,NUTS3_ANCRDT_CLLCTN,1900-01-01,9999-12-31,0
GGRPHCL_ARS_CO,ISO3166_DSJNT_C_CLLCTN,1900-01-01,9999-12-31,0
GGRPHCL_ARS_NL212,NUTS3_ANCRDT_CLLCTN,1900-01-01,9999-12-31,0
GGRPHCL_ARS_UKM75,NUTS3_ANCRDT_CLLCTN,1900-01-01,2021-01-31,0
GGRPHCL_ARS_UKE13,NUTS3_ANCRDT_CLLCTN,1900-01-01,2021-01-31,0
GGRPHCL_ARS_UKD35,NUTS3_ANCRDT_CLLCTN,1900-01-01,2021-01-31,0
GGRPHCL_ARS_HR064,NUTS3_ANCRDT_CLLCTN,1900-01-01,9999-12-31,0
GGRPHCL_ARS_NLZZZ,NUTS3_ANCRDT_CLLCTN,1900-01-01,9999-12-31,0
GGRPHCL_ARS_ES532,NUTS3_ANCRDT_CLLCTN,1900-01-01,9999-12-31,0
GGRPHCL_ARS_ES414,NUTS3_ANCRDT_CLLCTN,1900-01-01,9999-12-31,0
GGRPHCL_ARS_UKJ13,NUTS3_ANCRDT_CLLCTN,1900-01-01,2021-01-31,0
GGRPHCL_ARS_UKI33,NUTS3_ANCRDT_CLLCTN,1900-01-01,2021-01-31,0
GGRPHCL_ARS_NL341,NUTS3_ANCRDT_CLLCTN,1900-01-01,9999-12-31,0
GGRPHCL_ARS_ES612,NUTS3_ANCRDT_CLLCTN,1900-01-01,9999-12-31,0
GGRPHCL_ARS_UKH15,NUTS3_ANCRDT_CLLCTN,1900-01-01,2021-01-31,0
GGRPHCL_ARS_UKK23,NUTS3_ANCRDT_CLLCTN,1900-01-01,2021-01-31,0
GGRPHCL_ARS_TR,ISO3166_DSJNT_C_CLLCTN,1900-01-01,9999-12-31,0
GGRPHCL_ARS_UKF25,NUTS3_ANCRDT_CLLCTN,1900-01-01,2021-01-31,0
GGRPHCL_ARS_NL124,NUTS3_ANCRDT_CLLCTN,1900-01-01,9999-12-31,0
GGRPHCL_ARS_UKN09,NUTS3_ANCRDT_CLLCTN,1900-01-01,2021-01-31,0
GGRPHCL_ARS_AE,ISO3166_DSJNT_C_CLLCTN,1900-01-01,9999-12-31,0
GGRPHCL_ARS_ES242,NUTS3_ANCRDT_CLLCTN,1900-01-01,9999-12-31,0
GGRPHCL_ARS_FI194,NUTS3_ANCRDT_CLLCTN,1900-01-01,9999-12-31,0
GGRPHCL_ARS_NL322,NUTS3_ANCRDT_CLLCTN,1900-01-01,9999-12-31,0
GGRPHCL_ARS_UKM63,NUTS3_ANCRDT_CLLCTN,1900-01-01,2021-01-31,0
GGRPHCL_ARS_FR813,NUTS3_ANCRDT_CLLCTN,1900-01-01,9999-12-31,0
GGRPHCL_ARS_FR515,NUTS3_ANCRDT_CLLCTN,1900-01-01,9999-12-31,0
GGRPHCL_ARS_FR433,NUTS3_ANCRDT_CLLCTN,1900-01-01,9999-12-31,0
GGRPHCL_ARS_FR713,NUTS3_ANCRDT_CLLCTN,1900-01-01,9999-12-31,0
GGRPHCL_ARS_PL821,NUTS3_ANCRDT_CLLCTN,1900-01-01,9999-12-31,0
GGRPHCL_ARS_GM,ISO3166_DSJNT_C_CLLCTN,1900-01-01,9999-12-31,0
TYP_PRTCTN_7,TYP_PRTCTN_ANCRDT_CLLCTN,1900-01-01,9999-12-31,0
GGRPHCL_ARS_PL518,NUTS3_ANCRDT_CLLCTN,1900-01-01,9999-12-31,0
GGRPHCL_ARS_DEA47,NUTS3_ANCRDT_CLLCTN,1900-01-01,9999-12-31,0
GGRPHCL_ARS_PL638,NUTS3_ANCRDT_CLLCTN,1900-01-01,9999-12-31,0
GGRPHCL_ARS_DED52,NUTS3_ANCRDT_CLLCTN,1900-01-01,9999-12-31,0
GGRPHCL_ARS_DE21L,NUTS3_ANCRDT_CLLCTN,1900-01-01,9999-12-31,0
GGRPHCL_ARS_DEG07,NUTS3_ANCRDT_CLLCTN,1900-01-01,9999-12-31,0
GGRPHCL_ARS_PL114,NUTS3_ANCRDT_CLLCTN,1900-01-01,9999-12-31,0
GGRPHCL_ARS_DEB12,NUTS3_ANCRDT_CLLCTN,1900-01-01,9999-12-31,0
GGRPHCL_ARS_AT313,NUTS3_ANCRDT_CLLCTN,1900-01-01,9999-12-31,0
GGRPHCL_ARS_DEA32,NUTS3_ANCRDT_CLLCTN,1900-01-01,9999-12-31,0
GGRPHCL_ARS_DEE01,NUTS3_ANCRDT_CLLCTN,1900-01-01,9999-12-31,0
GGRPHCL_ARS_PL721,NUTS3_ANCRDT_CLLCTN,1900-01-01,9999-12-31,0
GGRPHCL_ARS_PL312,NUTS3_ANCRDT_CLLCTN,1900-01-01,9999-12-31,0
GGRPHCL_ARS_DE22C,NUTS3_ANCRDT_CLLCTN,1900-01-01,9999-12-31,0
GGRPHCL_ARS_DEF0C,NUTS3_ANCRDT_CLLCTN,1900-01-01,9999-12-31,0
GGRPHCL_ARS_DE121,NUTS3_ANCRDT_CLLCTN,1900-01-01,9999-12-31,0
GGRPHCL_ARS_DE947,NUTS3_ANCRDT_CLLCTN,1900-01-01,9999-12-31,0
GGRPHCL_ARS_BE351,NUTS3_ANCRDT_CLLCTN,1900-01-01,9999-12-31,0
GGRPHCL_ARS_SIZZZ,NUTS3_ANCRDT_CLLCTN,1900-01-01,9999-12-31,0
GGRPHCL_ARS_DE714,NUTS3_ANCRDT_CLLCTN,1900-01-01,9999-12-31,0
GGRPHCL_ARS_DE932,NUTS3_ANCRDT_CLLCTN,1900-01-01,9999-12-31,0
GGRPHCL_ARS_BE324,NUTS3_ANCRDT_CLLCTN,1900-01-01,9999-12-31,0
GGRPHCL_ARS_DE274,NUTS3_ANCRDT_CLLCTN,1900-01-01,9999-12-31,0
GGRPHCL_ARS_MR,ISO3166_DSJNT_C_CLLCTN,1900-01-01,9999-12-31,0
GGRPHCL_ARS_CZ032,NUTS3_ANCRDT_CLLCTN,1900-01-01,9999-12-31,0
GGRPHCL_ARS_ITH42,NUTS3_ANCRDT_CLLCTN,1900-01-01,9999-12-31,0
GGRPHCL_ARS_LT006,NUTS3_ANCRDT_CLLCTN,1900-01-01,9999-12-31,0
GGRPHCL_ARS_ITF11,NUTS3_ANCRDT_CLLCTN,1900-01-01,9999-12-31,0
GGRPHCL_ARS_AL,ISO3166_DSJNT_C_CLLCTN,1900-01-01,9999-12-31,0
GGRPHCL_ARS_ITH37,NUTS3_ANCRDT_CLLCTN,1900-01-01,9999-12-31,0
GGRPHCL_ARS_ITI11,NUTS3_ANCRDT_CLLCTN,1900-01-01,9999-12-31,0
GGRPHCL_ARS_ITF64,NUTS3_ANCRDT_CLLCTN,1900-01-01,9999-12-31,0
GGRPHCL_ARS_RS,ISO3166_DSJNT_C_CLLCTN,1900-01-01,9999-12-31,0
GGRPHCL_ARS_RO222,NUTS3_ANCRDT_CLLCTN,1900-01-01,9999-12-31,0
GGRPHCL_ARS_PT111,NUTS3_ANCRDT_CLLCTN,1900-01-01,9999-12-31,0
GGRPHCL_ARS_EL521,NUTS3_ANCRDT_CLLCTN,1900-01-01,9999-12-31,0
GGRPHCL_ARS_FRA40,NUTS3_ANCRDT_CLLCTN,1900-01-01,9999-12-31,0
GGRPHCL_ARS_GD,ISO3166_DSJNT_C_CLLCTN,1900-01-01,9999-12-31,0
GGRPHCL_ARS_KZ,ISO3166_DSJNT_C_CLLCTN,1900-01-01,9999-12-31,0
GGRPHCL_ARS_MU,ISO3166_DSJNT_C_CLLCTN,1900-01-01,9999-12-31,0
GGRPHCL_ARS_BG423,NUTS3_ANCRDT_CLLCTN,1900-01-01,9999-12-31,0
GGRPHCL_ARS_FRC21,NUTS3_ANCRDT_CLLCTN,1900-01-01,9999-12-31,0
GGRPHCL_ARS_FRF34,NUTS3_ANCRDT_CLLCTN,1900-01-01,9999-12-31,0
GGRPHCL_ARS_RO316,NUTS3_ANCRDT_CLLCTN,1900-01-01,9999-12-31,0
GGRPHCL_ARS_TG,ISO3166_DSJNT_C_CLLCTN,1900-01-01,9999-12-31,0
GGRPHCL_ARS_FRJ14,NUTS3_ANCRDT_CLLCTN,1900-01-01,9999-12-31,0
GGRPHCL_ARS_EL533,NUTS3_ANCRDT_CLLCTN,1900-01-01,9999-12-31,0
GGRPHCL_ARS_FRI34,NUTS3_ANCRDT_CLLCTN,1900-01-01,9999-12-31,0
GGRPHCL_ARS_EL613,NUTS3_ANCRDT_CLLCTN,1900-01-01,9999-12-31,0
GGRPHCL_ARS_EL306,NUTS3_ANCRDT_CLLCTN,1900-01-01,9999-12-31,0
GGRPHCL_ARS_HR04B,NUTS3_ANCRDT_CLLCTN,1900-01-01,9999-12-31,0
GGRPHCL_ARS_BG322,NUTS3_ANCRDT_CLLCTN,1900-01-01,9999-12-31,0
GGRPHCL_ARS_MN,ISO3166_DSJNT_C_CLLCTN,1900-01-01,9999-12-31,0
GGRPHCL_ARS_BE343,NUTS3_ANCRDT_CLLCTN,1900-01-01,9999-12-31,0
GGRPHCL_ARS_DE133,NUTS3_ANCRDT_CLLCTN,1900-01-01,9999-12-31,0
GGRPHCL_ARS_PL12D,NUTS3_ANCRDT_CLLCTN,1900-01-01,9999-12-31,0
GGRPHCL_ARS_CZ080,NUTS3_ANCRDT_CLLCTN,1900-01-01,9999-12-31,0
GGRPHCL_ARS_DE259,NUTS3_ANCRDT_CLLCTN,1900-01-01,9999-12-31,0
GGRPHCL_ARS_DE213,NUTS3_ANCRDT_CLLCTN,1900-01-01,9999-12-31,0
GGRPHCL_ARS_BE336,NUTS3_ANCRDT_CLLCTN,1900-01-01,9999-12-31,0
GGRPHCL_ARS_DEG0H,NUTS3_ANCRDT_CLLCTN,1900-01-01,9999-12-31,0
GGRPHCL_ARS_DE146,NUTS3_ANCRDT_CLLCTN,1900-01-01,9999-12-31,0
GGRPHCL_ARS_DE266,NUTS3_ANCRDT_CLLCTN,1900-01-01,9999-12-31,0
GGRPHCL_ARS_RO,ISO3166_DSJNT_C_CLLCTN,1900-01-01,9999-12-31,0
GGRPHCL_ARS_AW,ISO3166_DSJNT_C_CLLCTN,1900-01-01,9999-12-31,0
GGRPHCL_ARS_CZ020,NUTS3_ANCRDT_CLLCTN,1900-01-01,9999-12-31,0
GGRPHCL_ARS_ITG25,NUTS3_ANCRDT_CLLCTN,1900-01-01,9999-12-31,0
GGRPHCL_ARS_ITC16,NUTS3_ANCRDT_CLLCTN,1900-01-01,9999-12-31,0
GGRPHCL_ARS_LTZZZ,NUTS3_ANCRDT_CLLCTN,1900-01-01,9999-12-31,0
GGRPHCL_ARS_MG,ISO3166_DSJNT_C_CLLCTN,1900-01-01,9999-12-31,0
GGRPHCL_ARS_ITC4A,NUTS3_ANCRDT_CLLCTN,1900-01-01,9999-12-31,0
GGRPHCL_ARS_KH,ISO3166_DSJNT_C_CLLCTN,1900-01-01,9999-12-31,0
GGRPHCL_ARS_DE94H,NUTS3_ANCRDT_CLLCTN,1900-01-01,9999-12-31,0
GGRPHCL_ARS_TN,ISO3166_DSJNT_C_CLLCTN,1900-01-01,9999-12-31,0
GGRPHCL_ARS_DE24D,NUTS3_ANCRDT_CLLCTN,1900-01-01,9999-12-31,0
GGRPHCL_ARS_PL219,NUTS3_ANCRDT_CLLCTN,1900-01-01,9999-12-31,0
GGRPHCL_ARS_DEA55,NUTS3_ANCRDT_CLLCTN,1900-01-01,9999-12-31,0
GGRPHCL_ARS_HU213,NUTS3_ANCRDT_CLLCTN,1900-01-01,9999-12-31,0
GGRPHCL_ARS_DE40D,NUTS3_ANCRDT_CLLCTN,1900-01-01,9999-12-31,0
GGRPHCL_ARS_DE11A,NUTS3_ANCRDT_CLLCTN,1900-01-01,9999-12-31,0
GGRPHCL_ARS_DE23A,NUTS3_ANCRDT_CLLCTN,1900-01-01,9999-12-31,0
GGRPHCL_ARS_GQ,ISO3166_DSJNT_C_CLLCTN,1900-01-01,9999-12-31,0
GGRPHCL_ARS_ES616,NUTS3_ANCRDT_CLLCTN,1900-01-01,9999-12-31,0
GGRPHCL_ARS_UKD44,NUTS3_ANCRDT_CLLCTN,1900-01-01,2021-01-31,0
GGRPHCL_ARS_UKH11,NUTS3_ANCRDT_CLLCTN,1900-01-01,2021-01-31,0
GGRPHCL_ARS_UKL22,NUTS3_ANCRDT_CLLCTN,1900-01-01,2021-01-31,0
GGRPHCL_ARS_NL423,NUTS3_ANCRDT_CLLCTN,1900-01-01,9999-12-31,0
GGRPHCL_ARS_UKG11,NUTS3_ANCRDT_CLLCTN,1900-01-01,2021-01-31,0
GGRPHCL_ARS_UKC22,NUTS3_ANCRDT_CLLCTN,1900-01-01,2021-01-31,0
GGRPHCL_ARS_UKJ28,NUTS3_ANCRDT_CLLCTN,1900-01-01,2021-01-31,0
GGRPHCL_ARS_UKM71,NUTS3_ANCRDT_CLLCTN,1900-01-01,2021-01-31,0
GGRPHCL_ARS_UKI42,NUTS3_ANCRDT_CLLCTN,1900-01-01,2021-01-31,0
GGRPHCL_ARS_SE214,NUTS3_ANCRDT_CLLCTN,1900-01-01,9999-12-31,0
GGRPHCL_ARS_SE332,NUTS3_ANCRDT_CLLCTN,1900-01-01,9999-12-31,0
GGRPHCL_ARS_FR261,NUTS3_ANCRDT_CLLCTN,1900-01-01,9999-12-31,0
GGRPHCL_ARS_FR421,NUTS3_ANCRDT_CLLCTN,1900-01-01,9999-12-31,0
GGRPHCL_ARS_FR627,NUTS3_ANCRDT_CLLCTN,1900-01-01,9999-12-31,0
GGRPHCL_ARS_FR214,NUTS3_ANCRDT_CLLCTN,1900-01-01,9999-12-31,0
GGRPHCL_ARS_FI1D5,NUTS3_ANCRDT_CLLCTN,1900-01-01,9999-12-31,0
GGRPHCL_ARS_SE,ISO3166_DSJNT_C_CLLCTN,1900-01-01,9999-12-31,0
GGRPHCL_ARS_ITG2C,NUTS3_ANCRDT_CLLCTN,1900-01-01,9999-12-31,0
GGRPHCL_ARS_FR,ISO3166_DSJNT_C_CLLCTN,1900-01-01,9999-12-31,0
GGRPHCL_ARS_DK031,NUTS3_ANCRDT_CLLCTN,1900-01-01,9999-12-31,0
GGRPHCL_ARS_DEE08,NUTS3_ANCRDT_CLLCTN,1900-01-01,9999-12-31,0
GGRPHCL_ARS_YT,ISO3166_DSJNT_C_CLLCTN,1900-01-01,9999-12-31,0
GGRPHCL_ARS_HU311,NUTS3_ANCRDT_CLLCTN,1900-01-01,9999-12-31,0
GGRPHCL_ARS_AT123,NUTS3_ANCRDT_CLLCTN,1900-01-01,9999-12-31,0
GGRPHCL_ARS_DE21E,NUTS3_ANCRDT_CLLCTN,1900-01-01,9999-12-31,0
GGRPHCL_ARS_PL324,NUTS3_ANCRDT_CLLCTN,1900-01-01,9999-12-31,0
GGRPHCL_ARS_DEC02,NUTS3_ANCRDT_CLLCTN,1900-01-01,9999-12-31,0
GGRPHCL_ARS_LC,ISO3166_DSJNT_C_CLLCTN,1900-01-01,9999-12-31,0
GGRPHCL_ARS_DEB24,NUTS3_ANCRDT_CLLCTN,1900-01-01,9999-12-31,0
GGRPHCL_ARS_HR031,NUTS3_ANCRDT_CLLCTN,1900-01-01,9999-12-31,0
GGRPHCL_ARS_UKH35,NUTS3_ANCRDT_CLLCTN,1900-01-01,2021-01-31,0
GGRPHCL_ARS_UKK15,NUTS3_ANCRDT_CLLCTN,1900-01-01,2021-01-31,0
GGRPHCL_ARS_ES512,NUTS3_ANCRDT_CLLCTN,1900-01-01,9999-12-31,0
GGRPHCL_ARS_HR044,NUTS3_ANCRDT_CLLCTN,1900-01-01,9999-12-31,0
GGRPHCL_ARS_NL112,NUTS3_ANCRDT_CLLCTN,1900-01-01,9999-12-31,0
GGRPHCL_ARS_UKF13,NUTS3_ANCRDT_CLLCTN,1900-01-01,2021-01-31,0
GGRPHCL_ARS_UKJ46,NUTS3_ANCRDT_CLLCTN,1900-01-01,2021-01-31,0
GGRPHCL_ARS_SE110,NUTS3_ANCRDT_CLLCTN,1900-01-01,9999-12-31,0
GGRPHCL_ARS_FR245,NUTS3_ANCRDT_CLLCTN,1900-01-01,9999-12-31,0
GGRPHCL_ARS_SB,ISO3166_DSJNT_C_CLLCTN,1900-01-01,9999-12-31,0
GGRPHCL_ARS_FR825,NUTS3_ANCRDT_CLLCTN,1900-01-01,9999-12-31,0
GGRPHCL_ARS_FR523,NUTS3_ANCRDT_CLLCTN,1900-01-01,9999-12-31,0
GGRPHCL_ARS_UM,ISO3166_DSJNT_C_CLLCTN,1900-01-01,9999-12-31,0
GGRPHCL_ARS_RO421,NUTS3_ANCRDT_CLLCTN,1900-01-01,9999-12-31,0
GGRPHCL_ARS_EL642,NUTS3_ANCRDT_CLLCTN,1900-01-01,9999-12-31,0
GGRPHCL_ARS_RO214,NUTS3_ANCRDT_CLLCTN,1900-01-01,9999-12-31,0
GGRPHCL_ARS_FRL05,NUTS3_ANCRDT_CLLCTN,1900-01-01,9999-12-31,0
GGRPHCL_ARS_JE,ISO3166_DSJNT_C_CLLCTN,1900-01-01,9999-12-31,0
GGRPHCL_ARS_EL431,NUTS3_ANCRDT_CLLCTN,1900-01-01,9999-12-31,0
GGRPHCL_ARS_PT187,NUTS3_ANCRDT_CLLCTN,1900-01-01,9999-12-31,0
GGRPHCL_ARS_SL,ISO3166_DSJNT_C_CLLCTN,1900-01-01,9999-12-31,0
GGRPHCL_ARS_BG415,NUTS3_ANCRDT_CLLCTN,1900-01-01,9999-12-31,0
GGRPHCL_ARS_DE237,NUTS3_ANCRDT_CLLCTN,1900-01-01,9999-12-31,0
GGRPHCL_ARS_DE722,NUTS3_ANCRDT_CLLCTN,1900-01-01,9999-12-31,0
GGRPHCL_ARS_BE241,NUTS3_ANCRDT_CLLCTN,1900-01-01,9999-12-31,0
GGRPHCL_ARS_DE402,NUTS3_ANCRDT_CLLCTN,1900-01-01,9999-12-31,0
GGRPHCL_ARS_DE117,NUTS3_ANCRDT_CLLCTN,1900-01-01,9999-12-31,0
GGRPHCL_ARS_DE242,NUTS3_ANCRDT_CLLCTN,1900-01-01,9999-12-31,0
GGRPHCL_ARS_DEA5C,NUTS3_ANCRDT_CLLCTN,1900-01-01,9999-12-31,0
GGRPHCL_ARS_BE234,NUTS3_ANCRDT_CLLCTN,1900-01-01,9999-12-31,0
GGRPHCL_ARS_DEB3I,NUTS3_ANCRDT_CLLCTN,1900-01-01,9999-12-31,0
GGRPHCL_ARS_SK,ISO3166_DSJNT_C_CLLCTN,1900-01-01,9999-12-31,0
GGRPHCL_ARS_DE128,NUTS3_ANCRDT_CLLCTN,1900-01-01,9999-12-31,0
GGRPHCL_ARS_ITC32,NUTS3_ANCRDT_CLLCTN,1900-01-01,9999-12-31,0
GGRPHCL_ARS_ITI18,NUTS3_ANCRDT_CLLCTN,1900-01-01,9999-12-31,0
GGRPHCL_ARS_ITF52,NUTS3_ANCRDT_CLLCTN,1900-01-01,9999-12-31,0
GGRPHCL_ARS_ITC47,NUTS3_ANCRDT_CLLCTN,1900-01-01,9999-12-31,0
GGRPHCL_ARS_CZ071,NUTS3_ANCRDT_CLLCTN,1900-01-01,9999-12-31,0
GGRPHCL_ARS_DE225,NUTS3_ANCRDT_CLLCTN,1900-01-01,9999-12-31,0
GGRPHCL_ARS_DEG0A,NUTS3_ANCRDT_CLLCTN,1900-01-01,9999-12-31,0
GGRPHCL_ARS_DE929,NUTS3_ANCRDT_CLLCTN,1900-01-01,9999-12-31,0
GGRPHCL_ARS_DEB1D,NUTS3_ANCRDT_CLLCTN,1900-01-01,9999-12-31,0
GGRPHCL_ARS_BE253,NUTS3_ANCRDT_CLLCTN,1900-01-01,9999-12-31,0
GGRPHCL_ARS_DE916,NUTS3_ANCRDT_CLLCTN,1900-01-01,9999-12-31,0
GGRPHCL_ARS_LV,ISO3166_DSJNT_C_CLLCTN,1900-01-01,9999-12-31,0
GGRPHCL_ARS_ITG13,NUTS3_ANCRDT_CLLCTN,1900-01-01,9999-12-31,0
GGRPHCL_ARS_ITC20,NUTS3_ANCRDT_CLLCTN,1900-01-01,9999-12-31,0
GGRPHCL_ARS_ITF35,NUTS3_ANCRDT_CLLCTN,1900-01-01,9999-12-31,0
GGRPHCL_ARS_LT022,NUTS3_ANCRDT_CLLCTN,1900-01-01,9999-12-31,0
GGRPHCL_ARS_ITI35,NUTS3_ANCRDT_CLLCTN,1900-01-01,9999-12-31,0
GGRPHCL_ARS_CZ063,NUTS3_ANCRDT_CLLCTN,1900-01-01,9999-12-31,0
GGRPHCL_ARS_ITH59,NUTS3_ANCRDT_CLLCTN,1900-01-01,9999-12-31,0
GGRPHCL_ARS_FRE22,NUTS3_ANCRDT_CLLCTN,1900-01-01,9999-12-31,0
GGRPHCL_ARS_RO126,NUTS3_ANCRDT_CLLCTN,1900-01-01,9999-12-31,0
GGRPHCL_ARS_LV009,NUTS3_ANCRDT_CLLCTN,1900-01-01,9999-12-31,0
GGRPHCL_ARS_FRJ22,NUTS3_ANCRDT_CLLCTN,1900-01-01,9999-12-31,0
GGRPHCL_ARS_BG314,NUTS3_ANCRDT_CLLCTN,1900-01-01,9999-12-31,0
GGRPHCL_ARS_ES706,NUTS3_ANCRDT_CLLCTN,1900-01-01,9999-12-31,0
GGRPHCL_ARS_UKM32,NUTS3_ANCRDT_CLLCTN,1900-01-01,2021-01-31,0
GGRPHCL_ARS_JP,ISO3166_DSJNT_C_CLLCTN,1900-01-01,9999-12-31,0
GGRPHCL_ARS_UKM78,NUTS3_ANCRDT_CLLCTN,1900-01-01,2021-01-31,0
GGRPHCL_ARS_HR023,NUTS3_ANCRDT_CLLCTN,1900-01-01,9999-12-31,0
GGRPHCL_ARS_NL339,NUTS3_ANCRDT_CLLCTN,1900-01-01,9999-12-31,0
GGRPHCL_ARS_ES213,NUTS3_ANCRDT_CLLCTN,1900-01-01,9999-12-31,0
GGRPHCL_ARS_ES620,NUTS3_ANCRDT_CLLCTN,1900-01-01,9999-12-31,0
GGRPHCL_ARS_UKD72,NUTS3_ANCRDT_CLLCTN,1900-01-01,2021-01-31,0
GGRPHCL_ARS_UKL14,NUTS3_ANCRDT_CLLCTN,1900-01-01,2021-01-31,0
GGRPHCL_ARS_UKN12,NUTS3_ANCRDT_CLLCTN,1900-01-01,2021-01-31,0
GGRPHCL_ARS_UKJ21,NUTS3_ANCRDT_CLLCTN,1900-01-01,2021-01-31,0
GGRPHCL_ARS_UKE21,NUTS3_ANCRDT_CLLCTN,1900-01-01,2021-01-31,0
GGRPHCL_ARS_UKI74,NUTS3_ANCRDT_CLLCTN,1900-01-01,2021-01-31,0
GGRPHCL_ARS_UKC14,NUTS3_ANCRDT_CLLCTN,1900-01-01,2021-01-31,0
GGRPHCL_ARS_ES419,NUTS3_ANCRDT_CLLCTN,1900-01-01,9999-12-31,0
GGRPHCL_ARS_UKM92,NUTS3_ANCRDT_CLLCTN,1900-01-01,2021-01-31,0
GGRPHCL_ARS_PT16B,NUTS3_ANCRDT_CLLCTN,1900-01-01,9999-12-31,0
GGRPHCL_ARS_SY,ISO3166_DSJNT_C_CLLCTN,1900-01-01,9999-12-31,0
GGRPHCL_ARS_FR611,NUTS3_ANCRDT_CLLCTN,1900-01-01,9999-12-31,0
GGRPHCL_ARS_FR222,NUTS3_ANCRDT_CLLCTN,1900-01-01,9999-12-31,0
GGRPHCL_ARS_FR102,NUTS3_ANCRDT_CLLCTN,1900-01-01,9999-12-31,0
GGRPHCL_ARS_FR531,NUTS3_ANCRDT_CLLCTN,1900-01-01,9999-12-31,0
GGRPHCL_ARS_IE063,NUTS3_ANCRDT_CLLCTN,1900-01-01,9999-12-31,0
GGRPHCL_ARS_FI,ISO3166_DSJNT_C_CLLCTN,1900-01-01,9999-12-31,0
GGRPHCL_ARS_PL343,NUTS3_ANCRDT_CLLCTN,1900-01-01,9999-12-31,0
GGRPHCL_ARS_DE27B,NUTS3_ANCRDT_CLLCTN,1900-01-01,9999-12-31,0
GGRPHCL_ARS_DEA29,NUTS3_ANCRDT_CLLCTN,1900-01-01,9999-12-31,0
GGRPHCL_ARS_PL923,NUTS3_ANCRDT_CLLCTN,1900-01-01,9999-12-31,0
GGRPHCL_ARS_AT342,NUTS3_ANCRDT_CLLCTN,1900-01-01,9999-12-31,0
GGRPHCL_ARS_BE32B,NUTS3_ANCRDT_CLLCTN,1900-01-01,9999-12-31,0
GGRPHCL_ARS_PL623,NUTS3_ANCRDT_CLLCTN,1900-01-01,9999-12-31,0
GGRPHCL_ARS_DEA16,NUTS3_ANCRDT_CLLCTN,1900-01-01,9999-12-31,0
GGRPHCL_ARS_DE71B,NUTS3_ANCRDT_CLLCTN,1900-01-01,9999-12-31,0
GGRPHCL_ARS_DEB36,NUTS3_ANCRDT_CLLCTN,1900-01-01,9999-12-31,0
GGRPHCL_ARS_DEF05,NUTS3_ANCRDT_CLLCTN,1900-01-01,9999-12-31,0
GGRPHCL_ARS_DE94A,NUTS3_ANCRDT_CLLCTN,1900-01-01,9999-12-31,0
GGRPHCL_ARS_AT211,NUTS3_ANCRDT_CLLCTN,1900-01-01,9999-12-31,0
GGRPHCL_ARS_DE914,NUTS3_ANCRDT_CLLCTN,1900-01-01,9999-12-31,0
GGRPHCL_ARS_BG,ISO3166_DSJNT_C_CLLCTN,1900-01-01,9999-12-31,0
GGRPHCL_ARS_DE138,NUTS3_ANCRDT_CLLCTN,1900-01-01,9999-12-31,0
GGRPHCL_ARS_BE224,NUTS3_ANCRDT_CLLCTN,1900-01-01,9999-12-31,0
GGRPHCL_ARS_SI032,NUTS3_ANCRDT_CLLCTN,1900-01-01,9999-12-31,0
GGRPHCL_ARS_DE252,NUTS3_ANCRDT_CLLCTN,1900-01-01,9999-12-31,0
GGRPHCL_ARS_DE218,NUTS3_ANCRDT_CLLCTN,1900-01-01,9999-12-31,0
GGRPHCL_ARS_DEG0C,NUTS3_ANCRDT_CLLCTN,1900-01-01,9999-12-31,0
GGRPHCL_ARS_BE251,NUTS3_ANCRDT_CLLCTN,1900-01-01,9999-12-31,0
GGRPHCL_ARS_DE732,NUTS3_ANCRDT_CLLCTN,1900-01-01,9999-12-31,0
GGRPHCL_ARS_DEE0E,NUTS3_ANCRDT_CLLCTN,1900-01-01,9999-12-31,0
GGRPHCL_ARS_DED2C,NUTS3_ANCRDT_CLLCTN,1900-01-01,9999-12-31,0
GGRPHCL_ARS_DE227,NUTS3_ANCRDT_CLLCTN,1900-01-01,9999-12-31,0
GGRPHCL_ARS_CZZZZ,NUTS3_ANCRDT_CLLCTN,1900-01-01,9999-12-31,0
GGRPHCL_ARS_ITI42,NUTS3_ANCRDT_CLLCTN,1900-01-01,9999-12-31,0
GGRPHCL_ARS_ITG11,NUTS3_ANCRDT_CLLCTN,1900-01-01,9999-12-31,0
GGRPHCL_ARS_EL421,NUTS3_ANCRDT_CLLCTN,1900-01-01,9999-12-31,0
GGRPHCL_ARS_RO322,NUTS3_ANCRDT_CLLCTN,1900-01-01,9999-12-31,0
GGRPHCL_ARS_EL652,NUTS3_ANCRDT_CLLCTN,1900-01-01,9999-12-31,0
GGRPHCL_ARS_RO124,NUTS3_ANCRDT_CLLCTN,1900-01-01,9999-12-31,0
GGRPHCL_ARS_DO,ISO3166_DSJNT_C_CLLCTN,1900-01-01,9999-12-31,0
GGRPHCL_ARS_NP,ISO3166_DSJNT_C_CLLCTN,1900-01-01,9999-12-31,0
GGRPHCL_ARS_UKN10,NUTS3_ANCRDT_CLLCTN,1900-01-01,2021-01-31,0
GGRPHCL_ARS_ES424,NUTS3_ANCRDT_CLLCTN,1900-01-01,9999-12-31,0
GGRPHCL_ARS_ES704,NUTS3_ANCRDT_CLLCTN,1900-01-01,9999-12-31,0
GGRPHCL_ARS_HR021,NUTS3_ANCRDT_CLLCTN,1900-01-01,9999-12-31,0
GGRPHCL_ARS_UKL16,NUTS3_ANCRDT_CLLCTN,1900-01-01,2021-01-31,0
GGRPHCL_ARS_UKH25,NUTS3_ANCRDT_CLLCTN,1900-01-01,2021-01-31,0
GGRPHCL_ARS_ES211,NUTS3_ANCRDT_CLLCTN,1900-01-01,9999-12-31,0
GGRPHCL_ARS_FR533,NUTS3_ANCRDT_CLLCTN,1900-01-01,9999-12-31,0
GGRPHCL_ARS_PT11E,NUTS3_ANCRDT_CLLCTN,1900-01-01,9999-12-31,0
GGRPHCL_ARS_FR613,NUTS3_ANCRDT_CLLCTN,1900-01-01,9999-12-31,0
GGRPHCL_ARS_BN,ISO3166_DSJNT_C_CLLCTN,1900-01-01,9999-12-31,0
GGRPHCL_ARS_DK021,NUTS3_ANCRDT_CLLCTN,1900-01-01,9999-12-31,0
GGRPHCL_ARS_BI,ISO3166_DSJNT_C_CLLCTN,1900-01-01,9999-12-31,0
GGRPHCL_ARS_IEZZZ,NUTS3_ANCRDT_CLLCTN,1900-01-01,9999-12-31,0
GGRPHCL_ARS_IE061,NUTS3_ANCRDT_CLLCTN,1900-01-01,9999-12-31,0
GGRPHCL_ARS_DEF07,NUTS3_ANCRDT_CLLCTN,1900-01-01,9999-12-31,0
GGRPHCL_ARS_DEB34,NUTS3_ANCRDT_CLLCTN,1900-01-01,9999-12-31,0
GGRPHCL_ARS_AT335,NUTS3_ANCRDT_CLLCTN,1900-01-01,9999-12-31,0
GGRPHCL_ARS_DE94C,NUTS3_ANCRDT_CLLCTN,1900-01-01,9999-12-31,0
GGRPHCL_ARS_PL427,NUTS3_ANCRDT_CLLCTN,1900-01-01,9999-12-31,0
GGRPHCL_ARS_AT213,NUTS3_ANCRDT_CLLCTN,1900-01-01,9999-12-31,0
GGRPHCL_ARS_PL621,NUTS3_ANCRDT_CLLCTN,1900-01-01,9999-12-31,0
GGRPHCL_ARS_DEA14,NUTS3_ANCRDT_CLLCTN,1900-01-01,9999-12-31,0
GGRPHCL_ARS_PL921,NUTS3_ANCRDT_CLLCTN,1900-01-01,9999-12-31,0
GGRPHCL_ARS_PLZZZ,NUTS3_ANCRDT_CLLCTN,1900-01-01,9999-12-31,0
GGRPHCL_ARS_PL418,NUTS3_ANCRDT_CLLCTN,1900-01-01,9999-12-31,0
GGRPHCL_ARS_ITG2A,NUTS3_ANCRDT_CLLCTN,1900-01-01,9999-12-31,0
GGRPHCL_ARS_FI1C2,NUTS3_ANCRDT_CLLCTN,1900-01-01,9999-12-31,0
GGRPHCL_ARS_FI1D7,NUTS3_ANCRDT_CLLCTN,1900-01-01,9999-12-31,0
GGRPHCL_ARS_MT001,NUTS3_ANCRDT_CLLCTN,1900-01-01,9999-12-31,0
GGRPHCL_ARS_BR,ISO3166_DSJNT_C_CLLCTN,1900-01-01,9999-12-31,0
GGRPHCL_ARS_PL633,NUTS3_ANCRDT_CLLCTN,1900-01-01,9999-12-31,0
GGRPHCL_ARS_AT121,NUTS3_ANCRDT_CLLCTN,1900-01-01,9999-12-31,0
GGRPHCL_ARS_NL,ISO3166_DSJNT_C_CLLCTN,1900-01-01,9999-12-31,0
GGRPHCL_ARS_DE21G,NUTS3_ANCRDT_CLLCTN,1900-01-01,9999-12-31,0
GGRPHCL_ARS_PL326,NUTS3_ANCRDT_CLLCTN,1900-01-01,9999-12-31,0
GGRPHCL_ARS_PL715,NUTS3_ANCRDT_CLLCTN,1900-01-01,9999-12-31,0
GGRPHCL_ARS_PL815,NUTS3_ANCRDT_CLLCTN,1900-01-01,9999-12-31,0
GGRPHCL_ARS_DEB19,NUTS3_ANCRDT_CLLCTN,1900-01-01,9999-12-31,0
GGRPHCL_ARS_DE26B,NUTS3_ANCRDT_CLLCTN,1900-01-01,9999-12-31,0
GGRPHCL_ARS_HU313,NUTS3_ANCRDT_CLLCTN,1900-01-01,9999-12-31,0
GGRPHCL_ARS_UKF11,NUTS3_ANCRDT_CLLCTN,1900-01-01,2021-01-31,0
GGRPHCL_ARS_UKJ44,NUTS3_ANCRDT_CLLCTN,1900-01-01,2021-01-31,0
GGRPHCL_ARS_UKG37,NUTS3_ANCRDT_CLLCTN,1900-01-01,2021-01-31,0
GGRPHCL_ARS_HR046,NUTS3_ANCRDT_CLLCTN,1900-01-01,9999-12-31,0
GGRPHCL_ARS_NL230,NUTS3_ANCRDT_CLLCTN,1900-01-01,9999-12-31,0
GGRPHCL_ARS_UKE31,NUTS3_ANCRDT_CLLCTN,1900-01-01,2021-01-31,0
GGRPHCL_ARS_UKN02,NUTS3_ANCRDT_CLLCTN,1900-01-01,2021-01-31,0
GGRPHCL_ARS_UKJ31,NUTS3_ANCRDT_CLLCTN,1900-01-01,2021-01-31,0
GGRPHCL_ARS_HR033,NUTS3_ANCRDT_CLLCTN,1900-01-01,9999-12-31,0
GGRPHCL_ARS_NL329,NUTS3_ANCRDT_CLLCTN,1900-01-01,9999-12-31,0
GGRPHCL_ARS_ES630,NUTS3_ANCRDT_CLLCTN,1900-01-01,9999-12-31,0
GGRPHCL_ARS_UKH37,NUTS3_ANCRDT_CLLCTN,1900-01-01,2021-01-31,0
GGRPHCL_ARS_UKD62,NUTS3_ANCRDT_CLLCTN,1900-01-01,2021-01-31,0
GGRPHCL_ARS_UKM22,NUTS3_ANCRDT_CLLCTN,1900-01-01,2021-01-31,0
GGRPHCL_ARS_UKE44,NUTS3_ANCRDT_CLLCTN,1900-01-01,2021-01-31,0
GGRPHCL_ARS_FR521,NUTS3_ANCRDT_CLLCTN,1900-01-01,9999-12-31,0
GGRPHCL_ARS_FR232,NUTS3_ANCRDT_CLLCTN,1900-01-01,9999-12-31,0
GGRPHCL_ARS_DZ,ISO3166_DSJNT_C_CLLCTN,1900-01-01,9999-12-31,0
GGRPHCL_ARS_SE232,NUTS3_ANCRDT_CLLCTN,1900-01-01,9999-12-31,0
GGRPHCL_ARS_FR718,NUTS3_ANCRDT_CLLCTN,1900-01-01,9999-12-31,0
GGRPHCL_ARS_UKM82,NUTS3_ANCRDT_CLLCTN,1900-01-01,2021-01-31,0
GGRPHCL_ARS_EL515,NUTS3_ANCRDT_CLLCTN,1900-01-01,9999-12-31,0
GGRPHCL_ARS_FRK14,NUTS3_ANCRDT_CLLCTN,1900-01-01,9999-12-31,0
GGRPHCL_ARS_EL433,NUTS3_ANCRDT_CLLCTN,1900-01-01,9999-12-31,0
GGRPHCL_ARS_PT150,NUTS3_ANCRDT_CLLCTN,1900-01-01,9999-12-31,0
GGRPHCL_ARS_FRI12,NUTS3_ANCRDT_CLLCTN,1900-01-01,9999-12-31,0
GGRPHCL_ARS_FRF12,NUTS3_ANCRDT_CLLCTN,1900-01-01,9999-12-31,0
GGRPHCL_ARS_RO216,NUTS3_ANCRDT_CLLCTN,1900-01-01,9999-12-31,0
GGRPHCL_ARS_NE,ISO3166_DSJNT_C_CLLCTN,1900-01-01,9999-12-31,0
GGRPHCL_ARS_RO423,NUTS3_ANCRDT_CLLCTN,1900-01-01,9999-12-31,0
GGRPHCL_ARS_PT185,NUTS3_ANCRDT_CLLCTN,1900-01-01,9999-12-31,0
GGRPHCL_ARS_SK041,NUTS3_ANCRDT_CLLCTN,1900-01-01,9999-12-31,0
GGRPHCL_ARS_BE236,NUTS3_ANCRDT_CLLCTN,1900-01-01,9999-12-31,0
GGRPHCL_ARS_DEB3K,NUTS3_ANCRDT_CLLCTN,1900-01-01,9999-12-31,0
GGRPHCL_ARS_BE310,NUTS3_ANCRDT_CLLCTN,1900-01-01,9999-12-31,0
GGRPHCL_ARS_DEA5A,NUTS3_ANCRDT_CLLCTN,1900-01-01,9999-12-31,0
GGRPHCL_ARS_DE939,NUTS3_ANCRDT_CLLCTN,1900-01-01,9999-12-31,0
GGRPHCL_ARS_DE115,NUTS3_ANCRDT_CLLCTN,1900-01-01,9999-12-31,0
GGRPHCL_ARS_DE235,NUTS3_ANCRDT_CLLCTN,1900-01-01,9999-12-31,0
GGRPHCL_ARS_PL22B,NUTS3_ANCRDT_CLLCTN,1900-01-01,9999-12-31,0
GGRPHCL_ARS_DEA2D,NUTS3_ANCRDT_CLLCTN,1900-01-01,9999-12-31,0
GGRPHCL_ARS_HM,ISO3166_DSJNT_C_CLLCTN,1900-01-01,9999-12-31,0
GGRPHCL_ARS_FRA50,NUTS3_ANCRDT_CLLCTN,1900-01-01,9999-12-31,0
GGRPHCL_ARS_EL611,NUTS3_ANCRDT_CLLCTN,1900-01-01,9999-12-31,0
GGRPHCL_ARS_EL304,NUTS3_ANCRDT_CLLCTN,1900-01-01,9999-12-31,0
GGRPHCL_ARS_EL531,NUTS3_ANCRDT_CLLCTN,1900-01-01,9999-12-31,0
GGRPHCL_ARS_RO112,NUTS3_ANCRDT_CLLCTN,1900-01-01,9999-12-31,0
GGRPHCL_ARS_FRC23,NUTS3_ANCRDT_CLLCTN,1900-01-01,9999-12-31,0
GGRPHCL_ARS_PG,ISO3166_DSJNT_C_CLLCTN,1900-01-01,9999-12-31,0
GGRPHCL_ARS_FRB05,NUTS3_ANCRDT_CLLCTN,1900-01-01,9999-12-31,0
GGRPHCL_ARS_RO314,NUTS3_ANCRDT_CLLCTN,1900-01-01,9999-12-31,0
GGRPHCL_ARS_SK010,NUTS3_ANCRDT_CLLCTN,1900-01-01,9999-12-31,0
GGRPHCL_ARS_FRY10,NUTS3_ANCRDT_CLLCTN,1900-01-01,9999-12-31,0
GGRPHCL_ARS_IN,ISO3166_DSJNT_C_CLLCTN,1900-01-01,9999-12-31,0
GGRPHCL_ARS_DE264,NUTS3_ANCRDT_CLLCTN,1900-01-01,9999-12-31,0
GGRPHCL_ARS_BE334,NUTS3_ANCRDT_CLLCTN,1900-01-01,9999-12-31,0
GGRPHCL_ARS_DEG0J,NUTS3_ANCRDT_CLLCTN,1900-01-01,9999-12-31,0
GGRPHCL_ARS_DE922,NUTS3_ANCRDT_CLLCTN,1900-01-01,9999-12-31,0
GGRPHCL_ARS_DE144,NUTS3_ANCRDT_CLLCTN,1900-01-01,9999-12-31,0
GGRPHCL_ARS_BE212,NUTS3_ANCRDT_CLLCTN,1900-01-01,9999-12-31,0
GGRPHCL_ARS_BE258,NUTS3_ANCRDT_CLLCTN,1900-01-01,9999-12-31,0
GGRPHCL_ARS_DE804,NUTS3_ANCRDT_CLLCTN,1900-01-01,9999-12-31,0
GGRPHCL_ARS_BEZZZ,NUTS3_ANCRDT_CLLCTN,1900-01-01,9999-12-31,0
GGRPHCL_ARS_DE211,NUTS3_ANCRDT_CLLCTN,1900-01-01,9999-12-31,0
GGRPHCL_ARS_BE341,NUTS3_ANCRDT_CLLCTN,1900-01-01,9999-12-31,0
GGRPHCL_ARS_DE502,NUTS3_ANCRDT_CLLCTN,1900-01-01,9999-12-31,0
GGRPHCL_ARS_DE131,NUTS3_ANCRDT_CLLCTN,1900-01-01,9999-12-31,0
GGRPHCL_ARS_ITG18,NUTS3_ANCRDT_CLLCTN,1900-01-01,9999-12-31,0
GGRPHCL_ARS_LT029,NUTS3_ANCRDT_CLLCTN,1900-01-01,9999-12-31,0
GGRPHCL_ARS_ITC14,NUTS3_ANCRDT_CLLCTN,1900-01-01,9999-12-31,0
GGRPHCL_ARS_ITG27,NUTS3_ANCRDT_CLLCTN,1900-01-01,9999-12-31,0
GGRPHCL_ARS_CX,ISO3166_DSJNT_C_CLLCTN,1900-01-01,9999-12-31,0
GGRPHCL_ARS_ITH52,NUTS3_ANCRDT_CLLCTN,1900-01-01,9999-12-31,0
GGRPHCL_ARS_IE022,NUTS3_ANCRDT_CLLCTN,1900-01-01,9999-12-31,0
GGRPHCL_ARS_ITC4C,NUTS3_ANCRDT_CLLCTN,1900-01-01,9999-12-31,0
GGRPHCL_ARS_PN,ISO3166_DSJNT_C_CLLCTN,1900-01-01,9999-12-31,0
GGRPHCL_ARS_CV,ISO3166_DSJNT_C_CLLCTN,1900-01-01,9999-12-31,0
GGRPHCL_ARS_DEA22,NUTS3_ANCRDT_CLLCTN,1900-01-01,9999-12-31,0
GGRPHCL_ARS_PL617,NUTS3_ANCRDT_CLLCTN,1900-01-01,9999-12-31,0
GGRPHCL_ARS_PL224,NUTS3_ANCRDT_CLLCTN,1900-01-01,9999-12-31,0
GGRPHCL_ARS_DE40F,NUTS3_ANCRDT_CLLCTN,1900-01-01,9999-12-31,0
GGRPHCL_ARS_AT225,NUTS3_ANCRDT_CLLCTN,1900-01-01,9999-12-31,0
GGRPHCL_ARS_PL411,NUTS3_ANCRDT_CLLCTN,1900-01-01,9999-12-31,0
GGRPHCL_ARS_DE11C,NUTS3_ANCRDT_CLLCTN,1900-01-01,9999-12-31,0
GGRPHCL_ARS_DED42,NUTS3_ANCRDT_CLLCTN,1900-01-01,9999-12-31,0
GGRPHCL_ARS_DEA57,NUTS3_ANCRDT_CLLCTN,1900-01-01,9999-12-31,0
GGRPHCL_ARS_HU211,NUTS3_ANCRDT_CLLCTN,1900-01-01,9999-12-31,0
GGRPHCL_ARS_VA,ISO3166_DSJNT_C_CLLCTN,1900-01-01,9999-12-31,0
GGRPHCL_ARS_UKM73,NUTS3_ANCRDT_CLLCTN,1900-01-01,2021-01-31,0
GGRPHCL_ARS_NL332,NUTS3_ANCRDT_CLLCTN,1900-01-01,9999-12-31,0
GGRPHCL_ARS_HR028,NUTS3_ANCRDT_CLLCTN,1900-01-01,9999-12-31,0
GGRPHCL_ARS_HR062,NUTS3_ANCRDT_CLLCTN,1900-01-01,9999-12-31,0
GGRPHCL_ARS_UKD33,NUTS3_ANCRDT_CLLCTN,1900-01-01,2021-01-31,0
GGRPHCL_ARS_NL421,NUTS3_ANCRDT_CLLCTN,1900-01-01,9999-12-31,0
GGRPHCL_ARS_UKG13,NUTS3_ANCRDT_CLLCTN,1900-01-01,2021-01-31,0
GGRPHCL_ARS_UKD46,NUTS3_ANCRDT_CLLCTN,1900-01-01,2021-01-31,0
GGRPHCL_ARS_ES614,NUTS3_ANCRDT_CLLCTN,1900-01-01,9999-12-31,0
GGRPHCL_ARS_ES412,NUTS3_ANCRDT_CLLCTN,1900-01-01,9999-12-31,0
GGRPHCL_ARS_PT16I,NUTS3_ANCRDT_CLLCTN,1900-01-01,9999-12-31,0
GGRPHCL_ARS_FR625,NUTS3_ANCRDT_CLLCTN,1900-01-01,9999-12-31,0
GGRPHCL_ARS_FR263,NUTS3_ANCRDT_CLLCTN,1900-01-01,9999-12-31,0
GGRPHCL_ARS_FI196,NUTS3_ANCRDT_CLLCTN,1900-01-01,9999-12-31,0
GGRPHCL_ARS_UKM61,NUTS3_ANCRDT_CLLCTN,1900-01-01,2021-01-31,0
GGRPHCL_ARS_UKI52,NUTS3_ANCRDT_CLLCTN,1900-01-01,2021-01-31,0
GGRPHCL_ARS_PR,ISO3166_DSJNT_C_CLLCTN,1900-01-01,9999-12-31,0
GGRPHCL_ARS_NL126,NUTS3_ANCRDT_CLLCTN,1900-01-01,9999-12-31,0
GGRPHCL_ARS_UKK21,NUTS3_ANCRDT_CLLCTN,1900-01-01,2021-01-31,0
GGRPHCL_ARS_EE,ISO3166_DSJNT_C_CLLCTN,1900-01-01,9999-12-31,0
GGRPHCL_ARS_FR711,NUTS3_ANCRDT_CLLCTN,1900-01-01,9999-12-31,0
GGRPHCL_ARS_FR431,NUTS3_ANCRDT_CLLCTN,1900-01-01,9999-12-31,0
GGRPHCL_ARS_SE124,NUTS3_ANCRDT_CLLCTN,1900-01-01,9999-12-31,0
GGRPHCL_ARS_SE322,NUTS3_ANCRDT_CLLCTN,1900-01-01,9999-12-31,0
GGRPHCL_ARS_FR811,NUTS3_ANCRDT_CLLCTN,1900-01-01,9999-12-31,0
GGRPHCL_ARS_ITG2H,NUTS3_ANCRDT_CLLCTN,1900-01-01,9999-12-31,0
GGRPHCL_ARS_DEE03,NUTS3_ANCRDT_CLLCTN,1900-01-01,9999-12-31,0
GGRPHCL_ARS_EE009,NUTS3_ANCRDT_CLLCTN,1900-01-01,9999-12-31,0
GGRPHCL_ARS_DE22A,NUTS3_ANCRDT_CLLCTN,1900-01-01,9999-12-31,0
GGRPHCL_ARS_DEG05,NUTS3_ANCRDT_CLLCTN,1900-01-01,9999-12-31,0
GGRPHCL_ARS_PL116,NUTS3_ANCRDT_CLLCTN,1900-01-01,9999-12-31,0
GGRPHCL_ARS_CM,ISO3166_DSJNT_C_CLLCTN,1900-01-01,9999-12-31,0
GGRPHCL_ARS_AT311,NUTS3_ANCRDT_CLLCTN,1900-01-01,9999-12-31,0
GGRPHCL_ARS_DE80K,NUTS3_ANCRDT_CLLCTN,1900-01-01,9999-12-31,0
GGRPHCL_ARS_DEA45,NUTS3_ANCRDT_CLLCTN,1900-01-01,9999-12-31,0
GGRPHCL_ARS_DE21N,NUTS3_ANCRDT_CLLCTN,1900-01-01,9999-12-31,0
GGRPHCL_ARS_DE91B,NUTS3_ANCRDT_CLLCTN,1900-01-01,9999-12-31,0
GGRPHCL_ARS_PL823,NUTS3_ANCRDT_CLLCTN,1900-01-01,9999-12-31,0
GGRPHCL_ARS_PL129,NUTS3_ANCRDT_CLLCTN,1900-01-01,9999-12-31,0
GGRPHCL_ARS_DE276,NUTS3_ANCRDT_CLLCTN,1900-01-01,9999-12-31,0
GGRPHCL_ARS_DE409,NUTS3_ANCRDT_CLLCTN,1900-01-01,9999-12-31,0
GGRPHCL_ARS_BE326,NUTS3_ANCRDT_CLLCTN,1900-01-01,9999-12-31,0
GGRPHCL_ARS_DE249,NUTS3_ANCRDT_CLLCTN,1900-01-01,9999-12-31,0
GGRPHCL_ARS_DEA1B,NUTS3_ANCRDT_CLLCTN,1900-01-01,9999-12-31,0
GGRPHCL_ARS_DE716,NUTS3_ANCRDT_CLLCTN,1900-01-01,9999-12-31,0
GGRPHCL_ARS_IR,ISO3166_DSJNT_C_CLLCTN,1900-01-01,9999-12-31,0
GGRPHCL_ARS_DEB3B,NUTS3_ANCRDT_CLLCTN,1900-01-01,9999-12-31,0
GGRPHCL_ARS_DEF0A,NUTS3_ANCRDT_CLLCTN,1900-01-01,9999-12-31,0
GGRPHCL_ARS_DE123,NUTS3_ANCRDT_CLLCTN,1900-01-01,9999-12-31,0
GGRPHCL_ARS_DE945,NUTS3_ANCRDT_CLLCTN,1900-01-01,9999-12-31,0
GGRPHCL_ARS_BE353,NUTS3_ANCRDT_CLLCTN,1900-01-01,9999-12-31,0
GGRPHCL_ARS_ITH35,NUTS3_ANCRDT_CLLCTN,1900-01-01,9999-12-31,0
GGRPHCL_ARS_ITI13,NUTS3_ANCRDT_CLLCTN,1900-01-01,9999-12-31,0
GGRPHCL_ARS_ITF13,NUTS3_ANCRDT_CLLCTN,1900-01-01,9999-12-31,0
GGRPHCL_ARS_LT004,NUTS3_ANCRDT_CLLCTN,1900-01-01,9999-12-31,0
GGRPHCL_ARS_CC,ISO3166_DSJNT_C_CLLCTN,1900-01-01,9999-12-31,0
GGRPHCL_ARS_FRH02,NUTS3_ANCRDT_CLLCTN,1900-01-01,9999-12-31,0
GGRPHCL_ARS_EL523,NUTS3_ANCRDT_CLLCTN,1900-01-01,9999-12-31,0
GGRPHCL_ARS_FRK22,NUTS3_ANCRDT_CLLCTN,1900-01-01,9999-12-31,0
GGRPHCL_ARS_FRD22,NUTS3_ANCRDT_CLLCTN,1900-01-01,9999-12-31,0
GGRPHCL_ARS_CD,ISO3166_DSJNT_C_CLLCTN,1900-01-01,9999-12-31,0
GGRPHCL_ARS_RO415,NUTS3_ANCRDT_CLLCTN,1900-01-01,9999-12-31,0
GGRPHCL_ARS_FRF24,NUTS3_ANCRDT_CLLCTN,1900-01-01,9999-12-31,0
GGRPHCL_ARS_FRG02,NUTS3_ANCRDT_CLLCTN,1900-01-01,9999-12-31,0
GGRPHCL_ARS_BG421,NUTS3_ANCRDT_CLLCTN,1900-01-01,9999-12-31,0
GGRPHCL_ARS_BG332,NUTS3_ANCRDT_CLLCTN,1900-01-01,9999-12-31,0
GGRPHCL_ARS_ZM,ISO3166_DSJNT_C_CLLCTN,1900-01-01,9999-12-31,0
TYP_PRTCTN_15,TYP_PRTCTN_ANCRDT_CLLCTN,1900-01-01,9999-12-31,0
TYP_PRTCTN_18,TYP_PRTCTN_ANCRDT_CLLCTN,1900-01-01,9999-12-31,0
TYP_PRTCTN_12,TYP_PRTCTN_ANCRDT_CLLCTN,1900-01-01,9999-12-31,0
TYP_PRTCTN_16,TYP_PRTCTN_ANCRDT_CLLCTN,1900-01-01,9999-12-31,0
TYP_PRTCTN_13,TYP_PRTCTN_ANCRDT_CLLCTN,1900-01-01,9999-12-31,0
TYP_PRTCTN_17,TYP_PRTCTN_ANCRDT_CLLCTN,1900-01-01,9999-12-31,0
TYP_PRTCTN_10,TYP_PRTCTN_ANCRDT_CLLCTN,1900-01-01,9999-12-31,0
FRBRNC_STTS_5,FRBRNC_STTS_ANCRDT_CLLCTN,1900-01-01,9999-12-31,0
SBRDNTD_DBT_2,SBRDNTD_DBT_ANCRDT_CLLCTN,1900-01-01,9999-12-31,0
RCGNTN_STTS_1,RCGNTN_STTS_ANCRDT_CLLCTN,1900-01-01,9999-12-31,0
FRBRNC_STTS_8,FRBRNC_STTS_ANCRDT_CLLCTN,1900-01-01,9999-12-31,0
RCGNTN_STTS_2,RCGNTN_STTS_ANCRDT_CLLCTN,1900-01-01,9999-12-31,0
SBRDNTD_DBT_1,SBRDNTD_DBT_ANCRDT_CLLCTN,1900-01-01,9999-12-31,0
TYP_AMRTSTN_4,TYP_AMRTSTN_ANCRDT_CLLCTN,1900-01-01,9999-12-31,0
TYP_AMRTSTN_3,TYP_AMRTSTN_ANCRDT_CLLCTN,1900-01-01,9999-12-31,0
FRBRNC_STTS_4,FRBRNC_STTS_ANCRDT_CLLCTN,1900-01-01,9999-12-31,0
TYP_AMRTSTN_1,TYP_AMRTSTN_ANCRDT_CLLCTN,1900-01-01,9999-12-31,0
FRBRNC_STTS_3,FRBRNC_STTS_ANCRDT_CLLCTN,1900-01-01,9999-12-31,0
FRBRNC_STTS_9,FRBRNC_STTS_ANCRDT_CLLCTN,1900-01-01,9999-12-31,0
TYP_AMRTSTN_5,TYP_AMRTSTN_ANCRDT_CLLCTN,1900-01-01,9999-12-31,0
RCGNTN_STTS_3,RCGNTN_STTS_ANCRDT_CLLCTN,1900-01-01,9999-12-31,0
TYP_AMRTSTN_2,TYP_AMRTSTN_ANCRDT_CLLCTN,1900-01-01,9999-12-31,0
RPYMNT_RGHTS_2,RPYMNT_RGHTS_ANCRDT_CLLCTN,1900-01-01,9999-12-31,0
SRC_ENCMBRNC_8,SRC_ENCMBRNC_ANCRDT_CLLCTN,1900-01-01,9999-12-31,0
SRC_ENCMBRNC_7,SRC_ENCMBRNC_ANCRDT_CLLCTN,1900-01-01,9999-12-31,0
PRDNTL_PRTFL_2,PRDNTL_PRTFL_ANCRDT_CLLCTN,1900-01-01,9999-12-31,0
SRC_ENCMBRNC_1,SRC_ENCMBRNC_ANCRDT_CLLCTN,1900-01-01,9999-12-31,0
SRC_ENCMBRNC_9,SRC_ENCMBRNC_ANCRDT_CLLCTN,1900-01-01,9999-12-31,0
SRC_ENCMBRNC_6,SRC_ENCMBRNC_ANCRDT_CLLCTN,1900-01-01,9999-12-31,0
SRC_ENCMBRNC_5,SRC_ENCMBRNC_ANCRDT_CLLCTN,1900-01-01,9999-12-31,0
RPYMNT_RGHTS_1,RPYMNT_RGHTS_ANCRDT_CLLCTN,1900-01-01,9999-12-31,0
PRDNTL_PRTFL_1,PRDNTL_PRTFL_ANCRDT_CLLCTN,1900-01-01,9999-12-31,0
SRC_ENCMBRNC_10,SRC_ENCMBRNC_ANCRDT_CLLCTN,1900-01-01,9999-12-31,0
TYP_INSTRMNT_20,TYP_INSTRMNT_ANCRDT_CLLCTN,1900-01-01,9999-12-31,0
TYP_INSTRMNT_71,TYP_INSTRMNT_ANCRDT_CLLCTN,1900-01-01,9999-12-31,0
SRC_ENCMBRNC_11,SRC_ENCMBRNC_ANCRDT_CLLCTN,1900-01-01,9999-12-31,0
SRC_ENCMBRNC_12,SRC_ENCMBRNC_ANCRDT_CLLCTN,1900-01-01,9999-12-31,0
TYP_INSTRMNT_80,TYP_INSTRMNT_ANCRDT_CLLCTN,1900-01-01,9999-12-31,0
TYP_INSTRMNT_51,TYP_INSTRMNT_ANCRDT_CLLCTN,1900-01-01,9999-12-31,0
SRC_ENCMBRNC_13,SRC_ENCMBRNC_ANCRDT_CLLCTN,1900-01-01,9999-12-31,0
PRJCT_FNNC_LN_1,PRJCT_FNNC_LN_ANCRDT_CLLCTN,1900-01-01,9999-12-31,0
TYP_PRTCTN_VL_5,TYP_PRTCTN_VL_ANCRDT_CLLCTN,1900-01-01,9999-12-31,0
PRJCT_FNNC_LN_2,PRJCT_FNNC_LN_ANCRDT_CLLCTN,1900-01-01,9999-12-31,0
TYP_INTRST_RT_3,TYP_INTRST_RT_ANCRDT_CLLCTN,1900-01-01,9999-12-31,0
TYP_PRTCTN_VL_3,TYP_PRTCTN_VL_ANCRDT_CLLCTN,1900-01-01,9999-12-31,0
FRQNCY_1,FRQNCY_INTRST_RT_RST_ANCRDT_CLLCTN,1900-01-01,9999-12-31,0
TYP_PRTCTN_VL_4,TYP_PRTCTN_VL_ANCRDT_CLLCTN,1900-01-01,9999-12-31,0
FRQNCY_3,FRQNCY_INTRST_RT_RST_ANCRDT_CLLCTN,1900-01-01,9999-12-31,0
TYP_PRTCTN_VL_2,TYP_PRTCTN_VL_ANCRDT_CLLCTN,1900-01-01,9999-12-31,0
TYP_INTRST_RT_2,TYP_INTRST_RT_ANCRDT_CLLCTN,1900-01-01,9999-12-31,0
TYP_PRTCTN_VL_1,TYP_PRTCTN_VL_ANCRDT_CLLCTN,1900-01-01,9999-12-31,0
TYP_INTRST_RT_1,TYP_INTRST_RT_ANCRDT_CLLCTN,1900-01-01,9999-12-31,0
FRQNCY_8,FRQNCY_INTRST_RT_RST_ANCRDT_CLLCTN,1900-01-01,9999-12-31,0
FRQNCY_16,FRQNCY_INTRST_RT_RST_ANCRDT_CLLCTN,1900-01-01,9999-12-31,0
FRQNCY_19,FRQNCY_INTRST_RT_RST_ANCRDT_CLLCTN,1900-01-01,9999-12-31,0
TYP_INSTRMNT_1000,TYP_INSTRMNT_ANCRDT_CLLCTN,1900-01-01,9999-12-31,0
FRQNCY_18,FRQNCY_INTRST_RT_RST_ANCRDT_CLLCTN,1900-01-01,9999-12-31,0
FRQNCY_12,FRQNCY_INTRST_RT_RST_ANCRDT_CLLCTN,1900-01-01,9999-12-31,0
TYP_INSTRMNT_1001,TYP_INSTRMNT_ANCRDT_CLLCTN,1900-01-01,9999-12-31,0
TYP_INSTRMNT_1002,TYP_INSTRMNT_ANCRDT_CLLCTN,1900-01-01,9999-12-31,0
TYP_INSTRMNT_1004,TYP_INSTRMNT_ANCRDT_CLLCTN,1900-01-01,9999-12-31,0
TYP_INSTRMNT_1003,TYP_INSTRMNT_ANCRDT_CLLCTN,1900-01-01,9999-12-31,0
CRDT_QLTY_18,CRDT_QLTY_DFLT_STTS_ANCRDT_CLLCTN,1900-01-01,9999-12-31,0
CRDT_QLTY_14,CRDT_QLTY_DFLT_STTS_ANCRDT_CLLCTN,1900-01-01,9999-12-31,0
CRDT_QLTY_19,CRDT_QLTY_DFLT_STTS_ANCRDT_CLLCTN,1900-01-01,9999-12-31,0
CRDT_QLTY_20,CRDT_QLTY_DFLT_STTS_ANCRDT_CLLCTN,1900-01-01,9999-12-31,0
CRDT_QLTY_1,CRDT_QLTY_PRFRMNG_STTS_ANCRDT_CLLCTN,1900-01-01,9999-12-31,0
CRDT_QLTY_11,CRDT_QLTY_PRFRMNG_STTS_ANCRDT_CLLCTN,1900-01-01,9999-12-31,0
CRDT_QLTY_24,CRDT_QLTY_IMPRMNT_STTS_ANCRDT_CLLCTN,1900-01-01,9999-12-31,0
CRDT_QLTY_23,CRDT_QLTY_IMPRMNT_STTS_ANCRDT_CLLCTN,1900-01-01,9999-12-31,0
ACCNTNG_CLSSFCTN_2,ACCNTNG_CLSSFCTN_ANCRDT_CLLCTN,1900-01-01,9999-12-31,0
ACCNTNG_CLSSFCTN_5,ACCNTNG_CLSSFCTN_ANCRDT_CLLCTN,1900-01-01,9999-12-31,0
CRDT_QLTY_27,CRDT_QLTY_IMPRMNT_STTS_ANCRDT_CLLCTN,1900-01-01,9999-12-31,0
ACCNTNG_CLSSFCTN_3,ACCNTNG_CLSSFCTN_ANCRDT_CLLCTN,1900-01-01,9999-12-31,0
ACCNTNG_CLSSFCTN_4,ACCNTNG_CLSSFCTN_ANCRDT_CLLCTN,1900-01-01,9999-12-31,0
CRDT_QLTY_25,CRDT_QLTY_IMPRMNT_STTS_ANCRDT_CLLCTN,1900-01-01,9999-12-31,0
ACCNTNG_CLSSFCTN_9,ACCNTNG_CLSSFCTN_ANCRDT_CLLCTN,1900-01-01,9999-12-31,0
ACCNTNG_CLSSFCTN_7,ACCNTNG_CLSSFCTN_ANCRDT_CLLCTN,1900-01-01,9999-12-31,0
CRDT_QLTY_26,CRDT_QLTY_IMPRMNT_STTS_ANCRDT_CLLCTN,1900-01-01,9999-12-31,0
CRDT_QLTY_21,CRDT_QLTY_IMPRMNT_STTS_ANCRDT_CLLCTN,1900-01-01,9999-12-31,0
ACCNTNG_CLSSFCTN_8,ACCNTNG_CLSSFCTN_ANCRDT_CLLCTN,1900-01-01,9999-12-31,0
ACCNTNG_CLSSFCTN_6,ACCNTNG_CLSSFCTN_ANCRDT_CLLCTN,1900-01-01,9999-12-31,0
ACCNTNG_CLSSFCTN_12,ACCNTNG_CLSSFCTN_ANCRDT_CLLCTN,1900-01-01,9999-12-31,0
ACCNTNG_CLSSFCTN_47,ACCNTNG_CLSSFCTN_ANCRDT_CLLCTN,1900-01-01,9999-12-31,0
ACCNTNG_CLSSFCTN_15,ACCNTNG_CLSSFCTN_ANCRDT_CLLCTN,1900-01-01,9999-12-31,0
ACCNTNG_CLSSFCTN_46,ACCNTNG_CLSSFCTN_ANCRDT_CLLCTN,1900-01-01,9999-12-31,0
ACCNTNG_CLSSFCTN_13,ACCNTNG_CLSSFCTN_ANCRDT_CLLCTN,1900-01-01,9999-12-31,0
ACCNTNG_CLSSFCTN_14,ACCNTNG_CLSSFCTN_ANCRDT_CLLCTN,1900-01-01,9999-12-31,0
ACCNTNG_CLSSFCTN_41,ACCNTNG_CLSSFCTN_ANCRDT_CLLCTN,1900-01-01,9999-12-31,0
ACCNTNG_CLSSFCTN_48,ACCNTNG_CLSSFCTN_ANCRDT_CLLCTN,1900-01-01,9999-12-31,0
ACCNTNG_CLSSFCTN_45,ACCNTNG_CLSSFCTN_ANCRDT_CLLCTN,1900-01-01,9999-12-31,0
ACCNTNG_CLSSFCTN_10,ACCNTNG_CLSSFCTN_ANCRDT_CLLCTN,1900-01-01,9999-12-31,0
PRTCTN_VLTN_APPRCH_3,PRTCTN_VLTN_APPRCH_ANCRDT_CLLCTN,1900-01-01,9999-12-31,0
PRTCTN_VLTN_APPRCH_5,PRTCTN_VLTN_APPRCH_ANCRDT_CLLCTN,1900-01-01,9999-12-31,0
PRTCTN_VLTN_APPRCH_2,PRTCTN_VLTN_APPRCH_ANCRDT_CLLCTN,1900-01-01,9999-12-31,0
PRTCTN_VLTN_APPRCH_1,PRTCTN_VLTN_APPRCH_ANCRDT_CLLCTN,1900-01-01,9999-12-31,0
PRTCTN_VLTN_APPRCH_4,PRTCTN_VLTN_APPRCH_ANCRDT_CLLCTN,1900-01-01,9999-12-31,0
IMPRMNT_ASSSSMNT_MTHD_2,IMPRMNT_ASSSSMNT_MTHD_ANCRDT_CLLCTN,1900-01-01,9999-12-31,0
IMPRMNT_ASSSSMNT_MTHD_1,IMPRMNT_ASSSSMNT_MTHD_ANCRDT_CLLCTN,1900-01-01,9999-12-31,0